Year,Week,date,group,ILI,N,ILI_per_100k,positivity,Season,percentage_h3,Influenza_cases,ILIplus
2023,1,2023-01-08,1-4,557.150113,2498431,22.3,0.19,2022 to 2023,0.6195652173913044,105.85852147000001,65.58625786728263
2023,2,2023-01-15,1-4,339.786616,2498431,13.600000000000001,0.08900000000000001,2022 to 2023,0.5581395348837209,30.241008824,16.878702599441862
2023,3,2023-01-22,1-4,204.87134199999997,2498431,8.199999999999998,0.035,2022 to 2023,0.4736842105263158,7.170496969999999,3.3965511963157895
2023,4,2023-01-29,1-4,157.401153,2498431,6.3,0.034,2022 to 2023,0.42857142857142855,5.351639202,2.293559658
2023,5,2023-02-05,1-4,159.899584,2498431,6.4,0.025,2022 to 2023,0.2631578947368421,3.9974896,1.0519709473684211
2023,6,2023-02-12,1-4,177.38860099999997,2498431,7.099999999999999,0.018000000000000002,2022 to 2023,0.125,3.192994818,0.39912435225
2023,7,2023-02-19,1-4,154.90272199999998,2498431,6.199999999999999,0.023,2022 to 2023,0.05,3.5627626059999997,0.1781381303
2023,8,2023-02-26,1-4,139.912136,2498431,5.6,0.028999999999999998,2022 to 2023,0.10526315789473684,4.057451943999999,0.4271002046315789
2023,9,2023-03-05,1-4,132.416843,2498431,5.300000000000001,0.019999999999999997,2022 to 2023,0.11764705882352942,2.6483368599999997,0.3115690423529412
2023,10,2023-03-12,1-4,127.41998099999998,2498431,5.099999999999999,0.024,2022 to 2023,0.11111111111111112,3.0580795439999995,0.339786616
2023,11,2023-03-19,1-4,134.915274,2498431,5.4,0.027000000000000007,2022 to 2023,0.05555555555555556,3.6427123980000014,0.2023729110000001
2023,12,2023-03-26,1-4,124.92155,2498431,5,0.019999999999999997,2022 to 2023,0.06666666666666667,2.4984309999999996,0.16656206666666665
2023,13,2023-04-02,1-4,109.930964,2498431,4.4,0.019999999999999997,2022 to 2023,0,2.1986192799999995,0
2023,14,2023-04-09,1-4,64.959206,2498431,2.5999999999999996,0.009999999999999998,2022 to 2023,0,0.6495920599999998,0
2023,15,2023-04-16,1-4,67.457637,2498431,2.7,0.013000000000000001,2022 to 2023,0,0.8769492810000001,0
2023,16,2023-04-23,1-4,74.95293,2498431,2.9999999999999996,0.011000000000000001,2022 to 2023,0,0.82448223,0
2023,17,2023-04-30,1-4,54.965482,2498431,2.2,0.013999999999999997,2022 to 2023,0,0.7695167479999998,0
2023,18,2023-05-07,1-4,44.971758,2498431,1.7999999999999998,0.009999999999999998,2022 to 2023,0,0.44971757999999995,0
2023,19,2023-05-14,1-4,19.987448,2498431,0.8,0.004,2022 to 2023,0,0.079949792,0
2023,20,2023-05-21,1-4,29.981171999999997,2498431,1.2,0.006,2022 to 2023,0,0.17988703199999997,0
2023,21,2023-05-28,1-4,19.987448,2498431,0.8,0.008,2022 to 2023,0.2,0.159899584,0.0319799168
2023,22,2023-06-04,1-4,12.492154999999999,2498431,0.4999999999999999,0.003,2022 to 2023,0.3333333333333333,0.037476464999999994,0.012492154999999998
2023,23,2023-06-11,1-4,17.489017,2498431,0.7,0.004,2022 to 2023,0.5,0.06995606800000001,0.034978034000000005
2023,24,2023-06-18,1-4,22.485879,2498431,0.8999999999999999,0.002,2022 to 2023,0.5,0.044971758,0.022485879
2023,25,2023-06-25,1-4,14.990585999999999,2498431,0.6,0.006,2022 to 2023,0.25,0.08994351599999999,0.022485878999999997
2023,26,2023-07-02,1-4,17.489017,2498431,0.7,0,2022 to 2023,0.3333333333333333,0,0
2023,27,2023-07-09,1-4,24.984309999999997,2498431,0.9999999999999998,0.002,2023 to 2024,0.25,0.04996862,0.012492155
2023,28,2023-07-16,1-4,24.984309999999997,2498431,0.9999999999999998,0.004,2023 to 2024,0.3333333333333333,0.09993724,0.03331241333333333
2023,29,2023-07-23,1-4,44.971758,2498431,1.7999999999999998,0.008,2023 to 2024,0.3333333333333333,0.359774064,0.119924688
2023,30,2023-07-30,1-4,34.978034,2498431,1.4,0.008,2023 to 2024,0.5,0.27982427200000004,0.13991213600000002
2023,31,2023-08-06,1-4,14.990585999999999,2498431,0.6,0.002,2023 to 2024,0.5,0.029981171999999997,0.014990585999999998
2023,32,2023-08-13,1-4,2.498431,2498431,0.1,0.004,2023 to 2024,0.25,0.009993724,0.002498431
2023,33,2023-08-20,1-4,14.990585999999999,2498431,0.6,0.002,2023 to 2024,0.25,0.029981171999999997,0.007495292999999999
2023,34,2023-08-27,1-4,9.993724,2498431,0.4,0.002,2023 to 2024,0.4,0.019987448,0.0079949792
2023,35,2023-09-03,1-4,7.495292999999999,2498431,0.3,0,2023 to 2024,0.6666666666666666,0,0
2023,36,2023-09-10,1-4,27.482741,2498431,1.1,0.006,2023 to 2024,0.6,0.164896446,0.09893786759999999
2023,37,2023-09-17,1-4,14.990585999999999,2498431,0.6,0.004,2023 to 2024,0.4999999999999999,0.059962343999999994,0.02998117199999999
2023,38,2023-09-24,1-4,39.974896,2498431,1.6,0.011000000000000001,2023 to 2024,0.6666666666666667,0.4397238560000001,0.2931492373333334
2023,39,2023-10-01,1-4,57.463913,2498431,2.3,0.004999999999999999,2023 to 2024,0.5,0.28731956499999994,0.14365978249999997
2023,40,2023-10-08,1-4,67.457637,2498431,2.7,0.008,2023 to 2024,0.37499999999999994,0.539661096,0.20237291099999996
2023,41,2023-10-15,1-4,82.448223,2498431,3.3,0.018000000000000002,2023 to 2024,0.28571428571428575,1.4840680140000002,0.4240194325714287
2023,42,2023-10-22,1-4,99.93723999999999,2498431,3.999999999999999,0.017,2023 to 2024,0.4285714285714286,1.69893308,0.7281141771428572
2023,43,2023-10-29,1-4,72.454499,2498431,2.9,0.013999999999999997,2023 to 2024,0.5714285714285715,1.0143629859999999,0.579635992
2023,44,2023-11-05,1-4,57.463913,2498431,2.3,0.018000000000000002,2023 to 2024,0.4444444444444444,1.034350434,0.459711304
2023,45,2023-11-12,1-4,107.43253299999998,2498431,4.299999999999999,0.019999999999999997,2023 to 2024,0.5555555555555556,2.148650659999999,1.1936948111111105
2023,46,2023-11-19,1-4,149.90586,2498431,5.999999999999999,0.013000000000000001,2023 to 2024,0.6,1.94877618,1.169265708
2023,47,2023-11-26,1-4,87.445085,2498431,3.5,0.019,2023 to 2024,0.7,1.661456615,1.1630196305
2023,48,2023-12-03,1-4,112.429395,2498431,4.5,0.023,2023 to 2024,0.588235294117647,2.5858760849999998,1.5211035794117644
2023,49,2023-12-10,1-4,122.42311900000001,2498431,4.900000000000001,0.057999999999999996,2023 to 2024,0.6129032258064515,7.1005409020000005,4.351944423806451
2023,50,2023-12-17,1-4,147.407429,2498431,5.9,0.12400000000000001,2023 to 2024,0.6326530612244897,18.278521196000003,11.563962389306123
2023,51,2023-12-24,1-4,209.86820400000002,2498431,8.4,0.128,2023 to 2024,0.5769230769230769,26.863130112000004,15.497959680000001
2023,52,2023-12-31,1-4,119.92468799999999,2498431,4.8,0.133,2023 to 2024,0.5625000000000001,15.949983503999999,8.971865721
2024,1,2024-01-07,1-4,107.43253299999998,2498431,4.299999999999999,0.098,2023 to 2024,0.5365853658536585,10.528388233999998,5.649379052390242
2024,2,2024-01-14,1-4,122.42311900000001,2498431,4.900000000000001,0.11599999999999999,2023 to 2024,0.5,14.201081804000001,7.1005409020000005
2024,3,2024-01-21,1-4,177.38860099999997,2498431,7.099999999999999,0.151,2023 to 2024,0.5,26.785678750999995,13.392839375499998
2024,4,2024-01-28,1-4,277.325841,2498431,11.100000000000001,0.183,2023 to 2024,0.49438202247191015,50.750628903000006,25.090198558786522
2024,5,2024-02-04,1-4,374.76464999999996,2498431,14.999999999999996,0.166,2023 to 2024,0.5308641975308642,62.2109319,33.02555644074074
2024,6,2024-02-11,1-4,272.328979,2498431,10.9,0.158,2023 to 2024,0.5211267605633803,43.027978682000004,22.423031144140847
2024,7,2024-02-18,1-4,247.344669,2498431,9.9,0.12000000000000001,2023 to 2024,0.4827586206896551,29.681360280000003,14.328932548965517
2024,8,2024-02-25,1-4,137.413705,2498431,5.5,0.091,2023 to 2024,0.45454545454545453,12.504647154999999,5.683930524999999
2024,9,2024-03-03,1-4,164.896446,2498431,6.6,0.07,2023 to 2024,0.4571428571428572,11.542751220000001,5.276686272000001
2024,10,2024-03-10,1-4,117.426257,2498431,4.7,0.051,2023 to 2024,0.3888888888888889,5.988739107,2.3289540971666667
2024,11,2024-03-17,1-4,134.915274,2498431,5.4,0.059000000000000004,2023 to 2024,0.393939393939394,7.960001166000001,3.13575803509091
2024,12,2024-03-24,1-4,74.95293,2498431,2.9999999999999996,0.039999999999999994,2023 to 2024,0.3076923076923077,2.9981171999999994,0.9224975999999998
2024,13,2024-03-31,1-4,49.968619999999994,2498431,1.9999999999999996,0.037000000000000005,2023 to 2024,0.3157894736842105,1.84883894,0.5838438757894736
2024,14,2024-04-07,1-4,57.463913,2498431,2.3,0.025,2023 to 2024,0.3333333333333333,1.436597825,0.47886594166666663
2024,15,2024-04-14,1-4,37.476465,2498431,1.4999999999999998,0.034,2023 to 2024,0.37499999999999994,1.27419981,0.47782492874999993
2024,16,2024-04-21,1-4,27.482741,2498431,1.1,0.023,2023 to 2024,0.3333333333333333,0.632103043,0.21070101433333333
2024,17,2024-04-28,1-4,22.485879,2498431,0.8999999999999999,0.009999999999999998,2023 to 2024,0.26666666666666666,0.22485878999999998,0.059962343999999994
2024,18,2024-05-05,1-4,22.485879,2498431,0.8999999999999999,0.021,2023 to 2024,0.3333333333333333,0.47220345900000005,0.15740115300000002
2024,19,2024-05-12,1-4,24.984309999999997,2498431,0.9999999999999998,0.019,2023 to 2024,0.23076923076923075,0.47470188999999996,0.10954658999999999
2024,20,2024-05-19,1-4,19.987448,2498431,0.8,0.017,2023 to 2024,0.3,0.33978661600000004,0.1019359848
2024,21,2024-05-26,1-4,34.978034,2498431,1.4,0.013000000000000001,2023 to 2024,0.2857142857142857,0.45471444200000005,0.129918412
2024,22,2024-06-02,1-4,37.476465,2498431,1.4999999999999998,0.008,2023 to 2024,0.4,0.29981172,0.119924688
2024,23,2024-06-09,1-4,34.978034,2498431,1.4,0.003,2023 to 2024,0.25,0.104934102,0.0262335255
2024,24,2024-06-16,1-4,37.476465,2498431,1.4999999999999998,0.009000000000000001,2023 to 2024,0.25,0.337288185,0.08432204625
2024,25,2024-06-23,1-4,37.476465,2498431,1.4999999999999998,0.004999999999999999,2023 to 2024,0.5,0.18738232499999996,0.09369116249999998
2024,26,2024-06-30,1-4,24.984309999999997,2498431,0.9999999999999998,0.002,2023 to 2024,0.3333333333333333,0.04996862,0.016656206666666666
2024,27,2024-07-07,1-4,24.984309999999997,2498431,0.9999999999999998,0.004999999999999999,2024 to 2025,0.25,0.12492154999999996,0.03123038749999999
2024,28,2024-07-14,1-4,39.974896,2498431,1.6,0.009999999999999998,2024 to 2025,0.5,0.39974895999999993,0.19987447999999997
2024,29,2024-07-21,1-4,32.479603,2498431,1.2999999999999998,0.016,2024 to 2025,0.5555555555555556,0.5196736479999999,0.2887075822222222
2024,30,2024-07-28,1-4,22.485879,2498431,0.8999999999999999,0.006999999999999998,2024 to 2025,0.5714285714285715,0.15740115299999996,0.08994351599999999
2024,31,2024-08-04,1-4,22.485879,2498431,0.8999999999999999,0.009000000000000001,2024 to 2025,0.7,0.20237291100000002,0.1416610377
2024,32,2024-08-11,1-4,2.498431,2498431,0.1,0.009000000000000001,2024 to 2025,1,0.022485879000000004,0.022485879000000004
2024,33,2024-08-18,1-4,22.485879,2498431,0.8999999999999999,0.006999999999999998,2024 to 2025,0.4,0.15740115299999996,0.06296046119999998
2024,34,2024-08-25,1-4,14.990585999999999,2498431,0.6,0.013999999999999997,2024 to 2025,0.4,0.20986820399999992,0.08394728159999998
2024,35,2024-09-01,1-4,14.990585999999999,2498431,0.6,0.004,2024 to 2025,0.5,0.059962343999999994,0.029981171999999997
2024,36,2024-09-08,1-4,17.489017,2498431,0.7,0.012,2024 to 2025,0.5,0.209868204,0.104934102
2024,37,2024-09-15,1-4,22.485879,2498431,0.8999999999999999,0.006999999999999998,2024 to 2025,0.5,0.15740115299999996,0.07870057649999998
2024,38,2024-09-22,1-4,74.95293,2498431,2.9999999999999996,0.012,2024 to 2025,0.4285714285714286,0.89943516,0.38547221142857147
2024,39,2024-09-29,1-4,52.467051000000005,2498431,2.1,0.016,2024 to 2025,0.2222222222222222,0.8394728160000001,0.1865495146666667
2024,40,2024-10-06,1-4,54.965482,2498431,2.2,0.030000000000000002,2024 to 2025,0.625,1.6489644600000002,1.0306027875000001
2024,41,2024-10-13,1-4,64.959206,2498431,2.5999999999999996,0.036000000000000004,2024 to 2025,0.375,2.338531416,0.8769492809999999
2024,42,2024-10-20,1-4,104.93410200000001,2498431,4.2,0.019,2024 to 2025,0.36363636363636365,1.993747938,0.7249992501818182
2024,43,2024-10-27,1-4,107.43253299999998,2498431,4.299999999999999,0.032,2024 to 2025,0.23529411764705882,3.4378410559999995,0.8089037778823528
2024,44,2024-11-03,1-4,99.93723999999999,2498431,3.999999999999999,0.027999999999999994,2024 to 2025,0.3571428571428571,2.798242719999999,0.9993723999999995
2024,45,2024-11-10,1-4,47.470189,2498431,1.8999999999999997,0.022000000000000002,2024 to 2025,0.25000000000000006,1.0443441580000001,0.2610860395000001
2024,46,2024-11-17,1-4,117.426257,2498431,4.7,0.045,2024 to 2025,0.3,5.284181565,1.5852544695
2024,47,2024-11-24,1-4,164.896446,2498431,6.6,0.063,2024 to 2025,0.22500000000000003,10.388476098,2.33740712205
2024,48,2024-12-01,1-4,274.82741,2498431,11,0.079,2024 to 2025,0.18749999999999997,21.711365389999997,4.070881010624999
2024,49,2024-12-08,1-4,277.325841,2498431,11.100000000000001,0.126,2024 to 2025,0.08888888888888889,34.943055966,3.1060494192000005
2024,50,2024-12-15,1-4,472.20345899999995,2498431,18.9,0.185,2024 to 2025,0.06382978723404255,87.357639915,5.576019569042552
2024,51,2024-12-22,1-4,854.4634020000001,2498431,34.2,0.25,2024 to 2025,0.06481481481481481,213.61585050000002,13.845471791666668
2024,52,2024-12-29,1-4,617.112457,2498431,24.7,0.289,2024 to 2025,0.07766990291262135,178.34550007299998,13.852077675572813
2025,2,2025-01-12,1-4,654.588922,2498431,26.200000000000003,0.192,2024 to 2025,0.07407407407407407,125.68107302400001,9.30970911288889
2025,3,2025-01-19,1-4,699.56068,2498431,28,0.2,2024 to 2025,0.08695652173913045,139.912136,12.166272695652175
2025,4,2025-01-26,1-4,659.585784,2498431,26.4,0.18600000000000003,2024 to 2025,0.12195121951219513,122.68295582400002,14.961336076097565
2025,5,2025-02-02,1-4,664.5826460000001,2498431,26.600000000000005,0.166,2024 to 2025,0.16470588235294117,110.32071923600002,18.170471403576475
2025,6,2025-02-09,1-4,517.175217,2498431,20.7,0.125,2024 to 2025,0.1395348837209302,64.646902125,9.020497970930231
2025,7,2025-02-16,1-4,392.25366699999995,2498431,15.699999999999998,0.12900000000000003,2024 to 2025,0.15584415584415584,50.60072304300001,7.885826967740261
2025,8,2025-02-23,1-4,322.29759900000005,2498431,12.900000000000002,0.096,2024 to 2025,0.1728395061728395,30.940569504000006,5.347752753777779
2025,10,2025-03-09,1-4,277.325841,2498431,11.100000000000001,0.075,2024 to 2025,0.16666666666666666,20.799438075,3.4665730125
2025,11,2025-03-16,1-4,209.86820400000002,2498431,8.4,0.09400000000000001,2024 to 2025,0.2586206896551724,19.727611176000003,5.101968407586207
2025,12,2025-03-23,1-4,167.39487699999998,2498431,6.699999999999999,0.059000000000000004,2024 to 2025,0.22000000000000003,9.876297743,2.1727855034600005
2025,13,2025-03-30,1-4,169.893308,2498431,6.800000000000001,0.060000000000000005,2024 to 2025,0.18367346938775508,10.19359848,1.8722935983673468
2025,14,2025-04-06,1-4,139.912136,2498431,5.6,0.039999999999999994,2024 to 2025,0.2647058823529412,5.5964854399999995,1.4814226164705881
2025,15,2025-04-13,1-4,119.92468799999999,2498431,4.8,0.036000000000000004,2024 to 2025,0.3,4.317288768,1.2951866304
2025,16,2025-04-20,1-4,47.470189,2498431,1.8999999999999997,0.027000000000000007,2024 to 2025,0.22727272727272727,1.2816951030000003,0.29129434159090917
2025,17,2025-04-27,1-4,47.470189,2498431,1.8999999999999997,0.019,2024 to 2025,0.3333333333333333,0.9019335909999999,0.30064453033333327
2025,18,2025-05-04,1-4,52.467051000000005,2498431,2.1,0.012,2024 to 2025,0.4666666666666666,0.6296046120000001,0.2938154856
2025,19,2025-05-11,1-4,24.984309999999997,2498431,0.9999999999999998,0.009000000000000001,2024 to 2025,0.36363636363636365,0.22485879,0.08176683272727273
2025,20,2025-05-18,1-4,49.968619999999994,2498431,1.9999999999999996,0.004,2024 to 2025,0.22222222222222227,0.19987448,0.04441655111111112
2025,21,2025-05-25,1-4,37.476465,2498431,1.4999999999999998,0.006,2024 to 2025,0.27272727272727276,0.22485879,0.06132512454545455
2025,22,2025-06-01,1-4,39.974896,2498431,1.6,0.006,2024 to 2025,0.375,0.239849376,0.089943516
2025,23,2025-06-08,1-4,39.974896,2498431,1.6,0.002,2024 to 2025,0.25,0.079949792,0.019987448
2025,24,2025-06-15,1-4,12.492154999999999,2498431,0.4999999999999999,0.009999999999999998,2024 to 2025,0.3333333333333333,0.12492154999999996,0.041640516666666655
2025,25,2025-06-22,1-4,29.981171999999997,2498431,1.2,0.008,2024 to 2025,0.33333333333333337,0.23984937599999998,0.079949792
2025,26,2025-06-29,1-4,14.990585999999999,2498431,0.6,0.004999999999999999,2024 to 2025,0.4,0.07495292999999999,0.029981171999999997
2025,27,2025-07-06,1-4,12.492154999999999,2498431,0.4999999999999999,0.009000000000000001,2025 to 2026,0,0.112429395,0
2025,28,2025-07-13,1-4,32.479603,2498431,1.2999999999999998,0.009000000000000001,2025 to 2026,0.33333333333333337,0.292316427,0.097438809
2025,29,2025-07-20,1-4,12.492154999999999,2498431,0.4999999999999999,0.002,2025 to 2026,0.4,0.02498431,0.009993724
2025,30,2025-07-27,1-4,17.489017,2498431,0.7,0.004999999999999999,2025 to 2026,0.14285714285714288,0.08744508499999999,0.012492155000000001
2025,31,2025-08-03,1-4,12.492154999999999,2498431,0.4999999999999999,0.008,2025 to 2026,0.25,0.09993724,0.02498431
2025,32,2025-08-10,1-4,19.987448,2498431,0.8,0.004999999999999999,2025 to 2026,0.4285714285714286,0.09993723999999998,0.04283024571428571
2025,33,2025-08-17,1-4,27.482741,2498431,1.1,0.004999999999999999,2025 to 2026,0.25,0.13741370499999997,0.03435342624999999
2025,34,2025-08-24,1-4,0,2498431,0,0.003,2025 to 2026,0.37499999999999994,0,0
2025,35,2025-08-31,1-4,17.489017,2498431,0.7,0.021,2025 to 2026,0.35714285714285715,0.367269357,0.13116762750000002
2025,36,2025-09-07,1-4,17.489017,2498431,0.7,0.009000000000000001,2025 to 2026,0.5714285714285714,0.15740115300000002,0.089943516
2025,37,2025-09-14,1-4,17.489017,2498431,0.7,0.004,2025 to 2026,0.5,0.06995606800000001,0.034978034000000005
2025,38,2025-09-21,1-4,69.956068,2498431,2.8,0.006,2025 to 2026,0.6000000000000001,0.419736408,0.25184184480000005
2025,39,2025-09-28,1-4,62.460775,2498431,2.5,0.027000000000000007,2025 to 2026,0.5,1.6864409250000003,0.8432204625000002
2025,40,2025-10-05,1-4,79.949792,2498431,3.2,0.032,2025 to 2026,0.6470588235294118,2.558393344,1.6554309872941178
2025,41,2025-10-12,1-4,117.426257,2498431,4.7,0.061,2025 to 2026,0.6818181818181819,7.1630016770000005,4.883864779772728
2025,42,2025-10-19,1-4,179.887032,2498431,7.199999999999999,0.07999999999999999,2025 to 2026,0.7540983606557377,14.390962559999998,10.852201274754096
2025,43,2025-10-26,1-4,257.338393,2498431,10.3,0.106,2025 to 2026,0.8571428571428571,27.277869658,23.38103113542857
2025,44,2025-11-02,1-4,329.792892,2498431,13.2,0.153,2025 to 2026,0.9242424242424242,50.458312475999996,46.63571304599999
2023,1,2023-01-08,5-14,1557.310688,6983456,22.3,0.18899999999999997,2022 to 2023,0.6195652173913044,294.33172003199996,182.3576961067826
2023,2,2023-01-15,5-14,949.7500159999998,6983456,13.599999999999998,0.07300000000000001,2022 to 2023,0.5581395348837209,69.331751168,38.696791349581396
2023,3,2023-01-22,5-14,572.643392,6983456,8.2,0.049999999999999996,2022 to 2023,0.4736842105263158,28.632169599999994,13.562606652631576
2023,4,2023-01-29,5-14,439.957728,6983456,6.3,0.03,2022 to 2023,0.42857142857142855,13.198731839999999,5.6565993599999995
2023,5,2023-02-05,5-14,446.9411840000001,6983456,6.400000000000001,0.04299999999999999,2022 to 2023,0.2631578947368421,19.218470911999997,5.057492345263157
2023,6,2023-02-12,5-14,495.82537599999995,6983456,7.099999999999999,0.04599999999999999,2022 to 2023,0.125,22.807967295999994,2.8509959119999992
2023,7,2023-02-19,5-14,432.974272,6983456,6.199999999999999,0.04299999999999999,2022 to 2023,0.05,18.617893695999996,0.9308946847999998
2023,8,2023-02-26,5-14,391.07353600000005,6983456,5.6000000000000005,0.026,2022 to 2023,0.10526315789473684,10.167911936000001,1.0703065195789474
2023,9,2023-03-05,5-14,370.123168,6983456,5.300000000000001,0.031,2022 to 2023,0.11764705882352942,11.473818208,1.349860965647059
2023,10,2023-03-12,5-14,356.156256,6983456,5.1000000000000005,0.03600000000000001,2022 to 2023,0.11111111111111112,12.821625216000003,1.4246250240000005
2023,11,2023-03-19,5-14,377.106624,6983456,5.3999999999999995,0.031,2022 to 2023,0.05555555555555556,11.690305344,0.6494614080000001
2023,12,2023-03-26,5-14,349.1728,6983456,5,0.031,2022 to 2023,0.06666666666666667,10.8243568,0.7216237866666667
2023,13,2023-04-02,5-14,307.272064,6983456,4.3999999999999995,0.031999999999999994,2022 to 2023,0,9.832706047999999,0
2023,14,2023-04-09,5-14,181.56985600000002,6983456,2.6,0.026,2022 to 2023,0,4.720816256,0
2023,15,2023-04-16,5-14,188.553312,6983456,2.6999999999999997,0.011000000000000001,2022 to 2023,0,2.074086432,0
2023,16,2023-04-23,5-14,209.50367999999997,6983456,2.9999999999999996,0.006000000000000001,2022 to 2023,0,1.25702208,0
2023,17,2023-04-30,5-14,153.636032,6983456,2.1999999999999997,0.015,2022 to 2023,0,2.30454048,0
2023,18,2023-05-07,5-14,125.702208,6983456,1.8,0.027999999999999997,2022 to 2023,0,3.5196618239999995,0
2023,19,2023-05-14,5-14,55.86764800000001,6983456,0.8000000000000002,0.006000000000000001,2022 to 2023,0,0.3352058880000001,0
2023,20,2023-05-21,5-14,83.80147199999999,6983456,1.2,0.0030000000000000005,2022 to 2023,0,0.251404416,0
2023,21,2023-05-28,5-14,55.86764800000001,6983456,0.8000000000000002,0.0030000000000000005,2022 to 2023,0.2,0.16760294400000006,0.033520588800000015
2023,22,2023-06-04,5-14,34.917280000000005,6983456,0.5000000000000001,0.003999999999999999,2022 to 2023,0.3333333333333333,0.13966911999999998,0.046556373333333324
2023,23,2023-06-11,5-14,48.884192000000006,6983456,0.7000000000000001,0,2022 to 2023,0.5,0,0
2023,24,2023-06-18,5-14,62.851104,6983456,0.9,0.003999999999999999,2022 to 2023,0.5,0.25140441599999996,0.12570220799999998
2023,25,2023-06-25,5-14,41.900735999999995,6983456,0.6,0,2022 to 2023,0.25,0,0
2023,26,2023-07-02,5-14,41.900735999999995,6983456,0.6,0,2022 to 2023,0.3333333333333333,0,0
2023,27,2023-07-09,5-14,20.950367999999997,6983456,0.3,0.009000000000000003,2023 to 2024,0.25,0.18855331200000003,0.04713832800000001
2023,28,2023-07-16,5-14,20.950367999999997,6983456,0.3,0.013999999999999999,2023 to 2024,0.3333333333333333,0.29330515199999996,0.09776838399999999
2023,29,2023-07-23,5-14,20.950367999999997,6983456,0.3,0.013999999999999999,2023 to 2024,0.3333333333333333,0.29330515199999996,0.09776838399999999
2023,30,2023-07-30,5-14,6.983456000000001,6983456,0.10000000000000002,0,2023 to 2024,0.5,0,0
2023,31,2023-08-06,5-14,13.966912000000002,6983456,0.20000000000000004,0.015999999999999997,2023 to 2024,0.5,0.223470592,0.111735296
2023,32,2023-08-13,5-14,13.966912000000002,6983456,0.20000000000000004,0.005,2023 to 2024,0.25,0.06983456000000002,0.017458640000000004
2023,33,2023-08-20,5-14,6.983456000000001,6983456,0.10000000000000002,0.006000000000000001,2023 to 2024,0.25,0.041900736000000015,0.010475184000000004
2023,34,2023-08-27,5-14,13.966912000000002,6983456,0.20000000000000004,0.006000000000000001,2023 to 2024,0.4,0.08380147200000003,0.033520588800000015
2023,35,2023-09-03,5-14,27.933824000000005,6983456,0.4000000000000001,0,2023 to 2024,0.6666666666666666,0,0
2023,36,2023-09-10,5-14,34.917280000000005,6983456,0.5000000000000001,0.013,2023 to 2024,0.6,0.45392464000000005,0.272354784
2023,37,2023-09-17,5-14,69.83456000000001,6983456,1.0000000000000002,0.011000000000000001,2023 to 2024,0.4999999999999999,0.7681801600000002,0.38409008
2023,38,2023-09-24,5-14,125.702208,6983456,1.8,0.01,2023 to 2024,0.6666666666666667,1.25702208,0.8380147200000001
2023,39,2023-10-01,5-14,132.68566399999997,6983456,1.8999999999999995,0.009000000000000003,2023 to 2024,0.5,1.194170976,0.597085488
2023,40,2023-10-08,5-14,111.73529600000002,6983456,1.6000000000000003,0.018000000000000006,2023 to 2024,0.37499999999999994,2.011235328000001,0.7542132480000002
2023,41,2023-10-15,5-14,146.652576,6983456,2.1,0.019,2023 to 2024,0.28571428571428575,2.786398944,0.7961139840000001
2023,42,2023-10-22,5-14,146.652576,6983456,2.1,0.012000000000000002,2023 to 2024,0.4285714285714286,1.7598309120000004,0.7542132480000002
2023,43,2023-10-29,5-14,118.71875199999998,6983456,1.6999999999999997,0.013,2023 to 2024,0.5714285714285715,1.5433437759999997,0.8819107291428571
2023,44,2023-11-05,5-14,97.76838400000001,6983456,1.4000000000000001,0.015,2023 to 2024,0.4444444444444444,1.4665257600000001,0.6517892266666667
2023,45,2023-11-12,5-14,160.619488,6983456,2.3,0.037000000000000005,2023 to 2024,0.5555555555555556,5.942921056,3.3016228088888893
2023,46,2023-11-19,5-14,146.652576,6983456,2.1,0.03300000000000001,2023 to 2024,0.6,4.839535008000001,2.903721004800001
2023,47,2023-11-26,5-14,223.47059200000004,6983456,3.2000000000000006,0.024999999999999998,2023 to 2024,0.7,5.5867648,3.91073536
2023,48,2023-12-03,5-14,244.42095999999998,6983456,3.4999999999999996,0.04,2023 to 2024,0.588235294117647,9.776838399999999,5.751081411764704
2023,49,2023-12-10,5-14,279.33824000000004,6983456,4.000000000000001,0.08800000000000001,2023 to 2024,0.6129032258064515,24.581765120000007,15.066243138064518
2023,50,2023-12-17,5-14,300.28860799999995,6983456,4.3,0.131,2023 to 2024,0.6326530612244897,39.337807647999995,24.88718443036734
2023,51,2023-12-24,5-14,335.20588799999996,6983456,4.8,0.14800000000000002,2023 to 2024,0.5769230769230769,49.610471424000004,28.621425821538462
2023,52,2023-12-31,5-14,174.5864,6983456,2.5,0.08999999999999998,2023 to 2024,0.5625000000000001,15.712775999999996,8.8384365
2024,1,2024-01-07,5-14,209.50367999999997,6983456,2.9999999999999996,0.076,2023 to 2024,0.5365853658536585,15.922279679999997,8.543662267317071
2024,2,2024-01-14,5-14,230.454048,6983456,3.3000000000000003,0.09699999999999998,2023 to 2024,0.5,22.354042655999994,11.177021327999997
2024,3,2024-01-21,5-14,398.05699200000004,6983456,5.7,0.153,2023 to 2024,0.5,60.902719776000005,30.451359888000002
2024,4,2024-01-28,5-14,642.477952,6983456,9.2,0.20999999999999996,2023 to 2024,0.49438202247191015,134.92036991999996,66.70220535370785
2024,5,2024-02-04,5-14,565.659936,6983456,8.1,0.162,2023 to 2024,0.5308641975308642,91.63690963200001,48.64675449600001
2024,6,2024-02-11,5-14,551.6930239999999,6983456,7.899999999999999,0.153,2023 to 2024,0.5211267605633803,84.40903267199998,43.98780575864787
2024,7,2024-02-18,5-14,384.09007999999994,6983456,5.499999999999999,0.11199999999999999,2023 to 2024,0.4827586206896551,43.018088959999986,20.76735329103447
2024,8,2024-02-25,5-14,342.189344,6983456,4.8999999999999995,0.083,2023 to 2024,0.45454545454545453,28.401715552000002,12.909870705454546
2024,9,2024-03-03,5-14,293.305152,6983456,4.2,0.07400000000000001,2023 to 2024,0.4571428571428572,21.704581248000004,9.922094284800002
2024,10,2024-03-10,5-14,230.454048,6983456,3.3000000000000003,0.063,2023 to 2024,0.3888888888888889,14.518605024,5.646124176
2024,11,2024-03-17,5-14,293.305152,6983456,4.2,0.06,2023 to 2024,0.393939393939394,17.59830912,6.932667229090909
2024,12,2024-03-24,5-14,300.28860799999995,6983456,4.3,0.057,2023 to 2024,0.3076923076923077,17.116450655999998,5.2666002018461535
2024,13,2024-03-31,5-14,174.5864,6983456,2.5,0.04800000000000001,2023 to 2024,0.3157894736842105,8.380147200000001,2.6463622736842107
2024,14,2024-04-07,5-14,111.73529600000002,6983456,1.6000000000000003,0.033999999999999996,2023 to 2024,0.3333333333333333,3.7990000640000003,1.2663333546666666
2024,15,2024-04-14,5-14,111.73529600000002,6983456,1.6000000000000003,0.009000000000000003,2023 to 2024,0.37499999999999994,1.0056176640000005,0.3771066240000001
2024,16,2024-04-21,5-14,83.80147199999999,6983456,1.2,0.034999999999999996,2023 to 2024,0.3333333333333333,2.9330515199999994,0.9776838399999997
2024,17,2024-04-28,5-14,111.73529600000002,6983456,1.6000000000000003,0.024000000000000004,2023 to 2024,0.26666666666666666,2.681647104000001,0.7151058944000003
2024,18,2024-05-05,5-14,139.66912000000002,6983456,2.0000000000000004,0.038,2023 to 2024,0.3333333333333333,5.307426560000001,1.7691421866666668
2024,19,2024-05-12,5-14,118.71875199999998,6983456,1.6999999999999997,0.038,2023 to 2024,0.23076923076923075,4.511312575999999,1.0410721329230765
2024,20,2024-05-19,5-14,83.80147199999999,6983456,1.2,0.013999999999999999,2023 to 2024,0.3,1.1732206079999998,0.35196618239999994
2024,21,2024-05-26,5-14,76.818016,6983456,1.0999999999999999,0.011000000000000001,2023 to 2024,0.2857142857142857,0.844998176,0.2414280502857143
2024,22,2024-06-02,5-14,27.933824000000005,6983456,0.4000000000000001,0.015999999999999997,2023 to 2024,0.4,0.446941184,0.1787764736
2024,23,2024-06-09,5-14,76.818016,6983456,1.0999999999999999,0.0030000000000000005,2023 to 2024,0.25,0.23045404800000005,0.05761351200000001
2024,24,2024-06-16,5-14,83.80147199999999,6983456,1.2,0.007999999999999998,2023 to 2024,0.25,0.6704117759999998,0.16760294399999995
2024,25,2024-06-23,5-14,69.83456000000001,6983456,1.0000000000000002,0.016999999999999998,2023 to 2024,0.5,1.18718752,0.59359376
2024,26,2024-06-30,5-14,69.83456000000001,6983456,1.0000000000000002,0,2023 to 2024,0.3333333333333333,0,0
2024,27,2024-07-07,5-14,41.900735999999995,6983456,0.6,4.313957950651306e-4,2024 to 2025,0.25,0.018075801320534136,0.004518950330133534
2024,28,2024-07-14,5-14,62.851104,6983456,0.9,0.01639604588690882,2024 to 2025,0.5,1.0305095852268784,0.5152547926134392
2024,29,2024-07-21,5-14,55.86764800000001,6983456,0.8000000000000002,0.00869023327210421,2024 to 2025,0.5555555555555556,0.48550289348380626,0.2697238297132257
2024,30,2024-07-28,5-14,27.933824000000005,6983456,0.4000000000000001,0.0033451166360521046,2024 to 2025,0.5714285714285715,0.09344189937095156,0.05339537106911518
2024,31,2024-08-04,5-14,20.950367999999997,6983456,0.3,7.765124311172352e-4,2024 to 2025,0.7,0.016268221188480727,0.011387754831936507
2024,32,2024-08-11,5-14,20.950367999999997,6983456,0.3,0.009000000000000001,2024 to 2025,1,0.188553312,0.188553312
2024,33,2024-08-18,5-14,13.966912000000002,6983456,0.20000000000000004,0.028929300183687372,2024 to 2025,0.4,0.40405298988714544,0.1616211959548582
2024,34,2024-08-25,5-14,27.933824000000005,6983456,0.4000000000000001,0.014913720840986973,2024 to 2025,0.4,0.41659725315726215,0.16663890126290487
2024,35,2024-09-01,5-14,13.966912000000002,6983456,0.20000000000000004,0.02318813766072645,2024 to 2025,0.5,0.32386667815125225,0.16193333907562613
2024,36,2024-09-08,5-14,27.933824000000005,6983456,0.4000000000000001,0.014741162522960921,2024 to 2025,0.5,0.4117770394717864,0.2058885197358932
2024,37,2024-09-15,5-14,27.933824000000005,6983456,0.4000000000000001,0.02344697513776553,2024 to 2025,0.5,0.6549636768307182,0.3274818384153591
2024,38,2024-09-22,5-14,83.80147199999999,6983456,1.2,0.013827441681973945,2024 to 2025,0.4285714285714286,1.1587599669435724,0.4966114144043882
2024,39,2024-09-29,5-14,125.702208,6983456,1.8,0.01874116252296092,2024 to 2025,0.2222222222222222,2.355805509623038,0.5235123354717862
2024,40,2024-10-06,5-14,104.75183999999999,6983456,1.4999999999999998,0.03274116252296093,2024 to 2025,0.625,3.429697018019199,2.1435606362619994
2024,41,2024-10-13,5-14,104.75183999999999,6983456,1.4999999999999998,0.02960395411309118,2024 to 2025,0.375,3.101068664621869,1.1629007492332009
2024,42,2024-10-20,5-14,118.71875199999998,6983456,1.6999999999999997,0.03818813766072645,2024 to 2025,0.36363636363636365,4.533648044285643,1.648599288831143
2024,43,2024-10-27,5-14,139.66912000000002,6983456,2.0000000000000004,0.06854883363947897,2024 to 2025,0.23529411764705882,9.574155271452426,2.2527424168123353
2024,44,2024-11-03,5-14,90.78492800000001,6983456,1.3,0.05906650859355711,2024 to 2025,0.3571428571428571,5.362348729877464,1.9151245463848083
2024,45,2024-11-10,5-14,132.68566399999997,6983456,1.8999999999999995,0.07682325045921841,2024 to 2025,0.25000000000000006,10.193343997819698,2.548335999454925
2024,46,2024-11-17,5-14,202.520224,6983456,2.9000000000000004,0.0970820879362575,2024 to 2025,0.3,19.661086195238568,5.89832585857157
2024,47,2024-11-24,5-14,237.43750399999996,6983456,3.3999999999999995,0.10594487952638779,2024 to 2025,0.22500000000000003,25.155287756326214,5.659939745173399
2024,48,2024-12-01,5-14,307.272064,6983456,4.3999999999999995,0.17219952578067133,2024 to 2025,0.18749999999999997,52.91210370644809,9.921019444959017
2024,49,2024-12-08,5-14,474.8750079999999,6983456,6.799999999999999,0.22102696746264527,2024 to 2025,0.08888888888888889,104.9601829420394,9.329794039292391
2024,50,2024-12-15,5-14,642.477952,6983456,9.2,0.2791132466216584,2024 to 2025,0.06382978723404255,179.324107065554,11.446219599928977
2024,51,2024-12-22,5-14,1005.617664,6983456,14.4,0.3194427839150101,2024 to 2025,0.06481481481481481,321.2373061422692,20.82093650922115
2024,52,2024-12-29,5-14,565.659936,6983456,8.1,0.36483882980191884,2024 to 2025,0.07766990291262135,206.37470911606832,16.0291036206655
2025,2,2025-01-12,5-14,824.0478080000001,6983456,11.800000000000002,0.2504781338231663,2024 to 2025,0.07407407407407407,206.4059571289109,15.289330157697103
2025,3,2025-01-19,5-14,977.6838399999999,6983456,13.999999999999998,0.25208208793625747,2024 to 2025,0.08695652173913045,246.45658372873785,21.431007280759815
2025,4,2025-01-26,5-14,1040.534944,6983456,14.9,0.21798022943454406,2024 to 2025,0.12195121951219513,226.81604582778047,27.660493393631768
2025,5,2025-02-02,5-14,844.9981760000001,6983456,12.100000000000001,0.2454937131658667,2024 to 2025,0.16470588235294117,207.44173984462458,34.16687479793816
2025,6,2025-02-09,5-14,726.2794240000001,6983456,10.4,0.21728580493968436,2024 to 2025,0.1395348837209302,157.81020925497032,22.020029198367947
2025,7,2025-02-16,5-14,488.84191999999996,6983456,6.999999999999999,0.16372139195750496,2024 to 2025,0.15584415584415584,80.03387958957927,12.472812403570796
2025,8,2025-02-23,5-14,363.13971200000003,6983456,5.2,0.1846309215757365,2024 to 2025,0.1728395061728395,67.04681968730755,11.58833920521365
2025,10,2025-03-09,5-14,363.13971200000003,6983456,5.2,0.13439185466415332,2024 to 2025,0.16666666666666666,48.803019397886494,8.133836566314415
2025,11,2025-03-16,5-14,356.156256,6983456,5.1000000000000005,0.1250665085935571,2024 to 2025,0.2586206896551724,44.543219451673124,11.519798134053392
2025,12,2025-03-23,5-14,377.106624,6983456,5.3999999999999995,0.10194487952638778,2024 to 2025,0.22000000000000003,38.444089352282816,8.457699657502221
2025,13,2025-03-30,5-14,328.222432,6983456,4.7,0.11939185466415331,2024 to 2025,0.18367346938775508,39.18708489885894,7.197627838565928
2025,14,2025-04-06,5-14,223.47059200000004,6983456,3.2000000000000006,0.06741162522960922,2024 to 2025,0.2647058823529412,15.064515797742912,3.987665946461359
2025,15,2025-04-13,5-14,139.66912000000002,6983456,2.0000000000000004,0.05244697513776554,2024 to 2025,0.3,7.325222864153593,2.197566859246078
2025,16,2025-04-20,5-14,55.86764800000001,6983456,0.8000000000000002,0.03796465009184368,2024 to 2025,0.22727272727272727,2.120995707774291,0.48204447903961156
2025,17,2025-04-27,5-14,55.86764800000001,6983456,0.8000000000000002,0.020827441681973948,2024 to 2025,0.3333333333333333,1.1635801806290487,0.3878600602096829
2025,18,2025-05-04,5-14,55.86764800000001,6983456,0.8000000000000002,0.024792091773817634,2024 to 2025,0.4666666666666666,1.3850758564033394,0.646368732988225
2025,19,2025-05-11,5-14,41.900735999999995,6983456,0.6,0.010827441681973951,2024 to 2025,0.36363636363636365,0.45367777547178645,0.16497373653519506
2025,20,2025-05-18,5-14,62.851104,6983456,0.9,0.004,2024 to 2025,0.22222222222222227,0.251404416,0.05586764800000001
2025,21,2025-05-25,5-14,90.78492800000001,6983456,1.3,0.016050929250856712,2024 to 2025,0.27272727272727276,1.4571824563721207,0.3974133971923966
2025,22,2025-06-01,5-14,20.950367999999997,6983456,0.3,0.005086279159013026,2024 to 2025,0.375,0.1065594201320534,0.039959782549520026
2025,23,2025-06-08,5-14,48.884192000000006,6983456,0.7000000000000001,0.012964650091843687,2024 to 2025,0.25,0.6337664443025045,0.15844161107562613
2025,24,2025-06-15,5-14,83.80147199999999,6983456,1.2,0.011827441681973947,2024 to 2025,0.3333333333333333,0.9911570229435726,0.33038567431452415
2025,25,2025-06-22,5-14,69.83456000000001,6983456,1.0000000000000002,6.90233272104209e-4,2024 to 2025,0.33333333333333337,0.048202136854757716,0.016067378951585908
2025,26,2025-06-29,5-14,55.86764800000001,6983456,0.8000000000000002,0.004086279159013026,2024 to 2025,0.4,0.2282908056854758,0.09131632227419033
2025,27,2025-07-06,5-14,34.917280000000005,6983456,0.5000000000000001,0.005345116636052104,2025 to 2026,0,0.18663693421368943,0
2025,28,2025-07-13,5-14,48.884192000000006,6983456,0.7000000000000001,7.765124311172352e-4,2025 to 2026,0.33333333333333337,0.0379591827731217,0.012653060924373901
2025,29,2025-07-20,5-14,62.851104,6983456,0.9,1.7255831802605225e-4,2025 to 2026,0.4,0.010845480792320485,0.004338192316928194
2025,30,2025-07-27,5-14,20.950367999999997,6983456,0.3,0.01505092925085671,2025 to 2026,0.14285714285714288,0.31532250654741234,0.045046072363916057
2025,31,2025-08-03,5-14,13.966912000000002,6983456,0.20000000000000004,0.0061725583180260515,2025 to 2026,0.25,0.08621157884273789,0.021552894710684473
2025,32,2025-08-10,5-14,20.950367999999997,6983456,0.3,0.01230976672789579,2025 to 2026,0.4285714285714286,0.25789414294357266,0.11052606126153115
2025,33,2025-08-17,5-14,13.966912000000002,6983456,0.20000000000000004,0.013223487568882763,2025 to 2026,0.25,0.18469128720767952,0.04617282180191988
2025,34,2025-08-24,5-14,20.950367999999997,6983456,0.3,0.006654883363947895,2025 to 2026,0.37499999999999994,0.1394222554717863,0.05228334580191985
2025,35,2025-08-31,5-14,13.966912000000002,6983456,0.20000000000000004,0.021913720840986976,2025 to 2026,0.35714285714285715,0.3060670105786311,0.1093096466352254
2025,36,2025-09-07,5-14,48.884192000000006,6983456,0.7000000000000001,0.021792091773817635,2025 to 2026,0.5714285714285714,1.065288798352922,0.6087364562016697
2025,37,2025-09-14,5-14,55.86764800000001,6983456,0.8000000000000002,0.028670462706648296,2025 to 2026,0.5,1.6017513184921546,0.8008756592460773
2025,38,2025-09-21,5-14,118.71875199999998,6983456,1.6999999999999997,0.023360695978752503,2025 to 2026,0.6000000000000001,2.7733526724489153,1.6640116034693495
2025,39,2025-09-28,5-14,153.636032,6983456,2.1999999999999997,0.030654883363947893,2025 to 2026,0.5,4.709694641459766,2.354847320729883
2025,40,2025-10-05,5-14,195.53676800000002,6983456,2.8000000000000003,0.047533254296778564,2025 to 2026,0.6470588235294118,9.294498917714193,6.014087534991537
2025,41,2025-10-12,5-14,321.238976,6983456,4.6,0.10120371700342684,2025 to 2026,0.6818181818181819,32.51057841757463,22.166303466528156
2025,42,2025-10-19,5-14,335.20588799999996,6983456,4.8,0.20061115101028054,2025 to 2026,0.7540983606557377,67.24603901710317,50.710127783389275
2025,43,2025-10-26,5-14,453.92464,6983456,6.5,0.2850892848334468,2025 to 2026,0.8571428571428571,129.40905098587982,110.92204370218269
2025,44,2025-11-02,5-14,384.09007999999994,6983456,5.499999999999999,0.29097184698903306,2025 to 2026,0.9242424242424242,111.75939998776545,103.2927787765711
2023,1,2023-01-08,15-44,7550.755953999999,22950626,32.9,0.178,2022 to 2023,0.6195652173913044,1344.0345598119998,832.7170642313478
2023,2,2023-01-15,15-44,3809.8039160000017,22950626,16.600000000000005,0.1,2022 to 2023,0.5581395348837209,380.9803916000002,212.64021856744196
2023,3,2023-01-22,15-44,2065.55634,22950626,9,0.055,2022 to 2023,0.4736842105263158,113.6055987,53.81317833157895
2023,4,2023-01-29,15-44,1055.7287959999996,22950626,4.599999999999999,0.07300000000000001,2022 to 2023,0.42857142857142855,77.06820210799998,33.02922947485713
2023,5,2023-02-05,15-44,1262.2844299999997,22950626,5.499999999999999,0.052,2022 to 2023,0.2631578947368421,65.63879035999999,17.273365884210524
2023,6,2023-02-12,15-44,918.0250399999999,22950626,3.9999999999999996,0.053000000000000005,2022 to 2023,0.125,48.655327119999995,6.081915889999999
2023,7,2023-02-19,15-44,1032.77817,22950626,4.5,0.07700000000000001,2022 to 2023,0.05,79.52391909000002,3.9761959545000014
2023,8,2023-02-26,15-44,940.9756659999999,22950626,4.1,0.06900000000000003,2022 to 2023,0.10526315789473684,64.92732095400002,6.83445483726316
2023,9,2023-03-05,15-44,940.9756659999999,22950626,4.1,0.053000000000000005,2022 to 2023,0.11764705882352942,49.871710298000004,5.867260035058824
2023,10,2023-03-12,15-44,872.1237880000002,22950626,3.800000000000001,0.060000000000000005,2022 to 2023,0.11111111111111112,52.327427280000016,5.814158586666669
2023,11,2023-03-19,15-44,619.6669019999999,22950626,2.6999999999999997,0.05400000000000002,2022 to 2023,0.05555555555555556,33.46201270800001,1.8590007060000007
2023,12,2023-03-26,15-44,550.8150239999998,22950626,2.399999999999999,0.047,2022 to 2023,0.06666666666666667,25.88830612799999,1.7258870751999993
2023,13,2023-04-02,15-44,711.469406,22950626,3.1000000000000005,0.048999999999999995,2022 to 2023,0,34.862000894,0
2023,14,2023-04-09,15-44,459.01251999999994,22950626,1.9999999999999998,0.048999999999999995,2022 to 2023,0,22.491613479999994,0
2023,15,2023-04-16,15-44,504.91377200000005,22950626,2.2,0.036,2022 to 2023,0,18.176895792,0
2023,16,2023-04-23,15-44,413.111268,22950626,1.7999999999999998,0.032,2022 to 2023,0,13.219560576000001,0
2023,17,2023-04-30,15-44,275.4075119999999,22950626,1.1999999999999995,0.025,2022 to 2023,0,6.885187799999997,0
2023,18,2023-05-07,15-44,344.25939000000005,22950626,1.5000000000000002,0.021,2022 to 2023,0,7.229447190000002,0
2023,19,2023-05-14,15-44,390.16064200000005,22950626,1.7000000000000002,0.020000000000000004,2022 to 2023,0,7.803212840000002,0
2023,20,2023-05-21,15-44,367.2100160000001,22950626,1.6000000000000003,0.010000000000000002,2022 to 2023,0,3.6721001600000016,0
2023,21,2023-05-28,15-44,390.16064200000005,22950626,1.7000000000000002,0.012,2022 to 2023,0.2,4.6819277040000005,0.9363855408000001
2023,22,2023-06-04,15-44,321.30876399999994,22950626,1.3999999999999997,0.012,2022 to 2023,0.3333333333333333,3.855705167999999,1.2852350559999997
2023,23,2023-06-11,15-44,413.111268,22950626,1.7999999999999998,0,2022 to 2023,0.5,0,0
2023,24,2023-06-18,15-44,229.50625999999997,22950626,0.9999999999999999,0.006999999999999998,2022 to 2023,0.5,1.6065438199999995,0.8032719099999998
2023,25,2023-06-25,15-44,183.60500800000005,22950626,0.8000000000000002,0.011,2022 to 2023,0.25,2.0196550880000004,0.5049137720000001
2023,26,2023-07-02,15-44,229.50625999999997,22950626,0.9999999999999999,0.009,2022 to 2023,0.3333333333333333,2.0655563399999997,0.6885187799999999
2023,27,2023-07-09,15-44,252.45688600000003,22950626,1.1,0.008,2023 to 2024,0.25,2.0196550880000004,0.5049137720000001
2023,28,2023-07-16,15-44,275.4075119999999,22950626,1.1999999999999995,0.009,2023 to 2024,0.3333333333333333,2.478667607999999,0.8262225359999996
2023,29,2023-07-23,15-44,298.358138,22950626,1.3,0.013999999999999997,2023 to 2024,0.3333333333333333,4.177013931999999,1.3923379773333329
2023,30,2023-07-30,15-44,413.111268,22950626,1.7999999999999998,0.006,2023 to 2024,0.5,2.478667608,1.239333804
2023,31,2023-08-06,15-44,344.25939000000005,22950626,1.5000000000000002,0.009,2023 to 2024,0.5,3.0983345100000004,1.5491672550000002
2023,32,2023-08-13,15-44,390.16064200000005,22950626,1.7000000000000002,0.009,2023 to 2024,0.25,3.511445778,0.8778614445
2023,33,2023-08-20,15-44,367.2100160000001,22950626,1.6000000000000003,0.008,2023 to 2024,0.25,2.937680128000001,0.7344200320000003
2023,34,2023-08-27,15-44,321.30876399999994,22950626,1.3999999999999997,0.012,2023 to 2024,0.4,3.855705167999999,1.5422820671999997
2023,35,2023-09-03,15-44,390.16064200000005,22950626,1.7000000000000002,0.013999999999999997,2023 to 2024,0.6666666666666666,5.462248988,3.641499325333333
2023,36,2023-09-10,15-44,413.111268,22950626,1.7999999999999998,0.006999999999999998,2023 to 2024,0.6,2.891778875999999,1.7350673255999995
2023,37,2023-09-17,15-44,459.01251999999994,22950626,1.9999999999999998,0.011,2023 to 2024,0.4999999999999999,5.049137719999999,2.524568859999999
2023,38,2023-09-24,15-44,757.3706579999999,22950626,3.3,0.006999999999999998,2023 to 2024,0.6666666666666667,5.301594605999998,3.5343964039999993
2023,39,2023-10-01,15-44,849.173162,22950626,3.7,0.012,2023 to 2024,0.5,10.190077944,5.095038972
2023,40,2023-10-08,15-44,918.0250399999999,22950626,3.9999999999999996,0.013999999999999997,2023 to 2024,0.37499999999999994,12.852350559999996,4.819631459999997
2023,41,2023-10-15,15-44,849.173162,22950626,3.7,0.011,2023 to 2024,0.28571428571428575,9.340904782,2.6688299377142863
2023,42,2023-10-22,15-44,895.0744140000002,22950626,3.900000000000001,0.016999999999999998,2023 to 2024,0.4285714285714286,15.216265038000001,6.521256444857144
2023,43,2023-10-29,15-44,849.173162,22950626,3.7,0.022999999999999996,2023 to 2024,0.5714285714285715,19.530982725999998,11.160561557714287
2023,44,2023-11-05,15-44,940.9756659999999,22950626,4.1,0.024,2023 to 2024,0.4444444444444444,22.583415984,10.037073770666666
2023,45,2023-11-12,15-44,940.9756659999999,22950626,4.1,0.032,2023 to 2024,0.5555555555555556,30.111221311999998,16.728456284444444
2023,46,2023-11-19,15-44,895.0744140000002,22950626,3.900000000000001,0.027999999999999994,2023 to 2024,0.6,25.062083592,15.037250155199999
2023,47,2023-11-26,15-44,986.8769179999999,22950626,4.3,0.042,2023 to 2024,0.7,41.448830556,29.014181389199997
2023,48,2023-12-03,15-44,1216.383178,22950626,5.3,0.04599999999999999,2023 to 2024,0.588235294117647,55.953626187999994,32.91389775764705
2023,49,2023-12-10,15-44,1445.889438,22950626,6.299999999999999,0.08499999999999999,2023 to 2024,0.6129032258064515,122.90060222999998,75.32617556032255
2023,50,2023-12-17,15-44,1698.346324,22950626,7.4,0.14800000000000005,2023 to 2024,0.6326530612244897,251.3552559520001,159.020672132898
2023,51,2023-12-24,15-44,1973.7538359999999,22950626,8.6,0.16699999999999998,2023 to 2024,0.5769230769230769,329.61689061199996,190.16359073769226
2023,52,2023-12-31,15-44,1239.3338039999999,22950626,5.3999999999999995,0.15299999999999997,2023 to 2024,0.5625000000000001,189.61807201199994,106.66016550674999
2024,1,2024-01-07,15-44,1973.7538359999999,22950626,8.6,0.15599999999999997,2023 to 2024,0.5365853658536585,307.9055984159999,165.21763817443895
2024,2,2024-01-14,15-44,2088.5069659999995,22950626,9.099999999999998,0.11500000000000003,2023 to 2024,0.5,240.17830109000002,120.08915054500001
2024,3,2024-01-21,15-44,1927.8525840000002,22950626,8.4,0.199,2023 to 2024,0.5,383.64266421600007,191.82133210800004
2024,4,2024-01-28,15-44,2455.716982,22950626,10.7,0.22399999999999995,2023 to 2024,0.49438202247191015,550.0806039679999,271.9499615122696
2024,5,2024-02-04,15-44,2249.161348,22950626,9.8,0.192,2023 to 2024,0.5308641975308642,431.838978816,229.24785295170372
2024,6,2024-02-11,15-44,2226.210722,22950626,9.7,0.16999999999999998,2023 to 2024,0.5211267605633803,378.4558227399999,197.22345692084502
2024,7,2024-02-18,15-44,1836.0500799999998,22950626,7.999999999999999,0.142,2023 to 2024,0.4827586206896551,260.71911135999994,125.86439858758615
2024,8,2024-02-25,15-44,1652.445072,22950626,7.199999999999999,0.118,2023 to 2024,0.45454545454545453,194.98851849599998,88.63114477090907
2024,9,2024-03-03,15-44,1422.938812,22950626,6.200000000000001,0.091,2023 to 2024,0.4571428571428572,129.48743189200002,59.19425457920001
2024,10,2024-03-10,15-44,1377.0375600000002,22950626,6.000000000000001,0.09899999999999998,2023 to 2024,0.3888888888888889,136.32671843999998,53.01594605999999
2024,11,2024-03-17,15-44,1377.0375600000002,22950626,6.000000000000001,0.10800000000000004,2023 to 2024,0.393939393939394,148.72005648000007,58.58668891636367
2024,12,2024-03-24,15-44,1239.3338039999999,22950626,5.3999999999999995,0.08000000000000002,2023 to 2024,0.3076923076923077,99.14670432000001,30.506678252307697
2024,13,2024-03-31,15-44,895.0744140000002,22950626,3.900000000000001,0.057999999999999996,2023 to 2024,0.3157894736842105,51.91431601200001,16.393994530105264
2024,14,2024-04-07,15-44,872.1237880000002,22950626,3.800000000000001,0.05599999999999999,2023 to 2024,0.3333333333333333,48.838932128,16.279644042666668
2024,15,2024-04-14,15-44,872.1237880000002,22950626,3.800000000000001,0.04099999999999999,2023 to 2024,0.37499999999999994,35.757075308,13.408903240499997
2024,16,2024-04-21,15-44,849.173162,22950626,3.7,0.02700000000000001,2023 to 2024,0.3333333333333333,22.92767537400001,7.642558458000003
2024,17,2024-04-28,15-44,803.2719100000002,22950626,3.5000000000000004,0.038000000000000006,2023 to 2024,0.26666666666666666,30.52433258000001,8.139822021333336
2024,18,2024-05-05,15-44,757.3706579999999,22950626,3.3,0.03700000000000001,2023 to 2024,0.3333333333333333,28.022714346000008,9.340904782000003
2024,19,2024-05-12,15-44,481.96314600000005,22950626,2.1,0.04099999999999999,2023 to 2024,0.23076923076923075,19.760488985999995,4.5601128429230755
2024,20,2024-05-19,15-44,642.6175279999999,22950626,2.7999999999999994,0.020000000000000004,2023 to 2024,0.3,12.85235056,3.8557051679999996
2024,21,2024-05-26,15-44,481.96314600000005,22950626,2.1,0.015000000000000001,2023 to 2024,0.2857142857142857,7.229447190000001,2.06555634
2024,22,2024-06-02,15-44,436.0618940000001,22950626,1.9000000000000006,0.010000000000000002,2023 to 2024,0.4,4.360618940000002,1.744247576000001
2024,23,2024-06-09,15-44,504.91377200000005,22950626,2.2,0.022,2023 to 2024,0.25,11.108102984,2.777025746
2024,24,2024-06-16,15-44,596.716276,22950626,2.6,0.012,2023 to 2024,0.25,7.160595312,1.790148828
2024,25,2024-06-23,15-44,527.8643979999998,22950626,2.2999999999999994,0.025,2023 to 2024,0.5,13.196609949999996,6.598304974999998
2024,26,2024-06-30,15-44,436.0618940000001,22950626,1.9000000000000006,0.008,2023 to 2024,0.3333333333333333,3.488495152000001,1.1628317173333336
2024,27,2024-07-07,15-44,413.111268,22950626,1.7999999999999998,0.018,2024 to 2025,0.25,7.436002823999999,1.8590007059999998
2024,28,2024-07-14,15-44,527.8643979999998,22950626,2.2999999999999994,0.022,2024 to 2025,0.5,11.613016755999995,5.8065083779999975
2024,29,2024-07-21,15-44,481.96314600000005,22950626,2.1,0.031,2024 to 2025,0.5555555555555556,14.940857526000002,8.300476403333334
2024,30,2024-07-28,15-44,527.8643979999998,22950626,2.2999999999999994,0.021,2024 to 2025,0.5714285714285715,11.085152357999997,6.334372775999999
2024,31,2024-08-04,15-44,390.16064200000005,22950626,1.7000000000000002,0.02700000000000001,2024 to 2025,0.7,10.534337334000005,7.374036133800003
2024,32,2024-08-11,15-44,298.358138,22950626,1.3,0.010000000000000002,2024 to 2025,1,2.9835813800000004,2.9835813800000004
2024,33,2024-08-18,15-44,275.4075119999999,22950626,1.1999999999999995,0.019000000000000003,2024 to 2025,0.4,5.232742727999999,2.0930970911999998
2024,34,2024-08-25,15-44,275.4075119999999,22950626,1.1999999999999995,0.020000000000000004,2024 to 2025,0.4,5.508150239999999,2.2032600959999997
2024,35,2024-09-01,15-44,229.50625999999997,22950626,0.9999999999999999,0.016999999999999998,2024 to 2025,0.5,3.901606419999999,1.9508032099999995
2024,36,2024-09-08,15-44,390.16064200000005,22950626,1.7000000000000002,0.016999999999999998,2024 to 2025,0.5,6.632730914,3.316365457
2024,37,2024-09-15,15-44,413.111268,22950626,1.7999999999999998,0.022,2024 to 2025,0.5,9.088447896,4.544223948
2024,38,2024-09-22,15-44,573.7656499999999,22950626,2.4999999999999996,0.035,2024 to 2025,0.4285714285714286,20.08179775,8.60648475
2024,39,2024-09-29,15-44,642.6175279999999,22950626,2.7999999999999994,0.025,2024 to 2025,0.2222222222222222,16.0654382,3.5700973777777776
2024,40,2024-10-06,15-44,826.222536,22950626,3.5999999999999996,0.026,2024 to 2025,0.625,21.481785935999998,13.426116209999998
2024,41,2024-10-13,15-44,918.0250399999999,22950626,3.9999999999999996,0.026,2024 to 2025,0.375,23.868651039999996,8.950744139999998
2024,42,2024-10-20,15-44,1009.8275440000001,22950626,4.4,0.036,2024 to 2025,0.36363636363636365,36.353791584,13.219560576000001
2024,43,2024-10-27,15-44,940.9756659999999,22950626,4.1,0.053000000000000005,2024 to 2025,0.23529411764705882,49.871710298000004,11.734520070117648
2024,44,2024-11-03,15-44,940.9756659999999,22950626,4.1,0.03899999999999999,2024 to 2025,0.3571428571428571,36.69805097399999,13.106446776428566
2024,45,2024-11-10,15-44,986.8769179999999,22950626,4.3,0.042,2024 to 2025,0.25000000000000006,41.448830556,10.362207639000001
2024,46,2024-11-17,15-44,940.9756659999999,22950626,4.1,0.065,2024 to 2025,0.3,61.163418289999996,18.349025487
2024,47,2024-11-24,15-44,1147.5312999999999,22950626,4.999999999999999,0.10900000000000001,2024 to 2025,0.22500000000000003,125.0809117,28.143205132500004
2024,48,2024-12-01,15-44,1422.938812,22950626,6.200000000000001,0.151,2024 to 2025,0.18749999999999997,214.86376061200002,40.28695511475
2024,49,2024-12-08,15-44,2180.30947,22950626,9.5,0.2,2024 to 2025,0.08888888888888889,436.06189400000005,38.76105724444445
2024,50,2024-12-15,15-44,3006.532005999999,22950626,13.099999999999996,0.25699999999999995,2024 to 2025,0.06382978723404255,772.6787255419996,49.319918651616995
2024,51,2024-12-22,15-44,4154.063306000002,22950626,18.10000000000001,0.2960000000000001,2024 to 2025,0.06481481481481481,1229.602738576001,79.69647379659266
2024,52,2024-12-29,15-44,3029.4826319999997,22950626,13.2,0.358,2024 to 2025,0.07766990291262135,1084.554782256,84.2372646412427
2025,2,2025-01-12,15-44,5944.212134,22950626,25.9,0.202,2024 to 2025,0.07407407407407407,1200.7308510680002,88.94302600503705
2025,3,2025-01-19,15-44,4314.717688,22950626,18.799999999999997,0.22599999999999998,2024 to 2025,0.08695652173913045,975.1261974879999,84.79358239026087
2025,4,2025-01-26,15-44,3786.85329,22950626,16.5,0.21600000000000008,2024 to 2025,0.12195121951219513,817.9603106400003,99.751257395122
2025,5,2025-02-02,15-44,3465.5445259999988,22950626,15.099999999999996,0.201,2024 to 2025,0.16470588235294117,696.5744497259998,114.72990936663525
2025,6,2025-02-09,15-44,3167.186388,22950626,13.8,0.20299999999999999,2024 to 2025,0.1395348837209302,642.9388367639999,89.71239582753485
2025,7,2025-02-16,15-44,2891.778876,22950626,12.599999999999998,0.204,2024 to 2025,0.15584415584415584,589.9228907039999,91.93603491490907
2025,8,2025-02-23,15-44,2754.0751200000004,22950626,12.000000000000002,0.22800000000000004,2024 to 2025,0.1728395061728395,627.9291273600002,108.53096028444446
2025,10,2025-03-09,15-44,2134.4082180000005,22950626,9.300000000000002,0.16699999999999998,2024 to 2025,0.16666666666666666,356.446172406,59.407695401
2025,11,2025-03-16,15-44,1813.0994540000002,22950626,7.9,0.142,2024 to 2025,0.2586206896551724,257.460122468,66.5845144313793
2025,12,2025-03-23,15-44,1675.395698,22950626,7.300000000000001,0.13899999999999998,2024 to 2025,0.22000000000000003,232.88000202199999,51.23360044484
2025,13,2025-03-30,15-44,1491.7906899999998,22950626,6.499999999999999,0.14100000000000001,2024 to 2025,0.18367346938775508,210.34248729,38.63433440020408
2025,14,2025-04-06,15-44,1262.2844299999997,22950626,5.499999999999999,0.10600000000000001,2024 to 2025,0.2647058823529412,133.80214958,35.41821606529412
2025,15,2025-04-13,15-44,1009.8275440000001,22950626,4.4,0.09199999999999998,2024 to 2025,0.3,92.90413404799999,27.871240214399997
2025,16,2025-04-20,15-44,688.5187800000001,22950626,3.0000000000000004,0.057999999999999996,2024 to 2025,0.22727272727272727,39.934089240000006,9.075929372727273
2025,17,2025-04-27,15-44,619.6669019999999,22950626,2.6999999999999997,0.052,2024 to 2025,0.3333333333333333,32.222678904,10.740892967999999
2025,18,2025-05-04,15-44,504.91377200000005,22950626,2.2,0.03700000000000001,2024 to 2025,0.4666666666666666,18.68180956400001,8.718177796533336
2025,19,2025-05-11,15-44,413.111268,22950626,1.7999999999999998,0.03700000000000001,2024 to 2025,0.36363636363636365,15.285116916000005,5.558224333090911
2025,20,2025-05-18,15-44,459.01251999999994,22950626,1.9999999999999998,0.019000000000000003,2024 to 2025,0.22222222222222227,8.72123788,1.9380528622222226
2025,21,2025-05-25,15-44,390.16064200000005,22950626,1.7000000000000002,0.015000000000000001,2024 to 2025,0.27272727272727276,5.852409630000001,1.5961117172727277
2025,22,2025-06-01,15-44,367.2100160000001,22950626,1.6000000000000003,0.016,2024 to 2025,0.375,5.875360256000002,2.203260096000001
2025,23,2025-06-08,15-44,504.91377200000005,22950626,2.2,0.016,2024 to 2025,0.25,8.078620352000002,2.0196550880000004
2025,24,2025-06-15,15-44,481.96314600000005,22950626,2.1,0.015000000000000001,2024 to 2025,0.3333333333333333,7.229447190000001,2.40981573
2025,25,2025-06-22,15-44,321.30876399999994,22950626,1.3999999999999997,0.009,2024 to 2025,0.33333333333333337,2.891778875999999,0.9639262919999998
2025,26,2025-06-29,15-44,321.30876399999994,22950626,1.3999999999999997,0.009,2024 to 2025,0.4,2.891778875999999,1.1567115503999996
2025,27,2025-07-06,15-44,298.358138,22950626,1.3,0.009,2025 to 2026,0,2.6852232419999997,0
2025,28,2025-07-13,15-44,298.358138,22950626,1.3,0.008,2025 to 2026,0.33333333333333337,2.386865104,0.7956217013333334
2025,29,2025-07-20,15-44,252.45688600000003,22950626,1.1,0.011,2025 to 2026,0.4,2.777025746,1.1108102984000001
2025,30,2025-07-27,15-44,321.30876399999994,22950626,1.3999999999999997,0.018,2025 to 2026,0.14285714285714288,5.783557751999998,0.8262225359999998
2025,31,2025-08-03,15-44,321.30876399999994,22950626,1.3999999999999997,0.006999999999999998,2025 to 2026,0.25,2.249161347999999,0.5622903369999998
2025,32,2025-08-10,15-44,298.358138,22950626,1.3,0.016,2025 to 2026,0.4285714285714286,4.773730208,2.045884374857143
2025,33,2025-08-17,15-44,321.30876399999994,22950626,1.3999999999999997,0.013,2025 to 2026,0.25,4.177013931999999,1.0442534829999996
2025,34,2025-08-24,15-44,321.30876399999994,22950626,1.3999999999999997,0.012,2025 to 2026,0.37499999999999994,3.855705167999999,1.4458894379999996
2025,35,2025-08-31,15-44,275.4075119999999,22950626,1.1999999999999995,0.013999999999999997,2025 to 2026,0.35714285714285715,3.8557051679999974,1.377037559999999
2025,36,2025-09-07,15-44,436.0618940000001,22950626,1.9000000000000006,0.013999999999999997,2025 to 2026,0.5714285714285714,6.104866516,3.488495152
2025,37,2025-09-14,15-44,459.01251999999994,22950626,1.9999999999999998,0.016,2025 to 2026,0.5,7.344200319999999,3.6721001599999994
2025,38,2025-09-21,15-44,504.91377200000005,22950626,2.2,0.027999999999999994,2025 to 2026,0.6000000000000001,14.137585615999999,8.482551369600001
2025,39,2025-09-28,15-44,849.173162,22950626,3.7,0.072,2025 to 2026,0.5,61.140467664,30.570233832
2025,40,2025-10-05,15-44,1101.6300479999995,22950626,4.799999999999998,0.11,2025 to 2026,0.6470588235294118,121.17930527999995,78.41013871058821
2025,41,2025-10-12,15-44,1377.0375600000002,22950626,6.000000000000001,0.117,2025 to 2026,0.6818181818181819,161.11339452000004,109.85004171818186
2025,42,2025-10-19,15-44,1377.0375600000002,22950626,6.000000000000001,0.11,2025 to 2026,0.7540983606557377,151.47413160000002,114.22639432131149
2025,43,2025-10-26,15-44,1377.0375600000002,22950626,6.000000000000001,0.14,2025 to 2026,0.8571428571428571,192.78525840000006,165.24450720000004
2025,44,2025-11-02,15-44,1422.938812,22950626,6.200000000000001,0.18399999999999997,2025 to 2026,0.9242424242424242,261.82074140799995,241.98583675587872
2023,1,2023-01-08,45-64,4814.1530360000015,14632684,32.90000000000001,0.11099999999999999,2022 to 2023,0.6195652173913044,534.370986996,331.0776767257827
2023,2,2023-01-15,45-64,2429.025544,14632684,16.6,0.05500000000000001,2022 to 2023,0.5581395348837209,133.59640492000003,74.56543530418605
2023,3,2023-01-22,45-64,1316.94156,14632684,9,0.031000000000000007,2022 to 2023,0.4736842105263158,40.825188360000006,19.338247117894742
2023,4,2023-01-29,45-64,673.1034639999998,14632684,4.599999999999999,0.028999999999999988,2022 to 2023,0.42857142857142855,19.520000455999988,8.36571448114285
2023,5,2023-02-05,45-64,804.7976200000002,14632684,5.500000000000001,0.023,2022 to 2023,0.2631578947368421,18.510345260000005,4.871143489473686
2023,6,2023-02-12,45-64,585.3073599999999,14632684,3.9999999999999996,0.015,2022 to 2023,0.125,8.779610399999997,1.0974512999999997
2023,7,2023-02-19,45-64,658.47078,14632684,4.5,0.009,2022 to 2023,0.05,5.926237019999999,0.29631185099999996
2023,8,2023-02-26,45-64,599.940044,14632684,4.1,0.015,2022 to 2023,0.10526315789473684,8.999100659999998,0.9472737536842103
2023,9,2023-03-05,45-64,599.940044,14632684,4.1,0.01,2022 to 2023,0.11764705882352942,5.99940044,0.7058118164705882
2023,10,2023-03-12,45-64,556.0419919999999,14632684,3.8,0.01,2022 to 2023,0.11111111111111112,5.560419919999999,0.6178244355555556
2023,11,2023-03-19,45-64,395.082468,14632684,2.6999999999999997,0.015,2022 to 2023,0.05555555555555556,5.92623702,0.32923539
2023,12,2023-03-26,45-64,351.18441599999994,14632684,2.3999999999999995,0.006999999999999998,2022 to 2023,0.06666666666666667,2.458290911999999,0.16388606079999993
2023,13,2023-04-02,45-64,453.613204,14632684,3.1,0.013000000000000001,2022 to 2023,0,5.896971652,0
2023,14,2023-04-09,45-64,292.65367999999995,14632684,1.9999999999999998,0.005999999999999999,2022 to 2023,0,1.7559220799999995,0
2023,15,2023-04-16,45-64,321.91904800000003,14632684,2.2,0.013000000000000001,2022 to 2023,0,4.184947624000001,0
2023,16,2023-04-23,45-64,263.388312,14632684,1.8,0.005,2022 to 2023,0,1.3169415599999998,0
2023,17,2023-04-30,45-64,175.59220799999997,14632684,1.1999999999999997,0.006999999999999998,2022 to 2023,0,1.2291454559999995,0
2023,18,2023-05-07,45-64,219.49025999999998,14632684,1.4999999999999998,0.0029999999999999996,2022 to 2023,0,0.6584707799999998,0
2023,19,2023-05-14,45-64,248.755628,14632684,1.7,0.002,2022 to 2023,0,0.497511256,0
2023,20,2023-05-21,45-64,234.12294400000002,14632684,1.6,0.004,2022 to 2023,0,0.9364917760000001,0
2023,21,2023-05-28,45-64,248.755628,14632684,1.7,0.006999999999999998,2022 to 2023,0.2,1.7412893959999995,0.34825787919999995
2023,22,2023-06-04,45-64,204.85757600000002,14632684,1.4000000000000001,0.002,2022 to 2023,0.3333333333333333,0.409715152,0.13657171733333334
2023,23,2023-06-11,45-64,263.388312,14632684,1.8,0.002,2022 to 2023,0.5,0.526776624,0.263388312
2023,24,2023-06-18,45-64,146.32683999999998,14632684,0.9999999999999999,0.0029999999999999996,2022 to 2023,0.5,0.4389805199999999,0.21949025999999994
2023,25,2023-06-25,45-64,117.06147200000001,14632684,0.8,0.005999999999999999,2022 to 2023,0.25,0.702368832,0.175592208
2023,26,2023-07-02,45-64,146.32683999999998,14632684,0.9999999999999999,0.002,2022 to 2023,0.3333333333333333,0.29265367999999997,0.09755122666666666
2023,27,2023-07-09,45-64,160.95952400000002,14632684,1.1,0.009,2023 to 2024,0.25,1.448635716,0.362158929
2023,28,2023-07-16,45-64,175.59220799999997,14632684,1.1999999999999997,0.008,2023 to 2024,0.3333333333333333,1.4047376639999998,0.4682458879999999
2023,29,2023-07-23,45-64,190.224892,14632684,1.3000000000000003,0.0029999999999999996,2023 to 2024,0.3333333333333333,0.570674676,0.19022489199999998
2023,30,2023-07-30,45-64,263.388312,14632684,1.8,0.004,2023 to 2024,0.5,1.053553248,0.526776624
2023,31,2023-08-06,45-64,219.49025999999998,14632684,1.4999999999999998,0.001,2023 to 2024,0.5,0.21949026,0.10974513
2023,32,2023-08-13,45-64,248.755628,14632684,1.7,0.006999999999999998,2023 to 2024,0.25,1.7412893959999995,0.4353223489999999
2023,33,2023-08-20,45-64,234.12294400000002,14632684,1.6,0.004,2023 to 2024,0.25,0.9364917760000001,0.23412294400000003
2023,34,2023-08-27,45-64,204.85757600000002,14632684,1.4000000000000001,0.009,2023 to 2024,0.4,1.843718184,0.7374872736000001
2023,35,2023-09-03,45-64,248.755628,14632684,1.7,0.0029999999999999996,2023 to 2024,0.6666666666666666,0.746266884,0.49751125599999996
2023,36,2023-09-10,45-64,263.388312,14632684,1.8,0.005999999999999999,2023 to 2024,0.6,1.5803298719999996,0.9481979231999997
2023,37,2023-09-17,45-64,292.65367999999995,14632684,1.9999999999999998,0.0029999999999999996,2023 to 2024,0.4999999999999999,0.8779610399999997,0.43898051999999976
2023,38,2023-09-24,45-64,482.87857199999996,14632684,3.3,0.009,2023 to 2024,0.6666666666666667,4.345907147999999,2.8972714319999997
2023,39,2023-10-01,45-64,541.409308,14632684,3.7,0.005,2023 to 2024,0.5,2.70704654,1.35352327
2023,40,2023-10-08,45-64,585.3073599999999,14632684,3.9999999999999996,0.011999999999999999,2023 to 2024,0.37499999999999994,7.023688319999998,2.633883119999999
2023,41,2023-10-15,45-64,541.409308,14632684,3.7,0.006999999999999998,2023 to 2024,0.28571428571428575,3.7898651559999994,1.082818616
2023,42,2023-10-22,45-64,570.674676,14632684,3.8999999999999995,0.005,2023 to 2024,0.4285714285714286,2.85337338,1.2228743057142857
2023,43,2023-10-29,45-64,541.409308,14632684,3.7,0.005999999999999999,2023 to 2024,0.5714285714285715,3.248455848,1.8562604845714288
2023,44,2023-11-05,45-64,599.940044,14632684,4.1,0.011999999999999999,2023 to 2024,0.4444444444444444,7.199280527999998,3.1996802346666655
2023,45,2023-11-12,45-64,599.940044,14632684,4.1,0.016,2023 to 2024,0.5555555555555556,9.599040704,5.332800391111111
2023,46,2023-11-19,45-64,570.674676,14632684,3.8999999999999995,0.013999999999999997,2023 to 2024,0.6,7.9894454639999974,4.793667278399998
2023,47,2023-11-26,45-64,629.2054120000001,14632684,4.300000000000001,0.011999999999999999,2023 to 2024,0.7,7.550464944000001,5.2853254608
2023,48,2023-12-03,45-64,775.5322520000001,14632684,5.3,0.023999999999999997,2023 to 2024,0.588235294117647,18.612774048,10.948690616470586
2023,49,2023-12-10,45-64,921.859092,14632684,6.3,0.046,2023 to 2024,0.6129032258064515,42.405518232,25.99047891638709
2023,50,2023-12-17,45-64,1082.818616,14632684,7.4,0.081,2023 to 2024,0.6326530612244897,87.70830789600001,55.48892948522449
2023,51,2023-12-24,45-64,1258.4108240000003,14632684,8.600000000000001,0.10499999999999998,2023 to 2024,0.5769230769230769,132.13313652,76.23065568461537
2023,52,2023-12-31,45-64,790.164936,14632684,5.3999999999999995,0.117,2023 to 2024,0.5625000000000001,92.449297512,52.00272985050001
2024,1,2024-01-07,45-64,1258.4108240000003,14632684,8.600000000000001,0.099,2023 to 2024,0.5365853658536585,124.58267157600004,66.84923840663416
2024,2,2024-01-14,45-64,1331.574244,14632684,9.1,0.092,2023 to 2024,0.5,122.50483044799999,61.252415223999996
2024,3,2024-01-21,45-64,1229.145456,14632684,8.4,0.117,2023 to 2024,0.5,143.81001835200001,71.90500917600001
2024,4,2024-01-28,45-64,1565.6971879999999,14632684,10.7,0.166,2023 to 2024,0.49438202247191015,259.905733208,128.49272203541574
2024,5,2024-02-04,45-64,1434.003032,14632684,9.8,0.128,2023 to 2024,0.5308641975308642,183.55238809600002,97.4413912114568
2024,6,2024-02-11,45-64,1419.3703480000001,14632684,9.700000000000001,0.09800000000000002,2023 to 2024,0.5211267605633803,139.09829410400005,72.48784340630988
2024,7,2024-02-18,45-64,1170.6147199999998,14632684,7.999999999999999,0.09599999999999999,2023 to 2024,0.4827586206896551,112.37901311999997,54.25193736827584
2024,8,2024-02-25,45-64,1053.553248,14632684,7.2,0.077,2023 to 2024,0.45454545454545453,81.12360009599999,36.874363679999995
2024,9,2024-03-03,45-64,907.226408,14632684,6.2,0.05500000000000001,2023 to 2024,0.4571428571428572,49.89745244000001,22.810263972571434
2024,10,2024-03-10,45-64,877.9610399999999,14632684,5.999999999999999,0.049999999999999996,2023 to 2024,0.3888888888888889,43.89805199999999,17.071464666666664
2024,11,2024-03-17,45-64,877.9610399999999,14632684,5.999999999999999,0.059000000000000004,2023 to 2024,0.393939393939394,51.79970136,20.40594296
2024,12,2024-03-24,45-64,790.164936,14632684,5.3999999999999995,0.043000000000000003,2023 to 2024,0.3076923076923077,33.977092248000005,10.45448992246154
2024,13,2024-03-31,45-64,570.674676,14632684,3.8999999999999995,0.034,2023 to 2024,0.3157894736842105,19.402938984000002,6.127243889684211
2024,14,2024-04-07,45-64,556.0419919999999,14632684,3.8,0.034,2023 to 2024,0.3333333333333333,18.905427728,6.301809242666666
2024,15,2024-04-14,45-64,556.0419919999999,14632684,3.8,0.017,2023 to 2024,0.37499999999999994,9.452713864,3.5447676989999994
2024,16,2024-04-21,45-64,541.409308,14632684,3.7,0.022000000000000002,2023 to 2024,0.3333333333333333,11.911004776000002,3.9703349253333338
2024,17,2024-04-28,45-64,512.14394,14632684,3.5000000000000004,0.024999999999999998,2023 to 2024,0.26666666666666666,12.8035985,3.4142929333333334
2024,18,2024-05-05,45-64,482.87857199999996,14632684,3.3,0.018,2023 to 2024,0.3333333333333333,8.691814295999999,2.8972714319999993
2024,19,2024-05-12,45-64,307.286364,14632684,2.1,0.009,2023 to 2024,0.23076923076923075,2.7655772759999997,0.6382101406153845
2024,20,2024-05-19,45-64,409.71515200000005,14632684,2.8000000000000003,0.01,2023 to 2024,0.3,4.097151520000001,1.2291454560000001
2024,21,2024-05-26,45-64,307.286364,14632684,2.1,0.008,2023 to 2024,0.2857142857142857,2.458290912,0.7023688319999999
2024,22,2024-06-02,45-64,278.02099599999997,14632684,1.9,0.001,2023 to 2024,0.4,0.27802099599999996,0.11120839839999999
2024,23,2024-06-09,45-64,321.91904800000003,14632684,2.2,0.011000000000000001,2023 to 2024,0.25,3.5411095280000007,0.8852773820000002
2024,24,2024-06-16,45-64,380.449784,14632684,2.6000000000000005,0.002,2023 to 2024,0.25,0.760899568,0.190224892
2024,25,2024-06-23,45-64,336.5517319999999,14632684,2.2999999999999994,0.008,2023 to 2024,0.5,2.692413855999999,1.3462069279999995
2024,26,2024-06-30,45-64,278.02099599999997,14632684,1.9,0.005999999999999999,2023 to 2024,0.3333333333333333,1.6681259759999996,0.5560419919999998
2024,27,2024-07-07,45-64,263.388312,14632684,1.8,0.005,2024 to 2025,0.25,1.3169415599999998,0.32923538999999996
2024,28,2024-07-14,45-64,336.5517319999999,14632684,2.2999999999999994,0.01,2024 to 2025,0.5,3.365517319999999,1.6827586599999995
2024,29,2024-07-21,45-64,307.286364,14632684,2.1,0.01,2024 to 2025,0.5555555555555556,3.07286364,1.7071464666666667
2024,30,2024-07-28,45-64,336.5517319999999,14632684,2.2999999999999994,0.009,2024 to 2025,0.5714285714285715,3.028965587999999,1.7308374788571423
2024,31,2024-08-04,45-64,248.755628,14632684,1.7,0.011000000000000001,2024 to 2025,0.7,2.7363119080000002,1.9154183356
2024,32,2024-08-11,45-64,190.224892,14632684,1.3000000000000003,0.006999999999999998,2024 to 2025,1,1.3315742439999998,1.3315742439999998
2024,33,2024-08-18,45-64,175.59220799999997,14632684,1.1999999999999997,0.019,2024 to 2025,0.4,3.3362519519999996,1.3345007808
2024,34,2024-08-25,45-64,175.59220799999997,14632684,1.1999999999999997,0.013999999999999997,2024 to 2025,0.4,2.458290911999999,0.9833163647999996
2024,35,2024-09-01,45-64,146.32683999999998,14632684,0.9999999999999999,0.01,2024 to 2025,0.5,1.4632683999999998,0.7316341999999999
2024,36,2024-09-08,45-64,248.755628,14632684,1.7,0.011000000000000001,2024 to 2025,0.5,2.7363119080000002,1.3681559540000001
2024,37,2024-09-15,45-64,263.388312,14632684,1.8,0.013999999999999997,2024 to 2025,0.5,3.687436367999999,1.8437181839999994
2024,38,2024-09-22,45-64,365.81710000000004,14632684,2.5000000000000004,0.01,2024 to 2025,0.4285714285714286,3.6581710000000003,1.5677875714285716
2024,39,2024-09-29,45-64,409.71515200000005,14632684,2.8000000000000003,0.009,2024 to 2025,0.2222222222222222,3.687436368,0.8194303039999999
2024,40,2024-10-06,45-64,526.776624,14632684,3.6,0.006999999999999998,2024 to 2025,0.625,3.687436367999999,2.3046477299999992
2024,41,2024-10-13,45-64,585.3073599999999,14632684,3.9999999999999996,0.019,2024 to 2025,0.375,11.120839839999999,4.170314939999999
2024,42,2024-10-20,45-64,643.8380960000001,14632684,4.4,0.02,2024 to 2025,0.36363636363636365,12.876761920000002,4.68245888
2024,43,2024-10-27,45-64,599.940044,14632684,4.1,0.03,2024 to 2025,0.23529411764705882,17.998201319999996,4.234870898823528
2024,44,2024-11-03,45-64,599.940044,14632684,4.1,0.028999999999999988,2024 to 2025,0.3571428571428571,17.398261275999992,6.213664741428568
2024,45,2024-11-10,45-64,629.2054120000001,14632684,4.300000000000001,0.031000000000000007,2024 to 2025,0.25000000000000006,19.50536777200001,4.8763419430000035
2024,46,2024-11-17,45-64,599.940044,14632684,4.1,0.03900000000000001,2024 to 2025,0.3,23.397661716000002,7.0192985148
2024,47,2024-11-24,45-64,731.6342000000001,14632684,5.000000000000001,0.07800000000000001,2024 to 2025,0.22500000000000003,57.067467600000015,12.840180210000005
2024,48,2024-12-01,45-64,907.226408,14632684,6.2,0.11800000000000001,2024 to 2025,0.18749999999999997,107.052716144,20.072384276999998
2024,49,2024-12-08,45-64,1390.1049800000005,14632684,9.500000000000004,0.16500000000000004,2024 to 2025,0.08888888888888889,229.36732170000013,20.388206373333347
2024,50,2024-12-15,45-64,1916.881604,14632684,13.1,0.20600000000000004,2024 to 2025,0.06382978723404255,394.87761042400007,25.204953856851066
2024,51,2024-12-22,45-64,2648.515804,14632684,18.1,0.225,2024 to 2025,0.06481481481481481,595.9160559000001,38.62418880833334
2024,52,2024-12-29,45-64,1931.5142879999999,14632684,13.2,0.28099999999999997,2024 to 2025,0.07766990291262135,542.7555149279999,42.155768149747566
2025,2,2025-01-12,45-64,3789.8651559999994,14632684,25.9,0.19899999999999995,2024 to 2025,0.07407407407407407,754.1831660439997,55.86541970696294
2025,3,2025-01-19,45-64,2750.9445920000007,14632684,18.800000000000004,0.145,2024 to 2025,0.08695652173913045,398.8869658400001,34.68582311652175
2025,4,2025-01-26,45-64,2414.3928599999995,14632684,16.499999999999996,0.11800000000000001,2024 to 2025,0.12195121951219513,284.89835747999996,34.743702131707316
2025,5,2025-02-02,45-64,2209.5352839999996,14632684,15.099999999999996,0.115,2024 to 2025,0.16470588235294117,254.09655765999997,41.85119773223529
2025,6,2025-02-09,45-64,2019.310392,14632684,13.8,0.10800000000000001,2024 to 2025,0.1395348837209302,218.08552233600003,30.43053800037209
2025,7,2025-02-16,45-64,1843.718184,14632684,12.6,0.08800000000000001,2024 to 2025,0.15584415584415584,162.247200192,25.285277952
2025,8,2025-02-23,45-64,1755.9220799999998,14632684,11.999999999999998,0.077,2024 to 2025,0.1728395061728395,135.20600015999997,23.368938299259252
2025,10,2025-03-09,45-64,1360.839612,14632684,9.299999999999999,0.042,2024 to 2025,0.16666666666666666,57.155263704000006,9.525877284
2025,11,2025-03-16,45-64,1155.982036,14632684,7.9,0.05500000000000001,2024 to 2025,0.2586206896551724,63.57901198000001,16.44284792586207
2025,12,2025-03-23,45-64,1068.185932,14632684,7.3,0.043000000000000003,2024 to 2025,0.22000000000000003,45.93199507600001,10.105038916720003
2025,13,2025-03-30,45-64,951.12446,14632684,6.5,0.043000000000000003,2024 to 2025,0.18367346938775508,40.898351780000006,7.51194216367347
2025,14,2025-04-06,45-64,804.7976200000002,14632684,5.500000000000001,0.046,2024 to 2025,0.2647058823529412,37.02069052000001,9.799594549411767
2025,15,2025-04-13,45-64,643.8380960000001,14632684,4.4,0.028999999999999988,2024 to 2025,0.3,18.671304783999993,5.601391435199997
2025,16,2025-04-20,45-64,438.98051999999996,14632684,2.9999999999999996,0.023,2024 to 2025,0.22727272727272727,10.09655196,2.2946709
2025,17,2025-04-27,45-64,395.082468,14632684,2.6999999999999997,0.016,2024 to 2025,0.3333333333333333,6.321319488,2.107106496
2025,18,2025-05-04,45-64,321.91904800000003,14632684,2.2,0.009,2024 to 2025,0.4666666666666666,2.897271432,1.3520600016
2025,19,2025-05-11,45-64,263.388312,14632684,1.8,0.017,2024 to 2025,0.36363636363636365,4.477601304,1.628218656
2025,20,2025-05-18,45-64,292.65367999999995,14632684,1.9999999999999998,0.011000000000000001,2024 to 2025,0.22222222222222227,3.21919048,0.7153756622222224
2025,21,2025-05-25,45-64,248.755628,14632684,1.7,0.015,2024 to 2025,0.27272727272727276,3.73133442,1.0176366600000002
2025,22,2025-06-01,45-64,234.12294400000002,14632684,1.6,0.01,2024 to 2025,0.375,2.34122944,0.8779610400000001
2025,23,2025-06-08,45-64,321.91904800000003,14632684,2.2,0.0029999999999999996,2024 to 2025,0.25,0.965757144,0.241439286
2025,24,2025-06-15,45-64,307.286364,14632684,2.1,0.006999999999999998,2024 to 2025,0.3333333333333333,2.1510045479999995,0.7170015159999998
2025,25,2025-06-22,45-64,204.85757600000002,14632684,1.4000000000000001,0.01,2024 to 2025,0.33333333333333337,2.0485757600000003,0.6828585866666669
2025,26,2025-06-29,45-64,204.85757600000002,14632684,1.4000000000000001,0.013999999999999997,2024 to 2025,0.4,2.868006064,1.1472024256
2025,27,2025-07-06,45-64,190.224892,14632684,1.3000000000000003,0.006999999999999998,2025 to 2026,0,1.3315742439999998,0
2025,28,2025-07-13,45-64,190.224892,14632684,1.3000000000000003,0.011000000000000001,2025 to 2026,0.33333333333333337,2.092473812,0.6974912706666668
2025,29,2025-07-20,45-64,160.95952400000002,14632684,1.1,0.006999999999999998,2025 to 2026,0.4,1.1267166679999998,0.45068666719999995
2025,30,2025-07-27,45-64,204.85757600000002,14632684,1.4000000000000001,0.004,2025 to 2026,0.14285714285714288,0.819430304,0.11706147200000003
2025,31,2025-08-03,45-64,204.85757600000002,14632684,1.4000000000000001,0.0029999999999999996,2025 to 2026,0.25,0.614572728,0.153643182
2025,32,2025-08-10,45-64,190.224892,14632684,1.3000000000000003,0.008,2025 to 2026,0.4285714285714286,1.521799136,0.6521996297142858
2025,33,2025-08-17,45-64,204.85757600000002,14632684,1.4000000000000001,0.0029999999999999996,2025 to 2026,0.25,0.614572728,0.153643182
2025,34,2025-08-24,45-64,204.85757600000002,14632684,1.4000000000000001,0.013999999999999997,2025 to 2026,0.37499999999999994,2.868006064,1.0755022739999998
2025,35,2025-08-31,45-64,175.59220799999997,14632684,1.1999999999999997,0.024999999999999998,2025 to 2026,0.35714285714285715,4.389805199999999,1.567787571428571
2025,36,2025-09-07,45-64,278.02099599999997,14632684,1.9,0.013000000000000001,2025 to 2026,0.5714285714285714,3.614272948,2.0652988274285713
2025,37,2025-09-14,45-64,292.65367999999995,14632684,1.9999999999999998,0.011999999999999999,2025 to 2026,0.5,3.511844159999999,1.7559220799999995
2025,38,2025-09-21,45-64,321.91904800000003,14632684,2.2,0.011999999999999999,2025 to 2026,0.6000000000000001,3.863028576,2.3178171456000003
2025,39,2025-09-28,45-64,541.409308,14632684,3.7,0.011999999999999999,2025 to 2026,0.5,6.496911696,3.248455848
2025,40,2025-10-05,45-64,702.3688319999999,14632684,4.799999999999999,0.031000000000000007,2025 to 2026,0.6470588235294118,21.773433792000002,14.088692453647061
2025,41,2025-10-12,45-64,877.9610399999999,14632684,5.999999999999999,0.054000000000000006,2025 to 2026,0.6818181818181819,47.40989616,32.32492920000001
2025,42,2025-10-19,45-64,877.9610399999999,14632684,5.999999999999999,0.047,2025 to 2026,0.7540983606557377,41.26416887999999,31.1172421062295
2025,43,2025-10-26,45-64,877.9610399999999,14632684,5.999999999999999,0.04900000000000001,2025 to 2026,0.8571428571428571,43.020090960000005,36.87436368
2025,44,2025-11-02,45-64,907.226408,14632684,6.2,0.08199999999999999,2025 to 2026,0.9242424242424242,74.39256545599999,68.75676504266664
2023,1,2023-01-08,65+,1043.2037400000002,10981092,9.500000000000002,0.14699999999999996,2022 to 2023,0.6195652173913044,153.35094977999998,95.0109145376087
2023,2,2023-01-15,65+,790.6386239999998,10981092,7.1999999999999975,0.06700000000000002,2022 to 2023,0.5581395348837209,52.972787808,29.566207148651163
2023,3,2023-01-22,65+,592.9789680000002,10981092,5.400000000000002,0.024999999999999998,2022 to 2023,0.4736842105263158,14.824474200000004,7.02211935789474
2023,4,2023-01-29,65+,494.14914000000005,10981092,4.500000000000001,0.018,2022 to 2023,0.42857142857142855,8.89468452,3.8120076514285715
2023,5,2023-02-05,65+,527.0924159999998,10981092,4.799999999999999,0.018,2022 to 2023,0.2631578947368421,9.487663487999997,2.4967535494736834
2023,6,2023-02-12,65+,538.0735080000002,10981092,4.900000000000002,0.009,2022 to 2023,0.125,4.842661572000001,0.6053326965000001
2023,7,2023-02-19,65+,395.3193119999999,10981092,3.5999999999999988,0.009,2022 to 2023,0.05,3.5578738079999987,0.17789369039999994
2023,8,2023-02-26,65+,373.35712800000005,10981092,3.4000000000000004,0.009999999999999995,2022 to 2023,0.10526315789473684,3.7335712799999987,0.39300750315789457
2023,9,2023-03-05,65+,384.33822,10981092,3.5,0.007,2022 to 2023,0.11764705882352942,2.69036754,0.31651382823529417
2023,10,2023-03-12,65+,263.5462079999999,10981092,2.3999999999999995,0.0049999999999999975,2022 to 2023,0.11111111111111112,1.3177310399999989,0.1464145599999999
2023,11,2023-03-19,65+,406.300404,10981092,3.6999999999999997,0.007,2022 to 2023,0.05555555555555556,2.844102828,0.1580057126666667
2023,12,2023-03-26,65+,340.413852,10981092,3.1,0.004000000000000001,2022 to 2023,0.06666666666666667,1.3616554080000005,0.09077702720000003
2023,13,2023-04-02,65+,285.5083920000001,10981092,2.6000000000000005,0.0030000000000000005,2022 to 2023,0,0.8565251760000003,0
2023,14,2023-04-09,65+,164.71638000000002,10981092,1.5000000000000002,0.0049999999999999975,2022 to 2023,0,0.8235818999999996,0
2023,15,2023-04-16,65+,87.84873599999997,10981092,0.7999999999999998,0.0020000000000000005,2022 to 2023,0,0.175697472,0
2023,16,2023-04-23,65+,120.79201200000004,10981092,1.1000000000000005,0.0020000000000000005,2022 to 2023,0,0.24158402400000015,0
2023,17,2023-04-30,65+,76.86764399999998,10981092,0.6999999999999998,0.004000000000000001,2022 to 2023,0,0.307470576,0
2023,18,2023-05-07,65+,65.88655199999998,10981092,0.5999999999999999,0.0049999999999999975,2022 to 2023,0,0.3294327599999997,0
2023,19,2023-05-14,65+,120.79201200000004,10981092,1.1000000000000005,0.0020000000000000005,2022 to 2023,0,0.24158402400000015,0
2023,20,2023-05-21,65+,87.84873599999997,10981092,0.7999999999999998,0.0010000000000000002,2022 to 2023,0,0.087848736,0
2023,21,2023-05-28,65+,76.86764399999998,10981092,0.6999999999999998,0.004000000000000001,2022 to 2023,0.2,0.307470576,0.061494115200000005
2023,22,2023-06-04,65+,65.88655199999998,10981092,0.5999999999999999,0.0020000000000000005,2022 to 2023,0.3333333333333333,0.131773104,0.043924368
2023,23,2023-06-11,65+,76.86764399999998,10981092,0.6999999999999998,0.004000000000000001,2022 to 2023,0.5,0.307470576,0.153735288
2023,24,2023-06-18,65+,65.88655199999998,10981092,0.5999999999999999,0.007,2022 to 2023,0.5,0.46120586399999985,0.23060293199999993
2023,25,2023-06-25,65+,43.92436799999999,10981092,0.3999999999999999,0.0030000000000000005,2022 to 2023,0.25,0.13177310399999997,0.032943275999999994
2023,26,2023-07-02,65+,43.92436799999999,10981092,0.3999999999999999,0.0020000000000000005,2022 to 2023,0.3333333333333333,0.087848736,0.029282911999999998
2023,27,2023-07-09,65+,98.82982799999998,10981092,0.8999999999999997,0.0020000000000000005,2023 to 2024,0.25,0.197659656,0.049414914
2023,28,2023-07-16,65+,120.79201200000004,10981092,1.1000000000000005,0.0030000000000000005,2023 to 2024,0.3333333333333333,0.3623760360000002,0.12079201200000006
2023,29,2023-07-23,65+,98.82982799999998,10981092,0.8999999999999997,0.0049999999999999975,2023 to 2024,0.3333333333333333,0.49414913999999965,0.16471637999999988
2023,30,2023-07-30,65+,109.81092,10981092,1,0.0020000000000000005,2023 to 2024,0.5,0.21962184000000004,0.10981092000000002
2023,31,2023-08-06,65+,120.79201200000004,10981092,1.1000000000000005,0.0010000000000000002,2023 to 2024,0.5,0.12079201200000007,0.06039600600000004
2023,32,2023-08-13,65+,131.77310399999996,10981092,1.1999999999999997,0.006000000000000001,2023 to 2024,0.25,0.7906386239999998,0.19765965599999996
2023,33,2023-08-20,65+,175.69747199999995,10981092,1.5999999999999996,0.004000000000000001,2023 to 2024,0.25,0.702789888,0.175697472
2023,34,2023-08-27,65+,142.75419600000004,10981092,1.3000000000000003,0.0020000000000000005,2023 to 2024,0.4,0.28550839200000017,0.11420335680000007
2023,35,2023-09-03,65+,131.77310399999996,10981092,1.1999999999999997,0.0030000000000000005,2023 to 2024,0.6666666666666666,0.3953193119999999,0.26354620799999995
2023,36,2023-09-10,65+,142.75419600000004,10981092,1.3000000000000003,0.009,2023 to 2024,0.6,1.2847877640000003,0.7708726584000002
2023,37,2023-09-17,65+,164.71638000000002,10981092,1.5000000000000002,0.006000000000000001,2023 to 2024,0.4999999999999999,0.9882982800000003,0.49414914000000004
2023,38,2023-09-24,65+,230.60293200000007,10981092,2.1000000000000005,0.009,2023 to 2024,0.6666666666666667,2.0754263880000003,1.3836175920000005
2023,39,2023-10-01,65+,274.5273,10981092,2.5000000000000004,0.0049999999999999975,2023 to 2024,0.5,1.3726364999999994,0.6863182499999997
2023,40,2023-10-08,65+,362.37603599999983,10981092,3.299999999999998,0.009,2023 to 2024,0.37499999999999994,3.261384323999998,1.223019121499999
2023,41,2023-10-15,65+,329.43276000000003,10981092,3.0000000000000004,0.009,2023 to 2024,0.28571428571428575,2.96489484,0.8471128114285715
2023,42,2023-10-22,65+,307.47057599999994,10981092,2.7999999999999994,0.007,2023 to 2024,0.4285714285714286,2.1522940319999995,0.9224117279999998
2023,43,2023-10-29,65+,296.4894840000001,10981092,2.700000000000001,0.006000000000000001,2023 to 2024,0.5714285714285715,1.778936904000001,1.0165353737142864
2023,44,2023-11-05,65+,252.56511599999993,10981092,2.2999999999999994,0.008000000000000002,2023 to 2024,0.4444444444444444,2.020520928,0.8980093013333332
2023,45,2023-11-12,65+,285.5083920000001,10981092,2.6000000000000005,0.009999999999999995,2023 to 2024,0.5555555555555556,2.8550839199999993,1.586157733333333
2023,46,2023-11-19,65+,230.60293200000007,10981092,2.1000000000000005,0.011000000000000001,2023 to 2024,0.6,2.536632252000001,1.5219793512000004
2023,47,2023-11-26,65+,252.56511599999993,10981092,2.2999999999999994,0.009,2023 to 2024,0.7,2.2730860439999994,1.5911602307999995
2023,48,2023-12-03,65+,318.45166800000004,10981092,2.9000000000000004,0.018,2023 to 2024,0.588235294117647,5.732130024,3.371841190588235
2023,49,2023-12-10,65+,340.413852,10981092,3.1,0.03500000000000001,2023 to 2024,0.6129032258064515,11.914484820000004,7.302426180000001
2023,50,2023-12-17,65+,384.33822,10981092,3.5,0.06299999999999997,2023 to 2024,0.6326530612244897,24.21330785999999,15.318623339999991
2023,51,2023-12-24,65+,669.8466120000003,10981092,6.100000000000002,0.082,2023 to 2024,0.5769230769230769,54.92742218400002,31.688897413846163
2023,52,2023-12-31,65+,494.14914000000005,10981092,4.500000000000001,0.09600000000000002,2023 to 2024,0.5625000000000001,47.43831744000001,26.684053560000013
2024,1,2024-01-07,65+,790.6386239999998,10981092,7.1999999999999975,0.073,2023 to 2024,0.5365853658536585,57.71661955199998,30.969893418146327
2024,2,2024-01-14,65+,845.5440839999999,10981092,7.699999999999999,0.08599999999999998,2023 to 2024,0.5,72.71679122399998,36.35839561199999
2024,3,2024-01-21,65+,603.9600600000001,10981092,5.500000000000002,0.11999999999999997,2023 to 2024,0.5,72.4752072,36.2376036
2024,4,2024-01-28,65+,768.67644,10981092,7,0.14999999999999997,2023 to 2024,0.49438202247191015,115.30146599999996,57.00297195505617
2024,5,2024-02-04,65+,933.3928200000001,10981092,8.500000000000002,0.13299999999999998,2023 to 2024,0.5308641975308642,124.14124506,65.90214243925926
2024,6,2024-02-11,65+,823.5818999999999,10981092,7.499999999999998,0.11599999999999996,2023 to 2024,0.5211267605633803,95.53550039999996,49.7861058422535
2024,7,2024-02-18,65+,757.6953479999999,10981092,6.899999999999999,0.081,2023 to 2024,0.4827586206896551,61.37332318799999,29.6285008493793
2024,8,2024-02-25,65+,658.8655200000001,10981092,6.000000000000001,0.06299999999999997,2023 to 2024,0.45454545454545453,41.508527759999986,18.86751261818181
2024,9,2024-03-03,65+,658.8655200000001,10981092,6.000000000000001,0.04700000000000001,2023 to 2024,0.4571428571428572,30.966679440000007,14.156196315428575
2024,10,2024-03-10,65+,483.16804800000017,10981092,4.400000000000002,0.032999999999999995,2023 to 2024,0.3888888888888889,15.944545584000004,6.200656616000002
2024,11,2024-03-17,65+,461.20586400000013,10981092,4.200000000000001,0.04800000000000001,2023 to 2024,0.393939393939394,22.13788147200001,8.720983610181824
2024,12,2024-03-24,65+,428.26258800000005,10981092,3.9000000000000004,0.032999999999999995,2023 to 2024,0.3076923076923077,14.132665403999999,4.348512432
2024,13,2024-03-31,65+,274.5273,10981092,2.5000000000000004,0.019000000000000003,2023 to 2024,0.3157894736842105,5.216018700000001,1.6471638000000002
2024,14,2024-04-07,65+,373.35712800000005,10981092,3.4000000000000004,0.028,2023 to 2024,0.3333333333333333,10.453999584000002,3.4846665280000004
2024,15,2024-04-14,65+,340.413852,10981092,3.1,0.022000000000000002,2023 to 2024,0.37499999999999994,7.489104744000001,2.808414279
2024,16,2024-04-21,65+,241.58402400000008,10981092,2.200000000000001,0.014999999999999996,2023 to 2024,0.3333333333333333,3.6237603600000003,1.20792012
2024,17,2024-04-28,65+,230.60293200000007,10981092,2.1000000000000005,0.018,2023 to 2024,0.26666666666666666,4.150852776000001,1.1068940736000001
2024,18,2024-05-05,65+,252.56511599999993,10981092,2.2999999999999994,0.022000000000000002,2023 to 2024,0.3333333333333333,5.556432551999999,1.8521441839999995
2024,19,2024-05-12,65+,87.84873599999997,10981092,0.7999999999999998,0.009999999999999995,2023 to 2024,0.23076923076923075,0.8784873599999993,0.20272785230769214
2024,20,2024-05-19,65+,186.67856400000002,10981092,1.7000000000000002,0.007,2023 to 2024,0.3,1.3067499480000002,0.39202498440000005
2024,21,2024-05-26,65+,131.77310399999996,10981092,1.1999999999999997,0.006000000000000001,2023 to 2024,0.2857142857142857,0.7906386239999998,0.22589674971428567
2024,22,2024-06-02,65+,142.75419600000004,10981092,1.3000000000000003,0.007,2023 to 2024,0.4,0.9992793720000003,0.39971174880000016
2024,23,2024-06-09,65+,142.75419600000004,10981092,1.3000000000000003,0.0049999999999999975,2023 to 2024,0.25,0.7137709799999998,0.17844274499999996
2024,24,2024-06-16,65+,153.73528799999997,10981092,1.3999999999999997,0.0030000000000000005,2023 to 2024,0.25,0.46120586399999997,0.11530146599999999
2024,25,2024-06-23,65+,164.71638000000002,10981092,1.5000000000000002,0.0020000000000000005,2023 to 2024,0.5,0.3294327600000001,0.16471638000000005
2024,26,2024-06-30,65+,109.81092,10981092,1,0.0049999999999999975,2023 to 2024,0.3333333333333333,0.5490545999999997,0.1830181999999999
2024,27,2024-07-07,65+,175.69747199999995,10981092,1.5999999999999996,0.005172992904530804,2024 to 2025,0.25,0.9088817759999993,0.22722044399999983
2024,28,2024-07-14,65+,241.58402400000008,10981092,2.200000000000001,0.008275669031823063,2024 to 2025,0.5,1.9992694260000001,0.9996347130000001
2024,29,2024-07-21,65+,230.60293200000007,10981092,2.1000000000000005,0.006000000000000001,2024 to 2025,0.5555555555555556,1.3836175920000007,0.7686764400000005
2024,30,2024-07-28,65+,230.60293200000007,10981092,2.1000000000000005,0.010275669031823063,2024 to 2025,0.5714285714285715,2.3695994070000004,1.3540568040000005
2024,31,2024-08-04,65+,153.73528799999997,10981092,1.3999999999999997,0.009378345159115323,2024 to 2025,0.7,1.4417825939999998,1.0092478157999998
2024,32,2024-08-11,65+,109.81092,10981092,1,0.008378345159115324,2024 to 2025,1,0.9200337900000001,0.9200337900000001
2024,33,2024-08-18,65+,109.81092,10981092,1,0.00955133806364613,2024 to 2025,0.4,1.04884122,0.419536488
2024,34,2024-08-25,65+,109.81092,10981092,1,0.0030000000000000005,2024 to 2025,0.4,0.32943276000000005,0.13177310400000003
2024,35,2024-09-01,65+,98.82982799999998,10981092,0.8999999999999997,0.0049999999999999975,2024 to 2025,0.5,0.49414913999999965,0.24707456999999983
2024,36,2024-09-08,65+,87.84873599999997,10981092,0.7999999999999998,0.004102676127292256,2024 to 2025,0.5,0.3604149119999997,0.18020745599999985
2024,37,2024-09-15,65+,175.69747199999995,10981092,1.5999999999999996,0.005275669031823065,2024 to 2025,0.5,0.9269217119999998,0.4634608559999999
2024,38,2024-09-22,65+,197.65965599999996,10981092,1.7999999999999994,0.0048973238727077414,2024 to 2025,0.4285714285714286,0.9680033519999998,0.41485857942857135
2024,39,2024-09-29,65+,186.67856400000002,10981092,1.7000000000000002,0.006859366445522903,2024 to 2025,0.2222222222222222,1.280496678,0.2845548173333333
2024,40,2024-10-06,65+,318.45166800000004,10981092,2.9000000000000004,0.013378345159115323,2024 to 2025,0.625,4.2603563310000006,2.6627227068750003
2024,41,2024-10-13,65+,362.37603599999983,10981092,3.299999999999998,0.021,2024 to 2025,0.375,7.609896755999997,2.8537112834999987
2024,42,2024-10-20,65+,406.300404,10981092,3.6999999999999997,0.01607031677723855,2024 to 2025,0.36363636363636365,6.5293761990000005,2.374318617818182
2024,43,2024-10-27,65+,384.33822,10981092,3.5,0.01772433096817694,2024 to 2025,0.23529411764705882,6.812137815000002,1.6028559564705886
2024,44,2024-11-03,65+,373.35712800000005,10981092,3.4000000000000004,0.01872433096817694,2024 to 2025,0.3571428571428571,6.990862434000002,2.496736583571429
2024,45,2024-11-10,65+,307.47057599999994,10981092,2.7999999999999994,0.01782700709546919,2024 to 2025,0.25000000000000006,5.481280139999998,1.3703200349999998
2024,46,2024-11-17,65+,296.4894840000001,10981092,2.700000000000001,0.02855133806364612,2024 to 2025,0.3,8.46517149,2.5395514469999996
2024,47,2024-11-24,65+,614.9411519999999,10981092,5.599999999999999,0.05134598580906162,2024 to 2025,0.22500000000000003,31.574759664,7.1043209244000005
2024,48,2024-12-01,65+,571.0167840000001,10981092,5.200000000000001,0.07858369741369983,2024 to 2025,0.18749999999999997,44.87261017200001,8.41361440725
2024,49,2024-12-08,65+,933.3928200000001,10981092,8.500000000000002,0.11882700709546921,2024 to 2025,0.08888888888888889,110.91227524500003,9.85886891066667
2024,50,2024-12-15,65+,933.3928200000001,10981092,8.500000000000002,0.13889172579557663,2024 to 2025,0.06382978723404255,129.64053961500002,8.274928060531916
2024,51,2024-12-22,65+,1702.06926,10981092,15.5,0.17403795742718484,2024 to 2025,0.06481481481481481,296.22465741,19.19974631361111
2024,52,2024-12-29,65+,1702.06926,10981092,15.5,0.22006471870010744,2024 to 2025,0.07766990291262135,374.56539291,29.09245770174757
2025,2,2025-01-12,65+,3228.441048,10981092,29.400000000000002,0.15692968322276146,2024 to 2025,0.07407407407407407,506.63823096600004,37.52875784933333
2025,3,2025-01-19,65+,1987.5776520000002,10981092,18.1,0.11510267612729229,2024 to 2025,0.08695652173913045,228.77550675600008,19.893522326608707
2025,4,2025-01-26,65+,1691.0881679999998,10981092,15.399999999999999,0.10037834515911534,2024 to 2025,0.12195121951219513,169.748631822,20.701052661219514
2025,5,2025-02-02,65+,1218.901212,10981092,11.1,0.09034598580906159,2024 to 2025,0.16470588235294117,110.12283160199996,18.137878146211758
2025,6,2025-02-09,65+,1054.1848319999997,10981092,9.599999999999998,0.06730802838187677,2024 to 2025,0.1395348837209302,70.95510259199997,9.90071198958139
2025,7,2025-02-16,65+,1021.2415560000002,10981092,9.300000000000002,0.061756690318230625,2024 to 2025,0.15584415584415584,63.06849851399999,9.828856911272725
2025,8,2025-02-23,65+,845.5440839999999,10981092,7.699999999999999,0.055583697413699854,2024 to 2025,0.1728395061728395,46.998466515000004,8.123191743333333
2025,10,2025-03-09,65+,636.9033360000001,10981092,5.800000000000001,0.03158369741369984,2024 to 2025,0.16666666666666666,20.115762246000003,3.3526270410000003
2025,11,2025-03-16,65+,538.0735080000002,10981092,4.900000000000002,0.04227566903182307,2024 to 2025,0.2586206896551724,22.747417539000008,5.882952811810346
2025,12,2025-03-23,65+,494.14914000000005,10981092,4.500000000000001,0.046551338063646135,2024 to 2025,0.22000000000000003,23.003303670000005,5.060726807400002
2025,13,2025-03-30,65+,494.14914000000005,10981092,4.500000000000001,0.035756690318230644,2024 to 2025,0.18367346938775508,17.66913777,3.245351835306122
2025,14,2025-04-06,65+,592.9789680000002,10981092,5.400000000000002,0.032345985809061624,2024 to 2025,0.2647058823529412,19.180489284000014,5.0771883398823565
2025,15,2025-04-13,65+,560.035692,10981092,5.1000000000000005,0.026621654840884672,2024 to 2025,0.3,14.909076890999998,4.4727230673
2025,16,2025-04-20,65+,274.5273,10981092,2.5000000000000004,0.026897323872707733,2024 to 2025,0.22727272727272727,7.3840496999999985,1.6781931136363633
2025,17,2025-04-27,65+,197.65965599999996,10981092,1.7999999999999994,0.014621654840884676,2024 to 2025,0.3333333333333333,2.890111265999999,0.9633704219999997
2025,18,2025-05-04,65+,208.64074799999997,10981092,1.8999999999999997,0.014172992904530796,2024 to 2025,0.4666666666666666,2.9570638409999974,1.3799631257999987
2025,19,2025-05-11,65+,153.73528799999997,10981092,1.3999999999999997,0.014551338063646129,2024 to 2025,0.36363636363636365,2.2370541479999995,0.8134742356363635
2025,20,2025-05-18,65+,109.81092,10981092,1,0.014859366445522906,2024 to 2025,0.22222222222222227,1.6317207,0.36260460000000005
2025,21,2025-05-25,65+,142.75419600000004,10981092,1.3000000000000003,0.012378345159115324,2024 to 2025,0.27272727272727276,1.7670607110000005,0.48192564845454566
2025,22,2025-06-01,65+,131.77310399999996,10981092,1.1999999999999997,0.009378345159115323,2024 to 2025,0.375,1.2358136519999996,0.46343011949999985
2025,23,2025-06-08,65+,219.62184,10981092,2,0.007275669031823064,2024 to 2025,0.25,1.59789582,0.399473955
2025,24,2025-06-15,65+,164.71638000000002,10981092,1.5000000000000002,0.0030000000000000005,2024 to 2025,0.3333333333333333,0.49414914000000015,0.16471638000000005
2025,25,2025-06-22,65+,87.84873599999997,10981092,0.7999999999999998,0.007897323872707742,2024 to 2025,0.33333333333333337,0.6937699199999998,0.23125663999999996
2025,26,2025-06-29,65+,87.84873599999997,10981092,0.7999999999999998,0.01162165484088468,2024 to 2025,0.4,1.020947688,0.4083790752
2025,27,2025-07-06,65+,65.88655199999998,10981092,0.5999999999999999,0.0036216548408846763,2025 to 2026,0,0.23861834999999987,0
2025,28,2025-07-13,65+,98.82982799999998,10981092,0.8999999999999997,0.0028973238727077414,2025 to 2026,0.33333333333333337,0.2863420199999999,0.09544733999999998
2025,29,2025-07-20,65+,76.86764399999998,10981092,0.6999999999999998,0.008518978713592418,2025 to 2026,0.4,0.6548338229999998,0.26193352919999996
2025,30,2025-07-27,65+,65.88655199999998,10981092,0.5999999999999999,0.006275669031823063,2025 to 2026,0.14285714285714288,0.41348219399999975,0.05906888485714283
2025,31,2025-08-03,65+,120.79201200000004,10981092,1.1000000000000005,0.003481021286407581,2025 to 2026,0.25,0.4204795650000001,0.10511989125000003
2025,32,2025-08-10,65+,98.82982799999998,10981092,0.8999999999999997,0.00955133806364613,2025 to 2026,0.4285714285714286,0.9439570979999998,0.404553042
2025,33,2025-08-17,65+,109.81092,10981092,1,0.0042756690318230635,2025 to 2026,0.25,0.4695151499999999,0.11737878749999997
2025,34,2025-08-24,65+,109.81092,10981092,1,0.013172992904530804,2025 to 2026,0.37499999999999994,1.4465384699999997,0.5424519262499998
2025,35,2025-08-31,65+,120.79201200000004,10981092,1.1000000000000005,0.011275669031823069,2025 to 2026,0.35714285714285715,1.362010749000001,0.48643241035714324
2025,36,2025-09-07,65+,109.81092,10981092,1,0.006897323872707743,2025 to 2026,0.5714285714285714,0.7574014800000002,0.4328008457142858
2025,37,2025-09-14,65+,131.77310399999996,10981092,1.1999999999999997,0.00907031677723855,2025 to 2026,0.5,1.1952237959999998,0.5976118979999999
2025,38,2025-09-21,65+,175.69747199999995,10981092,1.5999999999999996,0.010243309681769357,2025 to 2026,0.6000000000000001,1.799723616,1.0798341696000002
2025,39,2025-09-28,65+,296.4894840000001,10981092,2.700000000000001,0.01037834515911532,2025 to 2026,0.5,3.0770702010000006,1.5385351005000003
2025,40,2025-10-05,65+,340.413852,10981092,3.1,0.026859366445522906,2025 to 2026,0.6470588235294118,9.143300394,5.916253196117648
2025,41,2025-10-12,65+,450.224772,10981092,4.1,0.04310267612729226,2025 to 2026,0.6818181818181819,19.405892532,13.231290362727274
2025,42,2025-10-19,65+,450.224772,10981092,4.1,0.04827566903182306,2025 to 2026,0.7540983606557377,21.734902082999994,16.390254029803273
2025,43,2025-10-26,65+,527.0924159999998,10981092,4.799999999999999,0.055481021286407584,2025 to 2026,0.8571428571428571,29.243625551999994,25.065964758857135
2025,44,2025-11-02,65+,625.9222440000001,10981092,5.7,0.06807031677723854,2025 to 2026,0.9242424242424242,42.606725427,39.378943197681814
