Year,Week,date,group,ILI_per_100k,N,ILI,Proportion influenza positive,All influenza cases,Influenza A/H3N2,Season
2021,52,2022-01-03,0-4,0.6,3072243,18.433457999999998,0,NA,NA,2021/22
2022,1,2022-01-10,0-4,0.5,3072243,15.361215,0,NA,NA,2021/22
2022,2,2022-01-17,0-4,0.20000000000000004,3072243,6.144486000000001,0,0,0,2021/22
2022,3,2022-01-24,0-4,0.6,3072243,18.433457999999998,0,0,0,2021/22
2022,4,2022-01-31,0-4,0.8000000000000002,3072243,24.577944000000002,0.08333333333333333,0.6642687567567568,0.2214229189189189,2021/22
2022,5,2022-02-07,0-4,1,3072243,30.72243,0,0.9309827272727271,0.3103275757575757,2021/22
2022,6,2022-02-14,0-4,1.1,3072243,33.794673,0,1.2997951153846157,0,2021/22
2022,7,2022-02-21,0-4,0.4000000000000001,3072243,12.288972000000001,0,0,0,2021/22
2022,8,2022-02-28,0-4,0.6,3072243,18.433457999999998,0,0,0,2021/22
2022,9,2022-03-07,0-4,0.6999999999999998,3072243,21.505701,0.09090909090909091,0.4779044666666666,0.15930148888888884,2021/22
2022,10,2022-03-14,0-4,0.6999999999999998,3072243,21.505701,0,0.4135711730769231,0.1378570576923077,2021/22
2022,11,2022-03-21,0-4,0.6,3072243,18.433457999999998,0.06666666666666667,0.7844024680851063,0.26146748936170205,2021/22
2022,12,2022-03-28,0-4,1.3,3072243,39.939159000000004,0.1,1.7364851739130436,0,2021/22
2022,13,2022-04-04,0-4,1,3072243,30.72243,0.16666666666666666,3.572375581395349,1.1907918604651162,2021/22
2022,14,2022-04-11,0-4,1.2,3072243,36.866915999999996,0,4.096323999999999,1.365441333333333,2021/22
2022,15,2022-04-18,0-4,0.4000000000000001,3072243,12.288972000000001,0.1,1.3654413333333333,0.9102942222222221,2021/22
2022,16,2022-04-25,0-4,0.8000000000000002,3072243,24.577944000000002,0,0.98311776,0.32770592,2021/22
2022,17,2022-05-02,0-4,0.3,3072243,9.216728999999999,0.09090909090909091,0.6583377857142856,0.43889185714285706,2021/22
2022,18,2022-05-09,0-4,0.8000000000000002,3072243,24.577944000000002,0.06666666666666667,1.4895723636363636,0.9930482424242424,2021/22
2022,19,2022-05-16,0-4,1.2,3072243,36.866915999999996,0.08333333333333333,2.910546,1.940364,2021/22
2022,20,2022-05-23,0-4,1.7,3072243,52.228131,0,2.901562833333333,0.9671876111111111,2021/22
2022,21,2022-05-30,0-4,1.1,3072243,33.794673,0,1.2516545555555556,0,2021/22
2022,22,2022-06-06,0-4,0.3,3072243,9.216728999999999,0,0,0,2021/22
2022,23,2022-06-13,0-4,0.6999999999999998,3072243,21.505701,0,0,0,2021/22
2022,24,2022-06-20,0-4,1.3,3072243,39.939159000000004,0,0,0,2021/22
2022,25,2022-06-27,0-4,0.5,3072243,15.361215,0,0,0,2021/22
2022,26,2022-07-04,0-4,1.3,3072243,39.939159000000004,0,0,0,2022/23
2022,27,2022-07-11,0-4,0.6999999999999998,3072243,21.505701,0,0,0,2022/23
2022,28,2022-07-18,0-4,0.6999999999999998,3072243,21.505701,0,0,0,2022/23
2022,29,2022-07-25,0-4,0.5,3072243,15.361215,0,0,0,2022/23
2022,30,2022-08-01,0-4,0.4000000000000001,3072243,12.288972000000001,0,0,0,2022/23
2022,31,2022-08-08,0-4,0.3,3072243,9.216728999999999,0,0,0,2022/23
2022,32,2022-08-15,0-4,0.3,3072243,9.216728999999999,0,0,0,2022/23
2022,33,2022-08-22,0-4,0.20000000000000004,3072243,6.144486000000001,0,0,0,2022/23
2022,34,2022-08-29,0-4,0.20000000000000004,3072243,6.144486000000001,0,0,0,2022/23
2022,35,2022-09-05,0-4,0.20000000000000004,3072243,6.144486000000001,0,0,0,2022/23
2022,36,2022-09-12,0-4,0,3072243,0,0,0,0,2022/23
2022,37,2022-09-19,0-4,1,3072243,30.72243,0,0,0,2022/23
2022,38,2022-09-26,0-4,0.8000000000000002,3072243,24.577944000000002,0,0,0,2022/23
2022,39,2022-10-03,0-4,0.9,3072243,27.650187000000003,0.06060606060606061,0.8919415161290323,0.2973138387096774,2022/23
2022,40,2022-10-10,0-4,1.9000000000000001,3072243,58.372617,0.037037037037037035,2.109853626506024,1.4065690843373493,2022/23
2022,41,2022-10-17,0-4,2.2,3072243,67.589346,0.05128205128205128,3.4136033333333335,2.844669444444445,2022/23
2022,42,2022-10-24,0-4,2.7999999999999994,3072243,86.022804,0.08,5.19103127586207,3.4606875172413796,2022/23
2022,43,2022-10-31,0-4,3.2000000000000006,3072243,98.31177600000001,0.10714285714285714,8.136146979310345,3.3900612413793105,2022/23
2022,44,2022-11-07,0-4,2.6999999999999997,3072243,82.950561,0.05555555555555555,6.524201426966291,3.805784165730337,2022/23
2022,45,2022-11-14,0-4,3.8000000000000003,3072243,116.745234,0.1111111111111111,10.50707106,6.379293143571428,2022/23
2022,46,2022-11-21,0-4,7.000000000000001,3072243,215.05701000000002,0.05714285714285714,16.07902878504673,11.102186542056074,2022/23
2022,47,2022-11-28,0-4,8.3,3072243,254.996169,0.05555555555555555,19.06513413084112,11.575260008010678,2022/23
2022,48,2022-12-05,0-4,12.699999999999998,3072243,390.17486099999996,0.20666666666666667,52.11239581849315,32.43016030102463,2022/23
2022,49,2022-12-12,0-4,19.7,3072243,605.231871,0.1724137931034483,98.9479898092643,70.99155556242098,2022/23
2022,50,2022-12-19,0-4,26.599999999999998,3072243,817.216638,0.24311926605504589,173.6386228888889,117.67592453204469,2022/23
2022,51,2022-12-26,0-4,29.000000000000004,3072243,890.9504700000001,0.25301204819277107,197.76703257847535,138.70146891432117,2022/23
2022,52,2023-01-02,0-4,13,3072243,399.39159,0.23809523809523808,97.81018530612246,65.81185870258112,2022/23
2023,1,2023-01-09,0-4,9.5,3072243,291.863085,0.11363636363636363,62.17201810650887,45.34061637926176,2022/23
2023,2,2023-01-16,0-4,7.2,3072243,221.20149600000002,0.058823529411764705,29.062970277372266,20.989922978102193,2022/23
2023,3,2023-01-23,0-4,5.3999999999999995,3072243,165.901122,0,8.618240103896103,7.086108529870129,2022/23
2023,4,2023-01-30,0-4,4.5,3072243,138.250935,0,2.439722382352941,2.168642117647059,2022/23
2023,5,2023-02-06,0-4,4.8,3072243,147.46766399999998,0,0,0,2022/23
2023,6,2023-02-13,0-4,4.8999999999999995,3072243,150.539907,0,0,0,2022/23
2023,7,2023-02-20,0-4,3.6,3072243,110.60074800000001,0.0196078431372549,0.6743948048780488,0.11239913414634158,2022/23
2023,8,2023-02-27,0-4,3.4,3072243,104.456262,0.05,2.117356662162162,0.3528927770270273,2022/23
2023,9,2023-03-06,0-4,3.5000000000000004,3072243,107.52850500000001,0,2.5806841200000004,0.4301140200000005,2022/23
2023,10,2023-03-13,0-4,2.4,3072243,73.73383199999999,0.016666666666666666,1.650757432835821,2.4436118800072583e-16,2022/23
2023,11,2023-03-20,0-4,3.7000000000000006,3072243,113.67299100000001,0.017543859649122806,1.5056025298013245,2.228739459359085e-16,2022/23
2023,12,2023-03-27,0-4,3.0999999999999996,3072243,95.239533,0.016129032258064516,1.5961932905027931,2.3628407238245225e-16,2022/23
2023,13,2023-04-03,0-4,2.6,3072243,79.87831800000001,0.022222222222222223,1.4611887439024394,2.1629938490714658e-16,2022/23
2023,14,2023-04-10,0-4,1.5,3072243,46.083645,0,0.6269883673469387,9.281292288009428e-17,2022/23
2023,15,2023-04-17,0-4,0.8000000000000002,3072243,24.577944000000002,0,0.19201518750000002,2.8423957632028874e-17,2022/23
2023,16,2023-04-24,0-4,1.1,3072243,33.794673,0,0,0,2022/23
2023,17,2023-05-01,0-4,0.6999999999999998,3072243,21.505701,0,0,0,2022/23
2023,18,2023-05-08,0-4,0.6,3072243,18.433457999999998,0,0,0,2022/23
2023,19,2023-05-15,0-4,0.8000000000000002,3072243,24.577944000000002,0,0,0,2022/23
2023,20,2023-05-22,0-4,1.2,3072243,36.866915999999996,0,0,0,2022/23
2023,21,2023-05-29,0-4,0.8000000000000002,3072243,24.577944000000002,0,0,0,2022/23
2023,22,2023-06-05,0-4,0.5,3072243,15.361215,0,0,0,2022/23
2023,23,2023-06-12,0-4,0.6999999999999998,3072243,21.505701,0,0,0,2022/23
2023,24,2023-06-19,0-4,0.9,3072243,27.650187000000003,0,0,0,2022/23
2023,25,2023-06-26,0-4,0.6,3072243,18.433457999999998,0,0,0,2022/23
2023,26,2023-07-03,0-4,0.9,3072243,27.650187000000003,0,0,0,2023/24
2023,27,2023-07-10,0-4,0.6,3072243,18.433457999999998,0,0,0,2023/24
2023,28,2023-07-17,0-4,1.6000000000000003,3072243,49.155888000000004,0,0,0,2023/24
2023,29,2023-07-24,0-4,0.9,3072243,27.650187000000003,0,0,0,2023/24
2023,30,2023-07-31,0-4,0.6999999999999998,3072243,21.505701,0,0,0,2023/24
2023,31,2023-08-07,0-4,0.20000000000000004,3072243,6.144486000000001,0,0,0,2023/24
2023,32,2023-08-14,0-4,0.4000000000000001,3072243,12.288972000000001,0,0,0,2023/24
2023,33,2023-08-21,0-4,0.6,2498431,14.990585999999999,0,0,0,2023/24
2023,34,2023-08-28,0-4,0.4,2498431,9.993724,0,0,0,2023/24
2023,35,2023-09-04,0-4,0.3,2498431,7.495292999999999,0,0,0,2023/24
2023,36,2023-09-11,0-4,1.1,2498431,27.482741,0,0,0,2023/24
2023,37,2023-09-18,0-4,0.6,2498431,14.990585999999999,0,0,0,2023/24
2023,38,2023-09-25,0-4,1.6,2498431,39.974896,0,0,0,2023/24
2023,39,2023-10-02,0-4,2.3,2498431,57.463913,0,0,0,2023/24
2023,40,2023-10-09,0-4,2.7,2498431,67.457637,0,0,0,2023/24
2023,41,2023-10-16,0-4,3.3,2498431,82.448223,0.03225806451612903,0.9776469130434783,0.10862743478260885,2023/24
2023,42,2023-10-23,0-4,3.999999999999999,2498431,99.93723999999999,0.00980392156862745,1.4805517037037035,0.16450574485596728,2023/24
2023,43,2023-10-30,0-4,2.9,2498431,72.454499,0,0.9348967612903225,0.10387741792114709,2023/24
2023,44,2023-11-06,0-4,2.3,2498431,57.463913,0.011904761904761904,0.44777075064935057,0.14925691688311693,2023/24
2023,45,2023-11-13,0-4,4.299999999999999,2498431,107.43253299999998,0.012738853503184714,0.9766593909090907,0.48832969545454546,2023/24
2023,46,2023-11-20,0-4,5.999999999999999,2498431,149.90586,0.006896551724137931,1.5947431914893617,1.3289526595744683,2023/24
2023,47,2023-11-27,0-4,3.5,2498431,87.445085,0.01818181818181818,1.1726352394636017,0.8794764295977014,2023/24
2023,48,2023-12-04,0-4,4.5,2498431,112.429395,0.03125,2.141512285714286,1.677517957142858,2023/24
2023,49,2023-12-11,0-4,4.900000000000001,2498431,122.42311900000001,0.03614457831325301,3.3632725000000003,2.074018041666667,2023/24
2023,50,2023-12-18,0-4,5.9,2498431,147.407429,0.08755760368663594,8.14405685082873,3.9863015111951166,2023/24
2023,51,2023-12-25,0-4,8.4,2498431,209.86820400000002,0.04918032786885246,12.88299866138614,5.876455529755084,2023/24
2021,52,2022-01-03,19-64,1,34769641,347.69641,0,23.946033746556477,6.931746610845302,2021/22
2022,1,2022-01-10,19-64,1.4999999999999998,34769641,521.5446149999999,0,14.830652559241704,2.471775426540287,2021/22
2022,2,2022-01-17,19-64,1.8000000000000007,34769641,625.8535380000003,0,0,0,2021/22
2022,3,2022-01-24,19-64,1.2999999999999996,34769641,452.0053329999999,0,0,0,2021/22
2022,4,2022-01-31,19-64,1.0999999999999996,34769641,382.4660509999999,0,0,0,2021/22
2022,5,2022-02-07,19-64,1,34769641,347.69641,0,0,0,2021/22
2022,6,2022-02-14,19-64,1.9000000000000001,34769641,660.623179,0,0,0,2021/22
2022,7,2022-02-21,19-64,1.7000000000000004,34769641,591.0838970000001,0.027777777777777776,6.7168624659090925,1.491443072578556e-15,2021/22
2022,8,2022-02-28,19-64,1.2000000000000002,34769641,417.23569200000003,0,5.349175538461538,1.1877555691123339e-15,2021/22
2022,9,2022-03-07,19-64,1.6000000000000008,34769641,556.3142560000002,0.05555555555555555,16.689427680000005,5.563142560000005,2021/22
2022,10,2022-03-14,19-64,2.599999999999999,34769641,904.0106659999998,0.0196078431372549,23.58288693913043,15.72192462608696,2021/22
2022,11,2022-03-21,19-64,1.4999999999999998,34769641,521.5446149999999,0.078125,27.631502781456945,27.631502781456952,2021/22
2022,12,2022-03-28,19-64,2.3,34769641,799.701743,0.05,41.127518211428566,41.12751821142857,2021/22
2022,13,2022-04-04,19-64,2.9999999999999996,34769641,1043.0892299999998,0.030303030303030304,54.89943315789473,36.599622105263165,2021/22
2022,14,2022-04-11,19-64,2,34769641,695.39282,0.06451612903225806,31.004775414012745,20.669850276008507,2021/22
2022,15,2022-04-18,19-64,1.7000000000000004,34769641,591.0838970000001,0.058823529411764705,27.07254490076336,18.04836326717558,2021/22
2022,16,2022-04-25,19-64,1.6000000000000008,34769641,556.3142560000002,0.13333333333333333,41.723569200000014,27.81571280000002,2021/22
2022,17,2022-05-02,19-64,1.3999999999999995,34769641,486.7749739999998,0.14285714285714285,46.35952133333331,15.453173777777785,2021/22
2022,18,2022-05-09,19-64,1.3999999999999995,34769641,486.7749739999998,0.07142857142857142,56.601741162790674,18.867247054263576,2021/22
2022,19,2022-05-16,19-64,1.6000000000000008,34769641,556.3142560000002,0.043478260869565216,43.63249066666668,14.544163555555574,2021/22
2022,20,2022-05-23,19-64,1.3999999999999995,34769641,486.7749739999998,0,16.22583246666666,5.408610822222225,2021/22
2022,21,2022-05-30,19-64,1.3999999999999995,34769641,486.7749739999998,0,8.692410249999996,2.573470399743389e-15,2021/22
2022,22,2022-06-06,19-64,0.6999999999999997,34769641,243.3874869999999,0.045454545454545456,4.425227036363634,1.310130385323907e-15,2021/22
2022,23,2022-06-13,19-64,1.4999999999999998,34769641,521.5446149999999,0.058823529411764705,21.287535306122447,6.3023764891674854e-15,2021/22
2022,24,2022-06-20,19-64,1.4999999999999998,34769641,521.5446149999999,0.05263157894736842,27.093226753246746,8.021206440758617e-15,2021/22
2022,25,2022-06-27,19-64,1.0999999999999996,34769641,382.4660509999999,0,12.748868366666663,4.2496227888888916,2021/22
2022,26,2022-07-04,19-64,1.3999999999999995,34769641,486.7749739999998,0.045454545454545456,16.641879452991446,5.547293150997154,2022/23
2022,27,2022-07-11,19-64,1.8000000000000007,34769641,625.8535380000003,0,10.69835107692308,3.56611702564103,2022/23
2022,28,2022-07-18,19-64,1,34769641,347.69641,0,6.379750642201834,1.888785614490561e-15,2022/23
2022,29,2022-07-25,19-64,0.5,34769641,173.848205,0,0,0,2022/23
2022,30,2022-08-01,19-64,1.2000000000000002,34769641,417.23569200000003,0.04,4.9086552,1.4532538727962674e-15,2022/23
2022,31,2022-08-08,19-64,1.0999999999999996,34769641,382.4660509999999,0.08108108108108109,16.103833726315784,4.76769253005091e-15,2022/23
2022,32,2022-08-15,19-64,0.8000000000000004,34769641,278.1571280000001,0.07692307692307693,18.965258727272737,5.6148445085310356e-15,2022/23
2022,33,2022-08-22,19-64,1,34769641,347.69641,0.14285714285714285,31.608764545454548,9.358074180885055e-15,2022/23
2022,34,2022-08-29,19-64,0.8000000000000004,34769641,278.1571280000001,0.05555555555555555,23.9790627586207,7.099228688947286e-15,2022/23
2022,35,2022-09-05,19-64,0.9000000000000004,34769641,312.92676900000015,0.13043478260869565,34.137465709090925,11.379155236363653,2022/23
2022,36,2022-09-12,19-64,1,34769641,347.69641,0.04838709677419355,23.629853106796116,7.87661770226538,2022/23
2022,37,2022-09-19,19-64,1.2999999999999996,34769641,452.0053329999999,0.021739130434782608,24.152956725190837,8.05098557506362,2022/23
2022,38,2022-09-26,19-64,1.4999999999999998,34769641,521.5446149999999,0.020833333333333332,16.716173557692308,4.9489815379680575e-15,2022/23
2022,39,2022-10-03,19-64,2.9999999999999996,34769641,1043.0892299999998,0.09166666666666666,63.36523359813083,17.60145377725858,2022/23
2022,40,2022-10-10,19-64,3.6000000000000014,34769641,1251.7070760000006,0.08130081300813008,94.63077550515467,57.829918364261225,2022/23
2022,41,2022-10-17,19-64,4.299999999999999,34769641,1495.0945629999997,0.07142857142857142,122.13448542816899,110.82573677741264,2022/23
2022,42,2022-10-24,19-64,3.7,34769641,1286.476717,0.07746478873239436,98.95974746153846,82.607424519176,2022/23
2022,43,2022-10-31,19-64,4,34769641,1390.78564,0.06790123456790123,100.29704134615386,73.4368650312295,2022/23
2022,44,2022-11-07,19-64,3.9000000000000004,34769641,1356.0159990000002,0.06578947368421052,95.15901747368422,73.19924421052636,2022/23
2022,45,2022-11-14,19-64,5.199999999999998,34769641,1808.0213319999996,0.14788732394366197,166.52828057894732,133.18811976891726,2022/23
2022,46,2022-11-21,19-64,5.6999999999999975,34769641,1981.8695369999994,0.10236220472440945,207.13125802375288,165.66208877942222,2022/23
2022,47,2022-11-28,19-64,7.200000000000003,34769641,2503.414152000001,0.1588235294117647,347.8548138314352,230.1248223930404,2022/23
2022,48,2022-12-05,19-64,9.900000000000002,34769641,3442.194459000001,0.17391304347826086,515.2557194345115,343.5756155928288,2022/23
2022,49,2022-12-12,19-64,16.300000000000008,34769641,5667.451483000003,0.29017857142857145,1215.8546434117652,837.1253384595059,2022/23
2022,50,2022-12-19,19-64,25.600000000000012,34769641,8901.028096000004,0.4049382716049383,2857.5256249151303,2236.100842030235,2022/23
2022,51,2022-12-26,19-64,33.5,34769641,11647.829735,0.3617886178861789,4233.154120834285,3109.021308012986,2022/23
2022,52,2023-01-02,19-64,19.800000000000004,34769641,6884.388918000002,0.24468085106382978,2375.962734829583,1541.1475219272438,2022/23
2023,1,2023-01-09,19-64,22.300000000000004,34769641,7753.629943000002,0.09407665505226481,1760.0264287791413,926.1091446671202,2022/23
2023,2,2023-01-16,19-64,13.600000000000003,34769641,4728.671176000001,0.05084745762711865,665.5636373726543,310.5963641072389,2022/23
2023,3,2023-01-23,19-64,8.199999999999998,34769641,2851.1105619999994,0.07746478873239436,221.1257366567656,140.0462998826183,2022/23
2023,4,2023-01-30,19-64,6.3,34769641,2190.4873829999997,0.021739130434782608,110.24334750328225,69.8207867520788,2022/23
2023,5,2023-02-06,19-64,6.400000000000003,34769641,2225.257024000001,0.06976744186046512,128.00151023008854,64.00075511504433,2022/23
2023,6,2023-02-13,19-64,7.100000000000001,34769641,2468.6445110000004,0.049689440993788817,120.54951964543527,20.091586607572598,2022/23
2023,7,2023-02-20,19-64,6.2,34769641,2155.7177420000003,0.04487179487179487,119.02735998773008,5.285876624749001e-14,2022/23
2023,8,2023-02-27,19-64,5.599999999999998,34769641,1947.0998959999993,0.08029197080291971,111.50792355947131,4.9519465665546795e-14,2022/23
2023,9,2023-03-06,19-64,5.3,34769641,1842.790973,0.08333333333333333,126.50738945080091,10.542282454233465,2022/23
2023,10,2023-03-13,19-64,5.1000000000000005,34769641,1773.2516910000002,0.07100591715976332,137.91957596666668,11.493297997222284,2022/23
2023,11,2023-03-20,19-64,5.3999999999999995,34769641,1877.5606139999998,0.04477611940298507,126.01077946308723,10.500898288590658,2022/23
2023,12,2023-03-27,19-64,4.999999999999999,34769641,1738.4820499999998,0.06451612903225806,105.85604988290396,4.700952955034763e-14,2022/23
2023,13,2023-04-03,19-64,4.399999999999999,34769641,1529.8642039999995,0.07608695652173914,91.79185223999997,4.0763771131935286e-14,2022/23
2023,14,2023-04-10,19-64,2.599999999999999,34769641,904.0106659999998,0.0625,61.08180175675675,2.712576907837627e-14,2022/23
2023,15,2023-04-17,19-64,2.6999999999999997,34769641,938.7803069999999,0.058333333333333334,61.08501997602739,2.7127198254829294e-14,2022/23
2023,16,2023-04-24,19-64,2.9999999999999996,34769641,1043.0892299999998,0.010309278350515464,45.65710434343433,2.0275827391917612e-14,2022/23
2023,17,2023-05-01,19-64,2.1999999999999993,34769641,764.9321019999998,0.014492753623188406,24.071289923076918,1.0689800122011003e-14,2022/23
2023,18,2023-05-08,19-64,1.8000000000000007,34769641,625.8535380000003,0,5.489943315789476,2.438024589230581e-15,2022/23
2023,19,2023-05-15,19-64,1.7000000000000004,34769641,591.0838970000001,0.03225806451612903,9.187832595854925,4.080217317727863e-15,2022/23
2023,20,2023-05-22,19-64,1.6000000000000008,34769641,556.3142560000002,0.0136986301369863,8.471790700507617,3.762230838203536e-15,2022/23
2023,21,2023-05-29,19-64,1.7000000000000004,34769641,591.0838970000001,0,9.432189845744684,4.188733735752541e-15,2022/23
2023,22,2023-06-05,19-64,1.3999999999999995,34769641,486.7749739999998,0,2.4709389543147195,1.0973173278093638e-15,2022/23
2023,23,2023-06-12,19-64,1.8000000000000007,34769641,625.8535380000003,0.024390243902439025,3.793051745454547,1.6844533525593107e-15,2022/23
2023,24,2023-06-19,19-64,1,34769641,347.69641,0.031746031746031744,5.960509885714286,2.6469981254503443e-15,2022/23
2023,25,2023-06-26,19-64,0.8000000000000004,34769641,278.1571280000001,0,5.754975062068968,0.9591625103448305,2022/23
2023,26,2023-07-03,19-64,1,34769641,347.69641,0,4.2402001219512195,0.7067000203252051,2023/24
2023,27,2023-07-10,19-64,1.2000000000000002,34769641,417.23569200000003,0,0,0,2023/24
2023,28,2023-07-17,19-64,1.8000000000000007,34769641,625.8535380000003,0,0,0,2023/24
2023,29,2023-07-24,19-64,1.3999999999999995,34769641,486.7749739999998,0.012345679012345678,2.5091493505154623,1.1142861524662094e-15,2023/24
2023,30,2023-07-31,19-64,1.8000000000000007,34769641,625.8535380000003,0.014285714285714285,5.663832923076925,2.5152470875320022e-15,2023/24
2023,31,2023-08-07,19-64,1.6000000000000008,34769641,556.3142560000002,0,5.248247698113209,2.330690173352505e-15,2023/24
2023,32,2023-08-14,19-64,1.7000000000000004,34769641,591.0838970000001,0.028169014084507043,8.778473717821784,3.898425457037018e-15,2023/24
2023,33,2023-08-21,19-64,1.6000000000000008,34769641,556.3142560000002,0,5.427456156097564,2.410274715857225e-15,2023/24
2023,34,2023-08-28,19-64,1.3999999999999995,34769641,486.7749739999998,0.03333333333333333,9.54460733333333,4.238657128989112e-15,2023/24
2023,35,2023-09-04,19-64,1.3999999999999995,34769641,486.7749739999998,0,4.0734307447698725,1.8089666408238048e-15,2023/24
2023,36,2023-09-11,19-64,1.7000000000000004,34769641,591.0838970000001,0.011111111111111112,6.9267644179687515,3.0761013371932717e-15,2023/24
2023,37,2023-09-18,19-64,1.8000000000000007,34769641,625.8535380000003,0,1.9743013817034707,8.767659406065812e-16,2023/24
2023,38,2023-09-25,19-64,2,34769641,695.39282,0,1.9811761253561253,0.6603920417853759,2023/24
2023,39,2023-10-02,19-64,3.299999999999999,34769641,1147.3981529999996,0.015625,7.59866326490066,2.53288775496689,2023/24
2023,40,2023-10-09,19-64,3.7,34769641,1286.476717,0.005154639175257732,9.783092904942965,4.076288710392906,2023/24
2023,41,2023-10-16,19-64,4,34769641,1390.78564,0.004291845493562232,11.234132794830373,2.808533198707598,2023/24
2023,42,2023-10-23,19-64,3.9000000000000004,34769641,1356.0159990000002,0.008438818565400843,8.168771078313254,3.40365461596386,2023/24
2023,43,2023-10-30,19-64,3.7,34769641,1286.476717,0.005208333333333333,7.77327321450151,2.591091071500507,2023/24
2023,44,2023-11-06,19-64,4.099999999999999,34769641,1425.5552809999997,0.0189873417721519,17.221473193288585,2.8702455322147715,2023/24
2023,45,2023-11-13,19-64,4.399999999999999,34769641,1529.8642039999995,0.013071895424836602,20.67384059459459,1.7228200495495583,2023/24
2023,46,2023-11-20,19-64,3.9000000000000004,34769641,1356.0159990000002,0.013793103448275862,20.816035072368425,1.7346695893640447,2023/24
2023,47,2023-11-27,19-64,4.299999999999999,34769641,1495.0945629999997,0.032640949554896145,30.446727435155402,7.611681858788864,2023/24
2023,48,2023-12-04,19-64,5.3,34769641,1842.790973,0.03553299492385787,52.34176123114593,16.201021333449955,2023/24
2023,49,2023-12-11,19-64,6.3,34769641,2190.4873829999997,0.0741687979539642,105.42452645454543,52.712263227272764,2023/24
2023,50,2023-12-18,19-64,7.4,34769641,2572.953434,0.10902255639097744,197.3183726909643,93.96112985284024,2023/24
2023,51,2023-12-25,19-64,8.599999999999998,34769641,2990.1891259999993,0.11011904761904762,294.50631582525807,163.61461990292128,2023/24
2021,52,2022-01-03,5-18,0.7148773339117342,9797125,70.037426,0,7.630224162844036,2.7856373927843343,2021/22
2022,1,2022-01-10,5-18,0.7871933347793357,9797125,77.122315,0,8.083642082152975,1.7963649071451093,2021/22
2022,2,2022-01-17,5-18,0.6595093356469373,9797125,64.612954,0,0,0,2021/22
2022,3,2022-01-24,5-18,0.801035334345535,9797125,78.478433,0,0,0,2021/22
2022,4,2022-01-31,5-18,0.8861580004338007,9797125,86.818007,0.058823529411764705,2.71306271875,1.3052453689636292e-15,2021/22
2022,5,2022-02-07,5-18,1,9797125,97.97125,0,3.3783189655172414,1.625297916686202e-15,2021/22
2022,6,2022-02-14,5-18,1.3297546678234686,9797125,130.277727,0,4.202507322580645,2.0218121692967688e-15,2021/22
2022,7,2022-02-21,5-18,0.7733513352131365,9797125,75.766197,0,0,0,2021/22
2022,8,2022-02-28,5-18,0.7723160008676014,9797125,75.66476399999999,0,0,0,2021/22
2022,9,2022-03-07,5-18,0.9584740013014024,9797125,93.90289600000001,0.16666666666666666,7.223299692307694,4.815533128205132,2021/22
2022,10,2022-03-14,5-18,1.2456673360807382,9797125,122.03958600000001,0.15789473684210525,18.079938666666667,12.053292444444452,2021/22
2022,11,2022-03-21,5-18,0.8584740013014022,9797125,84.10577099999999,0.08333333333333333,11.365644729729729,11.365644729729734,2021/22
2022,12,2022-03-28,5-18,1.5871933347793359,9797125,155.499315,0.08333333333333333,18.08131569767442,16.07228062015505,2021/22
2022,13,2022-04-04,5-18,1.5743866695586715,9797125,154.24463,0,11.864971538461539,10.546641367521373,2021/22
2022,14,2022-04-11,5-18,1.4297546678234685,9797125,140.074852,0.25,15.563872444444442,13.834553283950621,2021/22
2022,15,2022-04-18,5-18,0.7733513352131365,9797125,75.766197,0.3333333333333333,18.94154925,18.94154925000001,2021/22
2022,16,2022-04-25,5-18,1.029754667823469,9797125,100.88635200000003,0.5,33.62878400000001,33.628784000000024,2021/22
2022,17,2022-05-02,5-18,0.6159126682572693,9797125,60.341733999999995,0,20.11391133333333,20.11391133333334,2021/22
2022,18,2022-05-09,5-18,0.9723160008676015,9797125,95.25901400000001,0,7.938251166666667,7.938251166666671,2021/22
2022,19,2022-05-16,5-18,1.3148773339117343,9797125,128.820176,0.25,9.201441142857142,9.201441142857146,2021/22
2022,20,2022-05-23,5-18,1.613841999566199,9797125,158.11011799999997,0,5.855930296296295,3.903953530864199,2021/22
2022,21,2022-05-30,5-18,1.1861580004338004,9797125,116.20938199999998,0,4.842057583333332,1.6140191944444462,2021/22
2022,22,2022-06-06,5-18,0.4148773339117343,9797125,40.646051,0,0,0,2021/22
2022,23,2022-06-13,5-18,0.9297546678234687,9797125,91.08922700000001,0,0,0,2021/22
2022,24,2022-06-20,5-18,1.3574386669558673,9797125,132.98996300000002,0,0,0,2021/22
2022,25,2022-06-27,5-18,0.6723160008676016,9797125,65.86763900000001,0.1111111111111111,1.9372835000000002,1.937283500000001,2021/22
2022,26,2022-07-04,5-18,1.3287193334779335,9797125,130.17629399999998,0,3.828714529411764,2.5524763529411776,2022/23
2022,27,2022-07-11,5-18,1.0159126682572694,9797125,99.53023400000001,0,3.686304962962963,1.2287683209876559,2022/23
2022,28,2022-07-18,5-18,0.7861580004338008,9797125,77.020882,0,0,0,2022/23
2022,29,2022-07-25,5-18,0.5,9797125,48.985625,0,0,0,2022/23
2022,30,2022-08-01,5-18,0.6297546678234687,9797125,61.697852000000005,0,0,0,2022/23
2022,31,2022-08-08,5-18,0.5297546678234686,9797125,51.900727,0,0,0,2022/23
2022,32,2022-08-15,5-18,0.4435966673896679,9797125,43.459720000000004,0,0,0,2022/23
2022,33,2022-08-22,5-18,0.42975466782346866,9797125,42.103602,0,0,0,2022/23
2022,34,2022-08-29,5-18,0.37231600086760147,9797125,36.476264,0,0,0,2022/23
2022,35,2022-09-05,5-18,0.40103533434553507,9797125,39.289933000000005,0,0,0,2022/23
2022,36,2022-09-12,5-18,0.2871933347793358,9797125,28.13669,0,0,0,2022/23
2022,37,2022-09-19,5-18,1.086158000433801,9797125,106.41225700000001,0,0,0,2022/23
2022,38,2022-09-26,5-18,1.0010353343455354,9797125,98.07268300000003,0,0,0,2022/23
2022,39,2022-10-03,5-18,1.5031060030366052,9797125,147.261174,0.14634146341463414,11.04458805,2.342791404545459,2022/23
2022,40,2022-10-10,5-18,2.388228669124871,9797125,233.977748,0.06896551724137931,19.912999829787232,6.879036304835597,2022/23
2022,41,2022-10-17,5-18,2.8031060030366053,9797125,274.623799,0.2,40.59656159130435,21.756945129885203,2022/23
2022,42,2022-10-24,5-18,3.058474001301403,9797125,299.64252100000004,0.35135135135135137,64.78757210810812,33.936347294723326,2022/23
2022,43,2022-10-31,5-18,3.429754667823469,9797125,336.017352,0.2708333333333333,90.46621015384615,57.25610356923079,2022/23
2022,44,2022-11-07,5-18,3.044632001735203,9797125,298.286403,0.0425531914893617,63.272873363636364,40.648027736639136,2022/23
2022,45,2022-11-14,5-18,4.20207066869107,9797125,411.68211599999995,0.2037037037037037,71.83714775838925,48.16640656718796,2022/23
2022,46,2022-11-21,5-18,6.626648664786863,9797125,649.221053,0.19696969696969696,101.07633160479043,57.30614239230665,2022/23
2022,47,2022-11-28,5-18,7.984087331742732,9797125,782.2110160000001,0.25,174.60067321428573,98.18544087065746,2022/23
2022,48,2022-12-05,5-18,11.89585866261786,9797125,1165.452143,0.3592814371257485,342.3731814747774,194.33307608722677,2022/23
2022,49,2022-12-12,5-18,18.72354266175026,9797125,1834.368879,0.34649122807017546,606.554839749499,398.10818102557624,2022/23
2022,50,2022-12-19,5-18,26.312806665220663,9797125,2577.8985599999996,0.44966442953020136,1015.5357963636362,705.751831442967,2022/23
2022,51,2022-12-26,5-18,30.29237000650701,9797125,2967.781355,0.4298245614035088,1214.9354922031248,829.5830386435229,2022/23
2022,52,2023-01-02,5-18,14.952914676499486,9797125,1464.955742,0.23076923076923078,615.6602795043104,426.0299446027559,2022/23
2023,1,2023-01-09,5-18,13.176074685175497,9797125,1290.876507,0.10909090909090909,391.35170121719455,264.6776474217294,2022/23
2023,2,2023-01-16,5-18,9.03803734258775,9797125,885.4678160000001,0.09803921568627451,128.897213721519,79.49528384156828,2022/23
2023,3,2023-01-23,5-18,6.20414133738214,9797125,607.8274819999999,0.031746031746031744,46.75596015384614,25.47147413420557,2022/23
2023,4,2023-01-30,5-18,5.016948002602804,9797125,491.516667,0.056338028169014086,29.225315335135136,12.78790021657262,2022/23
2023,5,2023-02-06,5-18,5.259509335646937,9797125,515.280704,0.11475409836065574,34.352046933333334,14.05959234682947,2022/23
2023,6,2023-02-13,5-18,5.5318253365145384,9797125,541.959843,0.017543859649122806,34.41014876190476,8.4113696973545,2022/23
2023,7,2023-02-20,5-18,4.346702670426273,9797125,425.851894,0.0392156862745098,25.198336923076923,4.559699062271065,2022/23
2023,8,2023-02-27,5-18,4.031825336514538,9797125,395.0029679999999,0.03571428571428571,11.617734352941172,0.5532254453781523,2022/23
2023,9,2023-03-06,5-18,4.016948002602804,9797125,393.54541700000004,0.08695652173913043,22.038543352000005,1.0494544453333359,2022/23
2023,10,2023-03-13,5-18,3.1754220039042065,9797125,311.100063,0.01818181818181818,14.469770372093022,1.6064672228136591e-15,2022/23
2023,11,2023-03-20,5-18,4.1882286691248725,9797125,410.3259980000001,0.057971014492753624,21.72314107058824,2.411753138374744e-15,2022/23
2023,12,2023-03-27,5-18,3.6456673360807375,9797125,357.17058599999996,0.03571428571428571,13.889967233333332,1.5420961433735649e-15,2022/23
2023,13,2023-04-03,5-18,3.116948002602805,9797125,305.37129200000004,0.11428571428571428,19.085705750000002,2.1189389964870745e-15,2022/23
2023,14,2023-04-10,5-18,1.8159126682572695,9797125,177.90723400000002,0,9.793058752293579,1.0872479308303239e-15,2022/23
2023,15,2023-04-17,5-18,1.345667336080738,9797125,131.836711,0,6.431059073170732,7.139909855758666e-16,2022/23
2023,16,2023-04-24,5-18,1.645667336080738,9797125,161.228086,0.05,3.7063927816091953,4.114922604447008e-16,2022/23
2023,17,2023-05-01,5-18,1.1307900021690038,9797125,110.78491000000001,0,2.546779540229885,2.8274932842074887e-16,2022/23
2023,18,2023-05-08,5-18,0.9446320017352028,9797125,92.54677799999999,0.06896551724137931,4.255024275862068,1.4183414252873567,2022/23
2023,19,2023-05-15,5-18,1.0584740013014025,9797125,103.70002100000002,0,2.411628395348837,1.0718348423772612,2022/23
2023,20,2023-05-22,5-18,1.3148773339117343,9797125,128.820176,0,2.5258858039215686,1.122615912854031,2022/23
2023,21,2023-05-29,5-18,1.0584740013014025,9797125,103.70002100000002,0,0,0,2022/23
2023,22,2023-06-05,5-18,0.7584740013014023,9797125,74.30864600000001,0,0,0,2022/23
2023,23,2023-06-12,5-18,1.0159126682572694,9797125,99.53023400000001,0,0,0,2022/23
2023,24,2023-06-19,5-18,0.9287193334779335,9797125,90.987794,0,0,0,2022/23
2023,25,2023-06-26,5-18,0.6574386669558672,9797125,64.410088,0.09090909090909091,1.9518208484848483,0.325303474747475,2022/23
2023,26,2023-07-03,5-18,0.9287193334779335,9797125,90.987794,0,2.459129567567567,3.6402430219333566e-16,2023/24
2023,27,2023-07-10,5-18,0.7723160008676014,9797125,75.66476399999999,0,2.131401802816901,3.155108474953188e-16,2023/24
2023,28,2023-07-17,5-18,1.6574386669558672,9797125,162.381338,0,0,0,2023/24
2023,29,2023-07-24,5-18,1.043596667389668,9797125,102.24247,0,0,0,2023/24
2023,30,2023-07-31,5-18,1.0159126682572694,9797125,99.53023400000001,0,0,0,2023/24
2023,31,2023-08-07,5-18,0.6020706686910701,9797125,58.985616,0,0,0,2023/24
2023,32,2023-08-14,5-18,0.7733513352131365,9797125,75.766197,0,0,0,2023/24
2023,33,2023-08-21,5-18,0.6020706686910701,9797125,58.985616,0,0,0,2023/24
2023,34,2023-08-28,5-18,0.47335133521313644,9797125,46.374821999999995,0,0,0,2023/24
2023,35,2023-09-04,5-18,0.5446320017352029,9797125,53.358278,0,0,0,2023/24
2023,36,2023-09-11,5-18,0.7733513352131365,9797125,75.766197,0,0,0,2023/24
2023,37,2023-09-18,5-18,0.8733513352131366,9797125,85.56332200000001,0,0,0,2023/24
2023,38,2023-09-25,5-18,1.287193334779336,9797125,126.10794000000001,0,0,0,2023/24
2023,39,2023-10-02,5-18,2.2307900021690035,9797125,218.553285,0,0,0,2023/24
2023,40,2023-10-09,5-18,2.4169480026028043,9797125,236.791417,0.044444444444444446,3.9139077190082636,1.3046359063360884,2023/24
2023,41,2023-10-16,5-18,2.2892640034704064,9797125,224.28205600000004,0.02564102564102564,5.318942039525693,3.2504645797101466,2023/24
2023,42,2023-10-23,5-18,2.616948002602805,9797125,256.385667,0.031746031746031744,8.8791572987013,7.64594100721501,2023/24
2023,43,2023-10-30,5-18,2.2743866695586714,9797125,222.824505,0,4.347795219512195,3.4540817577235776,2023/24
2023,44,2023-11-06,5-18,2.1754220039042065,9797125,213.128813,0,1.9287675384615384,1.2108373991452992,2023/24
2023,45,2023-11-13,5-18,2.9031060030366054,9797125,284.420924,0.03508771929824561,4.182660647058823,2.376813510550887,2023/24
2023,46,2023-11-20,5-18,2.616948002602805,9797125,256.385667,0,3.165255148148148,1.8589593727219287,2023/24
2023,47,2023-11-27,5-18,3.5159126682572692,9797125,344.458359,0.014285714285714285,5.585811227027027,3.426590080445152,2023/24
2023,48,2023-12-04,5-18,4.016948002602804,9797125,393.54541700000004,0.05223880597014925,9.081817315384617,5.275300047562347,2023/24
2023,49,2023-12-11,5-18,4.660544669992474,9797125,456.5993870000001,0.041666666666666664,16.52848459728507,7.957211625008757,2023/24
2023,50,2023-12-18,5-18,5.190299337815941,9797125,508.500114,0.1242603550295858,37.78663267515923,20.153819299102796,2023/24
2023,51,2023-12-25,5-18,5.891334672161476,9797125,577.181422,0.06521739130434782,45.743982163170166,25.646312557653232,2023/24
2022,1,2022-01-10,65+,1.1999999999999997,10981092,131.77310399999996,0,6.534203504132229,2.446238348894349,2021/22
2022,2,2022-01-17,65+,1.1000000000000005,10981092,120.79201200000004,0,0,0,2021/22
2022,3,2022-01-24,65+,0.5999999999999999,10981092,65.88655199999998,0,0,0,2021/22
2022,4,2022-01-31,65+,1,10981092,109.81092,0,0,0,2021/22
2022,5,2022-02-07,65+,0.19999999999999996,10981092,21.962183999999993,0,0,0,2021/22
2022,6,2022-02-14,65+,1.1999999999999997,10981092,131.77310399999996,0,0,0,2021/22
2022,7,2022-02-21,65+,0.29999999999999993,10981092,32.94327599999999,0,0,0,2021/22
2022,8,2022-02-28,65+,0.7999999999999998,10981092,87.84873599999997,0,0,0,2021/22
2022,9,2022-03-07,65+,1,10981092,109.81092,0,0,0,2021/22
2022,10,2022-03-14,65+,0.6999999999999998,10981092,76.86764399999998,0,0,0,2021/22
2022,11,2022-03-21,65+,0.7999999999999998,10981092,87.84873599999997,0.05263157894736842,2.1962183999999993,0.7320728000000001,2021/22
2022,12,2022-03-28,65+,1.5999999999999996,10981092,175.69747199999995,0,3.5139494399999984,1.17131648,2021/22
2022,13,2022-04-04,65+,1.3999999999999997,10981092,153.73528799999997,0,2.745272999999999,0.9150910000000001,2021/22
2022,14,2022-04-11,65+,2,10981092,219.62184,0.06666666666666667,4.223496923076923,1.4078323076923083,2021/22
2022,15,2022-04-18,65+,0.8999999999999997,10981092,98.82982799999998,0,2.745272999999999,0.9150910000000001,2021/22
2022,16,2022-04-25,65+,1.5999999999999996,10981092,175.69747199999995,0,5.490545999999998,1.8301820000000002,2021/22
2022,17,2022-05-02,65+,0.5999999999999999,10981092,65.88655199999998,0.125,2.6354620799999986,0.8784873599999999,2021/22
2022,18,2022-05-09,65+,1.1000000000000005,10981092,120.79201200000004,0,4.31400042857143,1.438000142857144,2021/22
2022,19,2022-05-16,65+,0.8999999999999997,10981092,98.82982799999998,0,3.5296367142857132,1.1765455714285715,2021/22
2022,20,2022-05-23,65+,0.7999999999999998,10981092,87.84873599999997,0,0,0,2021/22
2022,21,2022-05-30,65+,0.6999999999999998,10981092,76.86764399999998,0,0,0,2021/22
2022,22,2022-06-06,65+,0.19999999999999996,10981092,21.962183999999993,0,0,0,2021/22
2022,23,2022-06-13,65+,1.1999999999999997,10981092,131.77310399999996,0,0,0,2021/22
2022,24,2022-06-20,65+,0.29999999999999993,10981092,32.94327599999999,0,0,0,2021/22
2022,25,2022-06-27,65+,0.5,10981092,54.90546,0,0,0,2021/22
2022,26,2022-07-04,65+,0.8999999999999997,10981092,98.82982799999998,0,0,0,2022/23
2022,27,2022-07-11,65+,0.5999999999999999,10981092,65.88655199999998,0,0,0,2022/23
2022,28,2022-07-18,65+,0.3999999999999999,10981092,43.92436799999999,0,0,0,2022/23
2022,29,2022-07-25,65+,0.3999999999999999,10981092,43.92436799999999,0,0,0,2022/23
2022,30,2022-08-01,65+,0.5999999999999999,10981092,65.88655199999998,0,0,0,2022/23
2022,31,2022-08-08,65+,0.3999999999999999,10981092,43.92436799999999,0,0,0,2022/23
2022,32,2022-08-15,65+,0.3999999999999999,10981092,43.92436799999999,0,0,0,2022/23
2022,33,2022-08-22,65+,0.3999999999999999,10981092,43.92436799999999,0,0,0,2022/23
2022,34,2022-08-29,65+,0.7999999999999998,10981092,87.84873599999997,0.09090909090909091,2.662082909090908,3.9406743188451246e-16,2022/23
2022,35,2022-09-05,65+,0.09999999999999998,10981092,10.981091999999997,0.1111111111111111,0.784363714285714,1.16109154037401e-16,2022/23
2022,36,2022-09-12,65+,1,10981092,109.81092,0.05263157894736842,8.446993846153847,1.2504062742489342e-15,2022/23
2022,37,2022-09-19,65+,0.8999999999999997,10981092,98.82982799999998,0.07142857142857142,7.0592734285714265,2.353091142857143,2022/23
2022,38,2022-09-26,65+,1.1000000000000005,10981092,120.79201200000004,0,4.831680480000001,1.610560160000001,2022/23
2022,39,2022-10-03,65+,1.3999999999999997,10981092,153.73528799999997,0.02702702702702703,4.521626117647057,1.507208705882353,2022/23
2022,40,2022-10-10,65+,1.7999999999999994,10981092,197.65965599999996,0.02564102564102564,4.2507452903225795,6.292367057510764e-16,2022/23
2022,41,2022-10-17,65+,2.700000000000001,10981092,296.4894840000001,0.06976744186046512,12.457541344537821,1.844086564123429e-15,2022/23
2022,42,2022-10-24,65+,2.5000000000000004,10981092,274.5273,0.025,11.251118852459019,1.6655001603725562e-15,2022/23
2022,43,2022-10-31,65+,2.6000000000000005,10981092,285.5083920000001,0.0967741935483871,17.531217052631586,3.89582601169591,2022/23
2022,44,2022-11-07,65+,2.9000000000000004,10981092,318.45166800000004,0,11.686299743119266,2.5969554984709493,2022/23
2022,45,2022-11-14,65+,2.6000000000000005,10981092,285.5083920000001,0.05357142857142857,13.704402816000004,4.5681342720000035,2022/23
2022,46,2022-11-21,65+,2.2999999999999994,10981092,252.56511599999993,0.03333333333333333,8.14726180645161,3.621005247311828,2022/23
2022,47,2022-11-28,65+,2.700000000000001,10981092,296.4894840000001,0.05555555555555555,14.581450032786893,11.341127803278699,2022/23
2022,48,2022-12-05,65+,4.500000000000001,10981092,494.14914000000005,0.07547169811320754,29.067596470588242,24.22299705882354,2022/23
2022,49,2022-12-12,65+,8.6,10981092,944.373912,0.10344827586206896,77.09174791836735,53.964223542857155,2022/23
2022,50,2022-12-19,65+,14.700000000000001,10981092,1614.220524,0.22105263157894736,242.9166807961165,161.94445386407773,2022/23
2022,51,2022-12-26,65+,24.8,10981092,2723.310816,0.3048780487804878,602.6049465191489,429.12776494545466,2022/23
2022,52,2023-01-02,65+,32.6,10981092,3579.8359920000007,0.23387096774193547,891.985712292359,661.8589909078414,2022/23
2023,1,2023-01-09,65+,32.900000000000006,10981092,3612.7792680000007,0.03669724770642202,665.2101509333334,515.7637742868687,2022/23
2023,2,2023-01-16,65+,16.6,10981092,1822.8612720000003,0.05555555555555555,228.65158812543558,204.99797556073537,2022/23
2023,3,2023-01-23,65+,9.000000000000002,10981092,988.2982800000001,0.04,41.75908225352113,34.799235211267614,2022/23
2023,4,2023-01-30,65+,4.599999999999999,10981092,505.13023199999986,0,17.41828386206896,8.709141931034482,2022/23
2023,5,2023-02-06,65+,5.500000000000002,10981092,603.9600600000001,0.06451612903225806,19.801969180327873,9.900984590163938,2022/23
2023,6,2023-02-13,65+,4,10981092,439.24368,0.01694915254237288,10.059015572519083,3.353005190839696,2022/23
2023,7,2023-02-20,65+,4.500000000000001,10981092,494.14914000000005,0,10.820784087591242,3.6069280291970824,2022/23
2023,8,2023-02-27,65+,4.1,10981092,450.224772,0,2.7964271552795026,4.1395437526377754e-16,2022/23
2023,9,2023-03-06,65+,4.1,10981092,450.224772,0,0,0,2022/23
2023,10,2023-03-13,65+,3.7999999999999994,10981092,417.28149599999995,0.02857142857142857,3.365173354838709,0.5608622258064521,2022/23
2023,11,2023-03-20,65+,2.700000000000001,10981092,296.4894840000001,0,2.555943827586208,0.4259906379310351,2022/23
2023,12,2023-03-27,65+,2.3999999999999995,10981092,263.5462079999999,0,2.1602148196721305,0.3600358032786887,2022/23
2023,13,2023-04-03,65+,3.1,10981092,340.413852,0,0,0,2022/23
2023,14,2023-04-10,65+,2,10981092,219.62184,0,0,0,2022/23
2023,15,2023-04-17,65+,2.200000000000001,10981092,241.58402400000008,0,0,0,2022/23
2023,16,2023-04-24,65+,1.7999999999999994,10981092,197.65965599999996,0.03225806451612903,1.8133913394495407,2.6843584236169773e-16,2022/23
2023,17,2023-05-01,65+,1.1999999999999997,10981092,131.77310399999996,0.03333333333333333,2.4862849811320746,3.6804411091100695e-16,2022/23
2023,18,2023-05-08,65+,1.5000000000000002,10981092,164.71638000000002,0.06666666666666667,6.501962368421054,9.624837768889826e-16,2022/23
2023,19,2023-05-15,65+,1.1000000000000005,10981092,120.79201200000004,0.029411764705882353,4.5870384303797485,6.7901809069973795e-16,2022/23
2023,20,2023-05-22,65+,0.7999999999999998,10981092,87.84873599999997,0,2.2817853506493497,3.3777208447243924e-16,2022/23
2023,21,2023-05-29,65+,0.6999999999999998,10981092,76.86764399999998,0,1.0249019199999998,1.5171596127553732e-16,2022/23
2023,22,2023-06-05,65+,0.5999999999999999,10981092,65.88655199999998,0,0,0,2022/23
2023,23,2023-06-12,65+,0.6999999999999998,10981092,76.86764399999998,0,0,0,2022/23
2023,24,2023-06-19,65+,0.5999999999999999,10981092,65.88655199999998,0,0,0,2022/23
2023,25,2023-06-26,65+,0.3999999999999999,10981092,43.92436799999999,0,0,0,2022/23
2023,26,2023-07-03,65+,0.5,10981092,54.90546,0,0,0,2023/24
2023,27,2023-07-10,65+,0.7999999999999998,10981092,87.84873599999997,0,0,0,2023/24
2023,28,2023-07-17,65+,1.1999999999999997,10981092,131.77310399999996,0,0,0,2023/24
2023,29,2023-07-24,65+,0.6999999999999998,10981092,76.86764399999998,0,0,0,2023/24
2023,30,2023-07-31,65+,1.1000000000000005,10981092,120.79201200000004,0,0,0,2023/24
2023,31,2023-08-07,65+,1.3000000000000003,10981092,142.75419600000004,0,0,0,2023/24
2023,32,2023-08-14,65+,1.1999999999999997,10981092,131.77310399999996,0,0,0,2023/24
2023,33,2023-08-21,65+,1.5999999999999996,10981092,175.69747199999995,0,0,0,2023/24
2023,34,2023-08-28,65+,1.3000000000000003,10981092,142.75419600000004,0,0,0,2023/24
2023,35,2023-09-04,65+,1.1999999999999997,10981092,131.77310399999996,0,0,0,2023/24
2023,36,2023-09-11,65+,1.3000000000000003,10981092,142.75419600000004,0,0,0,2023/24
2023,37,2023-09-18,65+,1.5000000000000002,10981092,164.71638000000002,0,0,0,2023/24
2023,38,2023-09-25,65+,2.1000000000000005,10981092,230.60293200000007,0,0,0,2023/24
2023,39,2023-10-02,65+,2.5000000000000004,10981092,274.5273,0,0,0,2023/24
2023,40,2023-10-09,65+,3.299999999999998,10981092,362.37603599999983,0,0,0,2023/24
2023,41,2023-10-16,65+,3.0000000000000004,10981092,329.43276000000003,0,0,0,2023/24
2023,42,2023-10-23,65+,2.7999999999999994,10981092,307.47057599999994,0,0,0,2023/24
2023,43,2023-10-30,65+,2.700000000000001,10981092,296.4894840000001,0,0,0,2023/24
2023,44,2023-11-06,65+,2.2999999999999994,10981092,252.56511599999993,0.0058823529411764705,0.8147261806451611,0.27157539354838717,2023/24
2023,45,2023-11-13,65+,2.6000000000000005,10981092,285.5083920000001,0.009259259259259259,1.7147651171171174,0.5715883723723727,2023/24
2023,46,2023-11-20,65+,2.1000000000000005,10981092,230.60293200000007,0.008547008547008548,1.751414673417722,0.58380489113924094,2023/24
2023,47,2023-11-27,65+,2.2999999999999994,10981092,252.56511599999993,0,1.4149306218487392,2.0945180728315476e-16,2023/24
2023,48,2023-12-04,65+,2.9000000000000004,10981092,318.45166800000004,0.015873015873015872,2.547613344,0.8492044480000004,2023/24
2023,49,2023-12-11,65+,3.1,10981092,340.413852,0.016129032258064516,3.833489324324325,2.5556595495495507,2023/24
2023,50,2023-12-18,65+,3.5,10981092,384.33822,0.06622516556291391,12.451562203023755,10.791353909287256,2023/24
2023,51,2023-12-25,65+,6.100000000000002,10981092,669.8466120000003,0.06818181818181818,31.42137625586355,19.085576688746755,2023/24
2023,52,2024-01-01,5-18,3.3328606708600743,9797125,326.52452600000004,0.038461538461538464,10.177387823376623,4.463006805576621,2023/24
2024,1,2024-01-08,5-18,4.60828267476428,9797125,451.47921399999996,0.11016949152542373,23.187754193353474,9.664865672798996,2023/24
2024,2,2024-01-15,5-18,4.965721341720148,9797125,486.497927,0.13008130081300814,48.802299887147335,23.788812529776973,2023/24
2024,3,2024-01-22,5-18,6.475422003904206,9797125,634.405188,0.17297297297297298,90.8420574366197,40.09362985002113,2023/24
2024,4,2024-01-29,5-18,9.630790002169004,9797125,943.540535,0.17751479289940827,154.2896472327044,60.43091336353706,2023/24
2024,5,2024-02-05,5-18,8.58822866912487,9797125,841.399498,0.12921348314606743,134.43413031954884,45.42870023697132,2023/24
2024,6,2024-02-12,5-18,8.416948002602803,9797125,824.6189169999999,0.23357664233576642,144.81943790289253,40.99848189676377,2023/24
2024,7,2024-02-19,5-18,6.217983336948338,9797125,609.1835999999998,0.05303030303030303,84.49526442953018,23.663479718020074,2023/24
2024,8,2024-02-26,5-18,5.560544669992471,9797125,544.773512,0.0975609756097561,70.87614569387755,19.321154053607362,2023/24
2024,9,2024-03-04,5-18,4.774386669558672,9797125,467.75263000000007,0.11842105263157894,42.52296636363638,19.99472102759563,2023/24
2024,10,2024-03-11,5-18,4.075422003904207,9797125,399.27418800000004,0.07926829268292683,39.10886123917996,22.411053043491844,2023/24
2024,11,2024-03-18,5-18,4.7169480026028054,9797125,462.1252920000001,0.07086614173228346,41.726888668171576,27.927454951897833,2023/24
2024,12,2024-03-25,5-18,4.615912668257269,9797125,452.226734,0.05357142857142857,31.42021973200993,18.58964232155729,2023/24
2024,13,2024-04-01,5-18,2.9020706686910698,9797125,284.31949099999997,0.06593406593406594,18.093058518181813,10.857781505156009,2023/24
2024,14,2024-04-08,5-18,2.231825336514539,9797125,218.65471800000003,0.021052631578947368,10.272369302013427,4.317888168266078,2023/24
2024,15,2024-04-15,5-18,2.231825336514539,9797125,218.65471800000003,0.01694915254237288,8.032214130612246,1.9024663854868522,2023/24
2024,16,2024-04-22,5-18,1.9179833369483394,9797125,187.907225,0.010869565217391304,3.055402032520325,4.522903581320754e-16,2023/24
2024,17,2024-04-29,5-18,2.1456673360807383,9797125,210.21371100000005,0.037037037037037035,4.53046790948276,6.706439713910879e-16,2023/24
2024,18,2024-05-06,5-18,2.373351335213137,9797125,232.52019700000002,0.0136986301369863,4.7260202642276425,6.995915349587459e-16,2023/24
2024,19,2024-05-13,5-18,1.8148773339117341,9797125,177.80580099999997,0.037383177570093455,5.449986237547892,0.4234612481498832,2023/24
2024,20,2024-05-20,5-18,1.6595093356469373,9797125,162.584204,0.011764705882352941,3.6811517886792458,0.286023682101012,2023/24
2024,21,2024-05-27,5-18,1.3871933347793355,9797125,135.90506499999998,0,2.8551484243697476,0.22184362725671217,2023/24
2024,22,2024-06-03,5-18,0.8307900021690039,9797125,81.39353500000001,0,0.41740274358974366,0.004421401649579938,2023/24
2024,23,2024-06-10,5-18,1.4159126682572694,9797125,138.718734,0,0,0,2023/24
2024,24,2024-06-17,5-18,1.60207066869107,9797125,156.956866,0,0,0,2023/24
2024,25,2024-06-24,5-18,1.3733513352131363,9797125,134.548947,0,0,0,2023/24
2024,26,2024-07-01,5-18,1.2584740013014024,9797125,123.29427100000002,0.030303030303030304,1.1576926854460097,0.38589756181533674,2024/25
2024,27,2024-07-08,5-18,0.9446320017352028,9797125,92.54677799999999,0,1.149649416149068,2.1272787534259393e-16,2024/25
2024,28,2024-07-15,5-18,1.3020706686910701,9797125,127.56549100000001,0,1.5096507810650885,2.7934150938030213e-16,2024/25
2024,29,2024-07-22,5-18,1.1733513352131366,9797125,114.95469700000001,0.022222222222222223,0.7767209256756756,0.2589069752252253,2024/25
2024,30,2024-07-29,5-18,0.8882286691248709,9797125,87.02087300000001,0,0.5338703865030675,0.17795679550102259,2024/25
2024,31,2024-08-05,5-18,0.7020706686910699,9797125,68.78274099999999,0,0.5458947698412697,0.3639298465608466,2024/25
2024,32,2024-08-12,5-18,0.5871933347793358,9797125,57.528065,0,0,0,2024/25
2024,33,2024-08-19,5-18,0.4871933347793358,9797125,47.730940000000004,0,0,0,2024/25
2024,34,2024-08-26,5-18,0.6297546678234687,9797125,61.697852000000005,0,0,0,2024/25
2024,35,2024-09-02,5-18,0.42975466782346866,9797125,42.103602,0,0,0,2024/25
2024,36,2024-09-09,5-18,0.7733513352131365,9797125,75.766197,0,0,0,2024/25
2024,37,2024-09-16,5-18,0.8020706686910701,9797125,78.57986600000001,0,0,0,2024/25
2024,38,2024-09-23,5-18,1.5733513352131365,9797125,154.143197,0.012345679012345678,0.8423125519125683,0.40140720080027836,2024/25
2024,39,2024-09-30,5-18,2.087193334779336,9797125,204.48494,0,0.8701486808510638,0.12480642456899549,2024/25
2024,40,2024-10-07,5-18,2.103106003036605,9797125,206.04392399999998,0,0.7659625427509291,0.10986288713443718,2024/25
2024,41,2024-10-14,5-18,2.2179833369483393,9797125,217.2986,0.038461538461538464,2.4507360902255635,0.2122056654013737,2024/25
2024,42,2024-10-21,5-18,2.4754220039042067,9797125,242.520188,0.0673076923076923,8.723747769784172,1.452054102356987,2024/25
2024,43,2024-10-28,5-18,2.3892640034704056,9797125,234.07918099999998,0.02564102564102564,11.650999959276016,3.7502405811295794,2024/25
2024,44,2024-11-04,5-18,2.1754220039042065,9797125,213.128813,0,8.23686233816425,2.224177525809515,2024/25
2024,45,2024-11-11,5-18,2.4754220039042067,9797125,242.520188,0.0759493670886076,9.32769953846154,2.183630041533265,2024/25
2024,46,2024-11-18,5-18,3.4584740013014015,9797125,338.83102099999996,0.09166666666666666,21.90162493155893,2.3243086320218596,2024/25
2024,47,2024-11-25,5-18,4.244632001735202,9797125,415.851903,0.061946902654867256,31.988607923076923,2.3992909207897952,2024/25
2024,48,2024-12-02,5-18,5.388228669124871,9797125,527.891498,0.1487603305785124,53.68388115254237,3.853956770113442,2024/25
2024,49,2024-12-09,5-18,8.046702670426274,9797125,788.3455190000001,0.16279069767441862,99.90053408815429,7.602051825919336,2024/25
2024,50,2024-12-16,5-18,11.32005400563941,9797125,1109.039841,0.16541353383458646,176.6355882532637,12.804279304897639,2024/25
2024,51,2024-12-23,5-18,16.976457338249745,9797125,1663.2047460000001,0.1917808219178082,282.99304633432837,15.318661597296602,2024/25
2024,52,2024-12-30,5-18,10.80828267476428,9797125,1058.900964,0.17142857142857143,184.15668939130433,8.659638803773134,2024/25
2025,1,2025-01-06,5-18,11.164303354300369,9797125,1093.780755,0.30158730158730157,238.9326891990291,16.362053624267762,2024/25
2025,2,2025-01-13,5-18,13.996128690814906,9797125,1371.2182229999999,0.2702702702702703,337.8363737826087,20.263347445160555,2024/25
2025,3,2025-01-20,5-18,13.810353343455354,9797125,1353.0175800000002,0.12307692307692308,314.811021089109,24.142238438869864,2024/25
2025,4,2025-01-27,5-18,14.71798333694834,9797125,1441.9392249999999,0.2727272727272727,327.10658344907404,18.065974961922013,2024/25
2025,5,2025-02-03,5-18,14.957438666955868,9797125,1465.398963,0.16901408450704225,273.47234168661976,26.007412120674005,2024/25
2025,6,2025-02-10,5-18,12.588228669124874,9797125,1233.2844980000002,0.15126050420168066,229.87255436094676,27.710750250409625,2024/25
2025,7,2025-02-17,5-18,11.03182533651454,9797125,1080.8017180000002,0.18666666666666668,180.1336196666667,25.361383849912375,2024/25
2025,8,2025-02-24,5-18,8.43596667389668,9797125,826.4822,0.26785714285714285,155.3786536,23.14444865980408,2024/25
2025,9,2025-03-03,5-18,6.894440675198082,9797125,675.4569710000001,0.09259259259259259,124.13803791351353,24.004523658611262,2024/25
2025,10,2025-03-10,5-18,6.377492672595278,9797125,624.8109290000001,0.3191489361702128,139.28906060509556,39.25947978359558,2024/25
2025,11,2025-03-17,5-18,5.90414133738214,9797125,578.436107,0.13636363636363635,100.44698864071857,29.29674641346937,2024/25
2025,12,2025-03-24,5-18,5.945667336080738,9797125,582.504461,0.20634920634920634,122.4583241875,24.89770969375916,2024/25
2025,13,2025-03-31,5-18,5.2169480026028054,9797125,511.1109170000001,0.0425531914893617,69.69694322727275,14.118391559131885,2024/25
2025,14,2025-04-07,5-18,3.8605446699924735,9797125,378.2223870000001,0.03125,42.616606985915496,5.577061062408029,2024/25
2025,15,2025-04-14,5-18,2.6892640034704063,9797125,263.47055600000004,0,7.673899689320389,0.8286933022594178,2024/25
2025,16,2025-04-21,5-18,1.431825336514539,9797125,140.27771800000002,0.047619047619047616,3.6435770909090914,8.090366356648041e-16,2024/25
2025,17,2025-04-28,5-18,1.345667336080738,9797125,131.836711,0,1.9106769710144926,4.242555131682685e-16,2024/25
2025,18,2025-05-05,5-18,1.2020706686910703,9797125,117.76836600000001,0,1.8118210153846155,4.02305081555946e-16,2024/25
2025,19,2025-05-12,5-18,0.9446320017352028,9797125,92.54677799999999,0,0,0,2024/25
2025,20,2025-05-19,5-18,1.2159126682572694,9797125,119.12448400000001,0,0,0,2024/25
2025,21,2025-05-26,5-18,1.4148773339117342,9797125,138.617301,0,0,0,2024/25
2025,22,2025-06-02,5-18,0.6733513352131364,9797125,65.969072,0,0,0,2024/25
2025,23,2025-06-09,5-18,1.1307900021690038,9797125,110.78491000000001,0,0,0,2024/25
2025,24,2025-06-16,5-18,1.458474001301402,9797125,142.88852099999997,0,0,0,2024/25
2025,25,2025-06-23,5-18,1.1148773339117344,9797125,109.22592599999999,0,0,0,2024/25
2025,26,2025-06-30,5-18,0.9723160008676015,9797125,95.25901400000001,0,0,0,2024/25
2025,27,2025-07-07,5-18,0.7297546678234687,9797125,71.494977,0,0,0,2025/26
2025,28,2025-07-14,5-18,0.8723160008676016,9797125,85.46188900000001,0,0,0,2025/26
2025,29,2025-07-21,5-18,0.957438666955867,9797125,93.80146299999998,0,0,0,2025/26
2025,30,2025-07-28,5-18,0.6159126682572693,9797125,60.341733999999995,0,0,0,2025/26
2025,31,2025-08-04,5-18,0.5446320017352029,9797125,53.358278,0,0,0,2025/26
2025,32,2025-08-11,5-18,0.5159126682572693,9797125,50.544609,0,0,0,2025/26
2025,33,2025-08-18,5-18,0.5446320017352029,9797125,53.358278,0,0,0,2025/26
2025,34,2025-08-25,5-18,0.6159126682572693,9797125,60.341733999999995,0,0,0,2025/26
2025,35,2025-09-01,5-18,0.4871933347793358,9797125,47.730940000000004,0,0,0,2025/26
2025,36,2025-09-08,5-18,1.044632001735203,9797125,102.34390300000001,0,0,0,2025/26
2025,37,2025-09-15,5-18,1.1446320017352032,9797125,112.14102800000002,0,0,0,2025/26
2025,38,2025-09-22,5-18,1.8435966673896675,9797125,180.61946999999998,0,0,0,2025/26
2025,39,2025-09-29,5-18,2.630790002169004,9797125,257.741785,0.046153846153846156,5.296064075342466,1.1769031278538826,2025/26
2025,40,2025-10-06,5-18,3.374386669558672,9797125,330.59288000000004,0.10714285714285714,17.501976000000003,8.750988000000005,2025/26
2025,41,2025-10-13,5-18,5.002070668691071,9797125,490.0591160000001,0.26153846153846155,68.5028871827957,55.65859583602152,2025/26
2025,42,2025-10-20,5-18,5.144632001735204,9797125,504.02602800000005,0.4,139.46351260194174,122.99907014199032,2025/26
2025,43,2025-10-27,5-18,6.356403332610332,9797125,622.74478,0.5,240.87298094339621,223.22838758127918,2025/26
2025,44,2025-11-03,5-18,5.7010353343455344,9797125,558.537558,0.22807017543859648,213.5584780588235,202.36388041864328,2025/26
2025,45,2025-11-10,5-18,5.361580004338006,9797125,525.2806949999999,0.3373493975903614,187.22876257425742,182.9040838688385,2025/26
2025,46,2025-11-17,5-18,8.126648664786863,9797125,796.177928,0.4050632911392405,265.39264266666663,262.1161902880658,2025/26
2025,47,2025-11-24,5-18,10.608665327838523,9797125,1039.3442029999999,0.41044776119402987,403.7992680574324,393.9195553260609,2025/26
2025,48,2025-12-01,5-18,18.07373398828738,9797125,1770.706311,0.453781512605042,752.0168369006024,742.9014813018072,2025/26
2025,49,2025-12-08,5-18,23.030137320897715,9797125,2256.291341,0.48175182481751827,1012.4384222435898,995.0531160030434,2025/26
2025,50,2025-12-15,5-18,25.33634932697092,9797125,2482.2338139999997,0.40869565217391307,1117.3397491590295,1087.923432960452,2025/26
2025,51,2025-12-22,5-18,20.614877333911732,9797125,2019.665301,0.22058823529411764,807.8661203999999,786.5973476192133,2025/26
2025,52,2025-12-29,5-18,8.033896005205609,9797125,787.0908340000001,0.16666666666666666,235.79514436286922,230.7782263977018,2025/26
2026,1,2026-01-05,5-18,7.399617346925756,9797125,724.949761,0.17307692307692307,137.4904719137931,132.39823221328226,2025/26
2026,2,2026-01-12,5-18,8.259126682572695,9797125,809.1569650000001,0.22916666666666666,152.3737141883117,131.49287187361716,2025/26
2026,3,2026-01-19,5-18,8.365721341720146,9797125,819.6001769999999,0.16176470588235295,151.23574694642858,125.92794686818787,2025/26
2026,4,2026-01-26,5-18,7.047738004771809,9797125,690.475702,0.19402985074626866,132.05819437158468,107.77056841373381,2025/26
2026,5,2026-02-02,5-18,5.875422003904206,9797125,575.622438,0.1044776119402985,88.3380969207921,72.51195767890529,2025/26
2026,6,2026-02-09,5-18,4.846702670426273,9797125,474.83751900000004,0.029850746268656716,51.97226576119404,44.23613429424309,2025/26
2026,7,2026-02-16,5-18,4.303106003036606,9797125,421.58067400000004,0.024390243902439025,24.09032422857143,13.765899559183678,2025/26
2026,8,2026-02-23,5-18,3.260544669992473,9797125,319.43963700000006,0.1,13.88867986956522,7.71593326086957,2025/26
2026,9,2026-03-02,5-18,2.946702670426273,9797125,288.692144,0.01818181818181818,11.45603746031746,6.3644652557319255,2025/26
2026,10,2026-03-09,5-18,2.360544669992472,9797125,231.265512,0.0425531914893617,10.512068727272728,5.840038181818185,2025/26
2026,11,2026-03-16,5-18,2.4159126682572696,9797125,236.68998400000004,0.043478260869565216,7.996283243243245,3.9981416216216243,2025/26
2026,12,2026-03-23,5-18,3.601035334345534,9797125,352.7979329999999,0,9.345640609271518,1.5576067682119217,2025/26
2026,13,2026-03-30,5-18,3.1595093356469373,9797125,309.541079,0.03333333333333333,6.930024156716419,1.1550040261194046,2025/26
2023,52,2024-01-01,0-4,4.8,2498431,119.92468799999999,0.013333333333333334,1.1757322352941175,0.20766724463945788,2023/24
2024,1,2024-01-08,0-4,4.299999999999999,2498431,107.43253299999998,0.13953488372093023,6.567927781659389,1.7178415364210289,2023/24
2024,2,2024-01-15,0-4,4.900000000000001,2498431,122.42311900000001,0.12605042016806722,12.242311900000002,3.9947426834346325,2023/24
2024,3,2024-01-22,0-4,7.099999999999999,2498431,177.38860099999997,0.08928571428571429,20.70466320820189,4.457124835342047,2023/24
2024,4,2024-01-29,0-4,11.100000000000001,2498431,277.325841,0.09420289855072464,28.55930069918699,7.315249209680837,2023/24
2024,5,2024-02-05,0-4,14.999999999999996,2498431,374.76464999999996,0.09154929577464789,34.41716173469388,8.220560150864769,2023/24
2024,6,2024-02-12,0-4,10.9,2498431,272.328979,0.13131313131313133,28.023298630606863,7.006229852797261,2023/24
2024,7,2024-02-19,0-4,9.9,2498431,247.344669,0.06578947368421052,22.65752693129771,5.181436524701604,2023/24
2024,8,2024-02-26,0-4,5.5,2498431,137.413705,0.041237113402061855,10.661408146551723,2.6009959282225643,2023/24
2024,9,2024-03-04,0-4,6.6,2498431,164.896446,0.022727272727272728,7.357584204724409,1.9049876151704779,2023/24
2024,10,2024-03-11,0-4,4.7,2498431,117.426257,0.02247191011235955,3.323384632075472,0.9266296080022299,2023/24
2024,11,2024-03-18,0-4,5.4,2498431,134.915274,0.02,2.9420776261682247,1.0092769835126676,2023/24
2024,12,2024-03-25,0-4,2.9999999999999996,2498431,74.95293,0,1.0669456227758005,0.4522753613966604,2023/24
2024,13,2024-04-01,0-4,1.9999999999999996,2498431,49.968619999999994,0,0.38585806949806944,0.11557515087766056,2023/24
2024,14,2024-04-08,0-4,2.3,2498431,57.463913,0,0,0,2023/24
2024,15,2024-04-15,0-4,1.4999999999999998,2498431,37.476465,0.03508771929824561,0.38241290816326534,5.660848207422968e-17,2023/24
2024,16,2024-04-22,0-4,1.1,2498431,27.482741,0,0.29711071351351354,4.398122066740151e-17,2023/24
2024,17,2024-04-29,0-4,0.8999999999999999,2498431,22.485879,0,0.2810734875,4.1607234324558815e-17,2023/24
2024,18,2024-05-06,0-4,0.8999999999999999,2498431,22.485879,0,0,0,2023/24
2024,19,2024-05-13,0-4,0.9999999999999998,2498431,24.984309999999997,0.02631578947368421,0.19828817460317458,0.04431651942674315,2023/24
2024,20,2024-05-20,0-4,0.8,2498431,19.987448,0,0.18679857943925232,0.04174864633846458,2023/24
2024,21,2024-05-27,0-4,1.4,2498431,34.978034,0,0.3643545208333333,0.1457776457789694,2023/24
2024,22,2024-06-03,0-4,1.4999999999999998,2498431,37.476465,0,0,0,2023/24
2024,23,2024-06-10,0-4,1.4,2498431,34.978034,0,0,0,2023/24
2024,24,2024-06-17,0-4,1.4999999999999998,2498431,37.476465,0,0,0,2023/24
2024,25,2024-06-24,0-4,1.4999999999999998,2498431,37.476465,0,0,0,2023/24
2024,26,2024-07-01,0-4,0.9999999999999998,2498431,24.984309999999997,0,0,0,2024/25
2024,27,2024-07-08,0-4,0.9999999999999998,2498431,24.984309999999997,0,0,0,2024/25
2024,28,2024-07-15,0-4,1.6,2498431,39.974896,0,0,0,2024/25
2024,29,2024-07-22,0-4,0.9999999999999998,2498431,24.984309999999997,0,0,0,2024/25
2024,30,2024-07-29,0-4,1.2999999999999998,2498431,32.479603,0,0,0,2024/25
2024,31,2024-08-05,0-4,0.8999999999999999,2498431,22.485879,0,0,0,2024/25
2024,32,2024-08-12,0-4,0.1,2498431,2.498431,0,0,0,2024/25
2024,33,2024-08-19,0-4,0.8999999999999999,2498431,22.485879,0,0,0,2024/25
2024,34,2024-08-26,0-4,0.6,2498431,14.990585999999999,0,0,0,2024/25
2024,35,2024-09-02,0-4,0.6,2498431,14.990585999999999,0,0,0,2024/25
2024,36,2024-09-09,0-4,0.7,2498431,17.489017,0,0,0,2024/25
2024,37,2024-09-16,0-4,0.8999999999999999,2498431,22.485879,0,0,0,2024/25
2024,38,2024-09-23,0-4,2.9999999999999996,2498431,74.95293,0,0,0,2024/25
2024,39,2024-09-30,0-4,2.1,2498431,52.467051000000005,0.039473684210526314,0.904604327586207,0.38634812243922184,2024/25
2024,40,2024-10-07,0-4,2.2,2498431,54.965482,0,0.8370377969543147,0.35749108356232556,2024/25
2024,41,2024-10-14,0-4,2.5999999999999996,2498431,64.959206,0.04,1.7716147090909091,0.9125215307307011,2024/25
2024,42,2024-10-21,0-4,4.2,2498431,104.93410200000001,0.018018018018018018,2.057531411764706,1.4247756142193053,2024/25
2024,43,2024-10-28,0-4,4.7,2498431,117.426257,0.023255813953488372,3.021999261029412,2.0926391833846045,2024/25
2024,44,2024-11-04,0-4,4.099999999999999,2498431,102.43567099999999,0,1.4227176527777774,0.8600046426110943,2024/25
2024,45,2024-11-11,0-4,2.9,2498431,72.454499,0.015748031496062992,0.9533486710526315,0.31778289035087726,2024/25
2024,46,2024-11-18,0-4,5.5,2498431,137.413705,0.022900763358778626,1.9686777220630374,1.457114223400659e-16,2024/25
2024,47,2024-11-25,0-4,7.099999999999999,2498431,177.38860099999997,0.03125,4.136003650259067,0.4159088197766945,2024/25
2024,48,2024-12-02,0-4,12.100000000000001,2498431,302.310151,0.09774436090225563,15.423987295918371,1.5510074204345359,2024/25
2024,49,2024-12-09,0-4,14.199999999999998,2498431,354.77720199999993,0.13008130081300814,30.488665796874994,3.757343275664516,2024/25
2024,50,2024-12-16,0-4,25.3,2498431,632.1030430000001,0.17525773195876287,82.37036820963174,6.847640353537853,2024/25
2024,51,2024-12-23,0-4,39.400000000000006,2498431,984.3818140000001,0.10588235294117647,135.55421700983607,22.870994699298016,2024/25
2024,52,2024-12-30,0-4,31.900000000000002,2498431,796.999489,0.12962962962962962,111.44484380084745,16.27572548595609,2024/25
2025,1,2025-01-06,0-4,33.8,2498431,844.469678,0.2903225806451613,124.18671735294119,34.61014082559163,2024/25
2025,2,2025-01-13,0-4,26.200000000000003,2498431,654.588922,0.08333333333333333,102.78669023140495,22.61865617074561,2024/25
2025,3,2025-01-20,0-4,28,2498431,699.56068,0.0425531914893617,85.91096070175439,18.905078829143072,2024/25
2025,4,2025-01-27,0-4,26.4,2498431,659.585784,0.24193548387096775,90.97734951724138,22.91156804506149,2024/25
2025,5,2025-02-03,0-4,26.600000000000005,2498431,664.5826460000001,0.1411764705882353,99.34482852577318,28.641089468204196,2024/25
2025,6,2025-02-10,0-4,20.7,2498431,517.175217,0.08163265306122448,81.79812105612245,46.018299363206616,2024/25
2025,7,2025-02-17,0-4,15.699999999999998,2498431,392.25366699999995,0.09615384615384616,44.28670433870967,14.955416271041718,2024/25
2025,8,2025-02-24,0-4,12.900000000000002,2498431,322.29759900000005,0.15151515151515152,33.67288347761195,17.87575585450723,2024/25
2025,9,2025-03-03,0-4,7.900000000000001,2498431,197.37604900000002,0.0625,19.292395766917295,8.642779704883596,2024/25
2025,10,2025-03-10,0-4,11.100000000000001,2498431,277.325841,0.13043478260869565,30.571352551181104,20.82236988586449,2024/25
2025,11,2025-03-17,0-4,8.4,2498431,209.86820400000002,0.08108108108108109,19.224568305343514,13.61314587135714,2024/25
2025,12,2025-03-24,0-4,6.699999999999999,2498431,167.39487699999998,0.021739130434782608,12.976347054263565,7.025009096999914,2024/25
2025,13,2025-03-31,0-4,6.800000000000001,2498431,169.893308,0.024390243902439025,6.850536612903225,3.7522348706602497,2024/25
2025,14,2025-04-07,0-4,5.6,2498431,139.912136,0.029411764705882353,3.4688959338842973,1.71420740123461,2024/25
2025,15,2025-04-14,0-4,4.8,2498431,119.92468799999999,0,2.2004529908256876,1.3998050158326392,2024/25
2025,16,2025-04-21,0-4,1.8999999999999997,2498431,47.470189,0,0.5333729101123595,0.21157165020113522,2024/25
2025,17,2025-04-28,0-4,1.8999999999999997,2498431,47.470189,0,0,0,2024/25
2025,18,2025-05-05,0-4,2.1,2498431,52.467051000000005,0,0,0,2024/25
2025,19,2025-05-12,0-4,0.9999999999999998,2498431,24.984309999999997,0,0,0,2024/25
2025,20,2025-05-19,0-4,1.9999999999999996,2498431,49.968619999999994,0,0,0,2024/25
2025,21,2025-05-26,0-4,1.4999999999999998,2498431,37.476465,0,0,0,2024/25
2025,22,2025-06-02,0-4,1.6,2498431,39.974896,0,0,0,2024/25
2025,23,2025-06-09,0-4,1.6,2498431,39.974896,0,0,0,2024/25
2025,24,2025-06-16,0-4,0.4999999999999999,2498431,12.492154999999999,0,0,0,2024/25
2025,25,2025-06-23,0-4,1.2,2498431,29.981171999999997,0,0,0,2024/25
2025,26,2025-06-30,0-4,0.6,2498431,14.990585999999999,0,0,0,2024/25
2025,27,2025-07-07,0-4,0.4999999999999999,2498431,12.492154999999999,0,0,0,2025/26
2025,28,2025-07-14,0-4,1.2999999999999998,2498431,32.479603,0,0,0,2025/26
2025,29,2025-07-21,0-4,0.4999999999999999,2498431,12.492154999999999,0,0,0,2025/26
2025,30,2025-07-28,0-4,0.7,2498431,17.489017,0,0,0,2025/26
2025,31,2025-08-04,0-4,0.4999999999999999,2498431,12.492154999999999,0,0,0,2025/26
2025,32,2025-08-11,0-4,0.8,2498431,19.987448,0,0,0,2025/26
2025,33,2025-08-18,0-4,1.1,2498431,27.482741,0,0,0,2025/26
2025,34,2025-08-25,0-4,0,2498431,0,0,0,0,2025/26
2025,35,2025-09-01,0-4,0.7,2498431,17.489017,0,0,0,2025/26
2025,36,2025-09-08,0-4,0.7,2498431,17.489017,0,0,0,2025/26
2025,37,2025-09-15,0-4,0.7,2498431,17.489017,0.0625,0.6359642545454546,0.10599404242424243,2025/26
2025,38,2025-09-22,0-4,2.8,2498431,69.956068,0,1.8409491578947368,0.30682485964912276,2025/26
2025,39,2025-09-29,0-4,2.5,2498431,62.460775,0,1.328952659574468,0.221492109929078,2025/26
2025,40,2025-10-06,0-4,3.2,2498431,79.949792,0.10344827586206896,3.9974896,1.1104137777777776,2025/26
2025,41,2025-10-13,0-4,4.7,2498431,117.426257,0.11627906976744186,9.568065385185184,4.2524735045267485,2025/26
2025,42,2025-10-20,0-4,7.199999999999999,2498431,179.887032,0.05357142857142857,16.040881834394906,12.476241426751592,2025/26
2025,43,2025-10-27,0-4,10.3,2498431,257.338393,0.16883116883116883,30.705149164772727,24.01300126988636,2025/26
2025,44,2025-11-03,0-4,13.2,2498431,329.792892,0.15853658536585366,44.48369240930232,42.202477413953474,2025/26
2025,45,2025-11-10,0-4,11.3,2498431,282.322703,0.15,44.6920108996139,41.4069571069927,2025/26
2025,46,2025-11-17,0-4,12.700000000000001,2498431,317.300737,0.12389380530973451,45.175020183050854,43.09553512700565,2025/26
2025,47,2025-11-24,0-4,20.6,2498431,514.676786,0.16770186335403728,77.06390378609626,72.56511151921832,2025/26
2025,48,2025-12-01,0-4,28,2498431,699.56068,0.12030075187969924,97.97287164619166,94.4306426007826,2025/26
2025,49,2025-12-08,0-4,38.7,2498431,966.892797,0.15384615384615385,144.09417493088552,142.31523449964,2025/26
2025,50,2025-12-15,0-4,48.6,2498431,1214.237466,0.23529411764705882,208.15499417142857,204.30027205714285,2025/26
2025,51,2025-12-22,0-4,45.7,2498431,1141.782967,0.11494252873563218,200.9984685183374,197.2762746568867,2025/26
2025,52,2025-12-29,0-4,23.900000000000002,2498431,597.1250090000001,0.15,109.47291831666668,103.3910895212963,2025/26
2026,1,2026-01-05,0-4,19.5,2498431,487.194045,0.13043478260869565,63.15478361111112,60.81571755144033,2025/26
2026,2,2026-01-12,0-4,10.9,2498431,272.328979,0.0847457627118644,33.316843175531915,32.082886020882576,2025/26
2026,3,2026-01-19,0-4,14.899999999999999,2498431,372.266219,0.07142857142857142,35.119454622641506,32.77815764779873,2025/26
2026,4,2026-01-26,0-4,13.100000000000001,2498431,327.294461,0.04,21.018910339449544,17.282215167991843,2025/26
2026,5,2026-02-02,0-4,10.8,2498431,269.830548,0.024691358024691357,12.36723345,10.168614169999998,2025/26
2026,6,2026-02-09,0-4,9,2498431,224.85879,0.05172413793103448,8.405936074766354,6.0709538317756975,2025/26
2026,7,2026-02-16,0-4,9.4,2498431,234.852514,0.017543859649122806,7.189362673469389,5.991135561224488,2025/26
2026,8,2026-02-23,0-4,7,2498431,174.89017,0.044444444444444446,6.558381375000001,3.2791906874999985,2025/26
2026,9,2026-03-02,0-4,4.2,2498431,104.93410200000001,0,1.9552938260869568,0.6517646086956517,2025/26
2026,10,2026-03-09,0-4,4.099999999999999,2498431,102.43567099999999,0,1.2804458874999998,-3.7908813495709134e-16,2025/26
2026,11,2026-03-16,0-4,3.7000000000000006,2498431,92.44194700000001,0,0,-0,2025/26
2026,12,2026-03-23,0-4,4.8,2498431,119.92468799999999,0,0,-0,2025/26
2026,13,2026-03-30,0-4,3.999999999999999,2498431,99.93723999999999,0,0,-0,2025/26
2023,52,2024-01-01,19-64,5.3999999999999995,34769641,1877.5606139999998,0.1111111111111111,169.54560728428092,20.964193244380724,2023/24
2024,1,2024-01-08,19-64,8.599999999999998,34769641,2990.1891259999993,0.09645669291338582,291.19119237486905,69.26757777742232,2023/24
2024,2,2024-01-15,19-64,9.100000000000001,34769641,3164.0373310000004,0.08072916666666667,301.46171753521133,115.708959159026,2023/24
2024,3,2024-01-22,19-64,8.400000000000002,34769641,2920.649844000001,0.20666666666666667,376.50702161848,131.17419591022997,2023/24
2024,4,2024-01-29,19-64,10.7,34769641,3720.351587,0.17674418604651163,588.6632257911393,196.17263448453522,2023/24
2024,5,2024-02-05,19-64,9.8,34769641,3407.4248180000004,0.19057377049180327,652.591595260234,178.08075201977223,2023/24
2024,6,2024-02-12,19-64,9.7,34769641,3372.655177,0.1889168765743073,625.80065641673,156.98395898552,2023/24
2024,7,2024-02-19,19-64,8,34769641,2781.57128,0.11933174224343675,465.0172845398773,106.01321589048945,2023/24
2024,8,2024-02-26,19-64,7.200000000000003,34769641,2503.414152000001,0.10174418604651163,345.2985037241381,88.43180172408483,2023/24
2024,9,2024-03-04,19-64,6.2,34769641,2155.7177420000003,0.12368421052631579,248.95427991601053,71.16236790843719,2023/24
2024,10,2024-03-11,19-64,5.999999999999999,34769641,2086.1784599999996,0.11598746081504702,238.02036120805363,64.9921375352709,2023/24
2024,11,2024-03-18,19-64,5.999999999999999,34769641,2086.1784599999996,0.10416666666666667,239.86013211594198,75.13391319597524,2023/24
2024,12,2024-03-25,19-64,5.3999999999999995,34769641,1877.5606139999998,0.04017857142857143,173.0175309829351,65.99840166417164,2023/24
2024,13,2024-04-01,19-64,3.9000000000000004,34769641,1356.0159990000002,0.05555555555555555,98.39166219656992,38.93101537668431,2023/24
2024,14,2024-04-08,19-64,3.8000000000000003,34769641,1321.246358,0.05357142857142857,65.87410616809116,25.194232792322484,2023/24
2024,15,2024-04-15,19-64,3.8000000000000003,34769641,1321.246358,0.028985507246376812,61.7224576,18.224013046803986,2023/24
2024,16,2024-04-22,19-64,3.7,34769641,1286.476717,0.016,43.63896597693352,9.49698067779878,2023/24
2024,17,2024-04-29,19-64,3.5,34769641,1216.937435,0.029288702928870293,29.724046544540233,2.2871298932111865,2023/24
2024,18,2024-05-06,19-64,3.299999999999999,34769641,1147.3981529999996,0.016483516483516484,23.939752819672126,-4.872718543776418e-15,2023/24
2024,19,2024-05-13,19-64,2.1000000000000005,34769641,730.1624610000002,0.03474903474903475,20.401598175000007,2.3846316411802175,2023/24
2024,20,2024-05-20,19-64,2.799999999999999,34769641,973.5499479999996,0.015789473684210527,23.143025705229782,5.319730372225713,2023/24
2024,21,2024-05-27,19-64,2.1000000000000005,34769641,730.1624610000002,0,15.264720439024394,3.508797768161423,2023/24
2024,22,2024-06-03,19-64,1.9000000000000001,34769641,660.623179,0,3.8482903631067966,0.4347747172338851,2023/24
2024,23,2024-06-10,19-64,2.1999999999999993,34769641,764.9321019999998,0.0196078431372549,4.800829092050208,0.543453783559334,2023/24
2024,24,2024-06-17,19-64,2.599999999999999,34769641,904.0106659999998,0.028901734104046242,13.749211650190109,3.3150770786154786,2023/24
2024,25,2024-06-24,19-64,2.3,34769641,799.701743,0.03184713375796178,21.524063476190474,9.358896229673556,2023/24
2024,26,2024-07-01,19-64,1.9000000000000001,34769641,660.623179,0.015463917525773196,16.389506349236644,5.2710432252633295,2024/25
2024,27,2024-07-08,19-64,1.8000000000000007,34769641,625.8535380000003,0.006369426751592357,11.08795638188977,5.401701114721761,2024/25
2024,28,2024-07-15,19-64,2.3,34769641,799.701743,0.015706806282722512,10.328251293357935,6.251269105545845,2024/25
2024,29,2024-07-22,19-64,2.1000000000000005,34769641,730.1624610000002,0.0055248618784530384,6.901346512287337,4.177103462487691,2024/25
2024,30,2024-07-29,19-64,2.1000000000000005,34769641,730.1624610000002,0.015384615384615385,9.014351370370374,5.7209764057711645,2024/25
2024,31,2024-08-05,19-64,1.7000000000000004,34769641,591.0838970000001,0,4.298791978181819,1.387910766001027,2024/25
2024,32,2024-08-12,19-64,1.2999999999999996,34769641,452.0053329999999,0.013793103448275862,4.396939036964979,1.8678663621168887,2024/25
2024,33,2024-08-19,19-64,1.2000000000000002,34769641,417.23569200000003,0.0078125,2.800239543624161,1.198913479760858,2024/25
2024,34,2024-08-26,19-64,1.2000000000000002,34769641,417.23569200000003,0.00909090909090909,4.357552919060052,1.866080965693232,2024/25
2024,35,2024-09-02,19-64,1,34769641,347.69641,0.017094017094017096,3.9177060281690146,1.709174405393202,2024/25
2024,36,2024-09-09,19-64,1.7000000000000004,34769641,591.0838970000001,0.01875,9.16409142635659,4.058729044657378,2024/25
2024,37,2024-09-16,19-64,1.8000000000000007,34769641,625.8535380000003,0.03167420814479638,15.080808144578322,8.791727041863197,2024/25
2024,38,2024-09-23,19-64,2.4999999999999996,34769641,869.2410249999999,0.012987012987012988,18.464270138888885,8.932884166193864,2024/25
2024,39,2024-09-30,19-64,2.799999999999999,34769641,973.5499479999996,0.009287925696594427,16.330515256774188,5.036613117649983,2024/25
2024,40,2024-10-07,19-64,3.6000000000000014,34769641,1251.7070760000006,0.00966183574879227,12.930858223140502,3.313774572319485,2024/25
2024,41,2024-10-14,19-64,4,34769641,1390.78564,0.011204481792717087,13.984133491773308,5.070763575506535,2024/25
2024,42,2024-10-21,19-64,4.399999999999999,34769641,1529.8642039999995,0.029723991507430998,27.099043871175514,9.657093669557641,2024/25
2024,43,2024-10-28,19-64,4.099999999999999,34769641,1425.5552809999997,0.0332409972299169,35.96859413793103,11.925672480347952,2024/25
2024,44,2024-11-04,19-64,4.099999999999999,34769641,1425.5552809999997,0.043227665706051875,49.574017405428314,15.256730312560427,2024/25
2024,45,2024-11-11,19-64,4.399999999999999,34769641,1529.8642039999995,0.04473684210526316,61.869508249999974,16.65212874305193,2024/25
2024,46,2024-11-18,19-64,4.099999999999999,34769641,1425.5552809999997,0.05509641873278237,68.00814184587155,16.301951694810754,2024/25
2024,47,2024-11-25,19-64,5.1000000000000005,34769641,1773.2516910000002,0.11940298507462686,131.6387718209607,21.81619144866349,2024/25
2024,48,2024-12-02,19-64,6.599999999999998,34769641,2294.7963059999993,0.15121951219512195,253.8923572595744,22.26890659014849,2024/25
2024,49,2024-12-09,19-64,9.900000000000002,34769641,3442.194459000001,0.16984732824427481,512.722078848054,39.1753028511364,2024/25
2024,50,2024-12-16,19-64,14.099999999999998,34769641,4902.519380999999,0.20910973084886128,871.8665377642907,60.577401536155456,2024/25
2024,51,2024-12-23,19-64,19.4,34769641,6745.310354,0.23205741626794257,1358.529173051228,74.15103487534152,2024/25
2024,52,2024-12-30,19-64,14.8,34769641,5145.906868,0.27615062761506276,1231.4352911094998,64.27913946171046,2024/25
2025,1,2025-01-06,19-64,21.499999999999996,34769641,7475.472814999999,0.29327902240325865,2010.3470511860125,120.85013153248248,2024/25
2025,2,2025-01-13,19-64,25.900000000000006,34769641,9005.337019000002,0.17920353982300885,2262.4245712758625,171.34568726351495,2024/25
2025,3,2025-01-20,19-64,18.8,34769641,6536.692508000001,0.10775862068965517,1277.6051454868518,108.14793935278023,2024/25
2025,4,2025-01-27,19-64,16.5,34769641,5736.990765,0.1619718309859155,854.9911721311477,115.90014613106324,2024/25
2025,5,2025-02-03,19-64,15.099999999999996,34769641,5250.215790999999,0.2311111111111111,873.7299413380593,141.76749752573207,2024/25
2025,6,2025-02-10,19-64,13.799999999999999,34769641,4798.210458,0.1951219512195122,944.4982379950166,202.557521786312,2024/25
2025,7,2025-02-17,19-64,12.6,34769641,4380.974765999999,0.21037463976945245,938.5021498719998,167.53694308093117,2024/25
2025,8,2025-02-24,19-64,11.999999999999998,34769641,4172.356919999999,0.20057306590257878,843.4354320703123,131.05552699889165,2024/25
2025,9,2025-03-03,19-64,11.1,34769641,3859.4301509999996,0.1936619718309859,779.7624182632651,100.95094640766868,2024/25
2025,10,2025-03-10,19-64,9.300000000000002,34769641,3233.5766130000006,0.15789473684210525,606.7756589714966,81.82398585790048,2024/25
2025,11,2025-03-17,19-64,7.8999999999999995,34769641,2746.801639,0.14767932489451477,462.8172624616438,73.9558658275074,2024/25
2025,12,2025-03-24,19-64,7.3,34769641,2538.1837929999997,0.18867924528301888,416.6015952036474,67.67487822797479,2024/25
2025,13,2025-03-31,19-64,6.5,34769641,2260.026665,0.11904761904761904,342.9479006069803,67.80328979764272,2024/25
2025,14,2025-04-07,19-64,5.499999999999999,34769641,1912.3302549999996,0.08421052631578947,253.10253374999996,50.12347985500991,2024/25
2025,15,2025-04-14,19-64,4.399999999999999,34769641,1529.8642039999995,0.09285714285714286,152.98642039999996,36.72993662422312,2024/25
2025,16,2025-04-21,19-64,2.9999999999999996,34769641,1043.0892299999998,0.027972027972027972,72.77366720930232,16.870543593613935,2024/25
2025,17,2025-04-28,19-64,2.6999999999999997,34769641,938.7803069999999,0.043795620437956206,51.40939776428571,11.442566213833611,2024/25
2025,18,2025-05-05,19-64,2.1999999999999993,34769641,764.9321019999998,0.009900990099009901,22.084653863517055,8.445688225192443,2024/25
2025,19,2025-05-12,19-64,1.8000000000000007,34769641,625.8535380000003,0.03636363636363636,19.782726775862077,7.446504716961185,2024/25
2025,20,2025-05-19,19-64,2,34769641,695.39282,0.03333333333333333,18.907961873111784,7.29882613266444,2024/25
2025,21,2025-05-26,19-64,1.7000000000000004,34769641,591.0838970000001,0.011111111111111112,16.624234603125,4.372842757477753,2024/25
2025,22,2025-06-02,19-64,1.6000000000000008,34769641,556.3142560000002,0,8.886809201277961,2.946541590382577,2024/25
2025,23,2025-06-09,19-64,2.1999999999999993,34769641,764.9321019999998,0.008130081300813009,4.841342417721517,1.3655472289709798,2024/25
2025,24,2025-06-16,19-64,2.1000000000000005,34769641,730.1624610000002,0,2.296108367924529,0.6570206876743789,2024/25
2025,25,2025-06-23,19-64,1.3999999999999995,34769641,486.7749739999998,0.04938271604938271,8.222550236486484,1.2821998182513414,2024/25
2025,26,2025-06-30,19-64,1.3999999999999995,34769641,486.7749739999998,0.014925373134328358,10.141145291666664,1.4767824506617844,2024/25
2025,27,2025-07-07,19-64,1.2999999999999996,34769641,452.0053329999999,0.02564102564102564,14.000165181415927,0.2507628516784014,2025/26
2025,28,2025-07-14,19-64,1.2999999999999996,34769641,452.0053329999999,0,6.248921654377879,1.9144726269072696,2025/26
2025,29,2025-07-21,19-64,1.0999999999999996,34769641,382.4660509999999,0.015873015873015872,5.386845788732392,1.6251473538825845,2025/26
2025,30,2025-07-28,19-64,1.3999999999999995,34769641,486.7749739999998,0,2.3979062758620677,0.725124656635861,2025/26
2025,31,2025-08-04,19-64,1.3999999999999995,34769641,486.7749739999998,0.01694915254237288,5.12394709473684,0.12963786353287646,2025/26
2025,32,2025-08-11,19-64,1.2999999999999996,34769641,452.0053329999999,0,2.6745877692307682,0.0676681155803476,2025/26
2025,33,2025-08-18,19-64,1.3999999999999995,34769641,486.7749739999998,0.015873015873015872,5.936280170731705,0.21619441856513347,2025/26
2025,34,2025-08-25,19-64,1.3999999999999995,34769641,486.7749739999998,0.030303030303030304,7.054709768115939,1.3134363888759304,2025/26
2025,35,2025-09-01,19-64,1.2000000000000002,34769641,417.23569200000003,0,5.600479087248322,2.0026314657411373,2025/26
2025,36,2025-09-08,19-64,1.9000000000000001,34769641,660.623179,0.028169014084507043,12.623372847133759,8.405332104851594,2025/26
2025,37,2025-09-15,19-64,2,34769641,695.39282,0,6.099937017543859,3.0788629749151357,2025/26
2025,38,2025-09-22,19-64,2.1999999999999993,34769641,764.9321019999998,0.0196078431372549,11.660550335365851,6.478083519647693,2025/26
2025,39,2025-09-29,19-64,3.7,34769641,1286.476717,0.062146892655367235,41.49924893548388,15.509820309221238,2025/26
2025,40,2025-10-06,19-64,4.800000000000001,34769641,1668.9427680000001,0.05263157894736842,77.40921929499073,46.132767054590424,2025/26
2025,41,2025-10-13,19-64,5.999999999999999,34769641,2086.1784599999996,0.0752212389380531,132.94274499999997,76.76660191077438,2025/26
2025,42,2025-10-20,19-64,5.999999999999999,34769641,2086.1784599999996,0.13679245283018868,183.79006525502317,130.79240093545297,2025/26
2025,43,2025-10-27,19-64,5.999999999999999,34769641,2086.1784599999996,0.15450643776824036,254.9428222354694,195.591054095995,2025/26
2025,44,2025-11-03,19-64,6.2,34769641,2155.7177420000003,0.16115702479338842,326.3386392547307,284.08092072132774,2025/26
2025,45,2025-11-10,19-64,7.5,34769641,2607.723075,0.13765182186234817,393.68672461911365,346.01636787128837,2025/26
2025,46,2025-11-17,19-64,7.200000000000003,34769641,2503.414152000001,0.21487603305785125,428.0803953488374,386.30712981080774,2025/26
2025,47,2025-11-24,19-64,7.8999999999999995,34769641,2746.801639,0.22118380062305296,532.4047621271604,473.88585935395344,2025/26
2025,48,2025-12-01,19-64,12.300000000000002,34769641,4276.665843000001,0.3776435045317221,1186.3681533154365,1079.9879271524544,2025/26
2025,49,2025-12-08,19-64,16.900000000000002,34769641,5876.069329000001,0.3418803418803419,1851.2840557966103,1708.3179488116305,2025/26
2025,50,2025-12-15,19-64,22.2,34769641,7718.860301999999,0.26458333333333334,2471.098134547332,2309.3406603557355,2025/26
2025,51,2025-12-22,19-64,20.899999999999995,34769641,7266.854968999999,0.26071428571428573,2093.063537425742,1965.8570193745484,2025/26
2025,52,2025-12-29,19-64,10.6,34769641,3685.581946,0.2,903.2271247943662,825.2197562513716,2025/26
2026,1,2026-01-05,19-64,14.099999999999998,34769641,4902.519380999999,0.20610687022900764,1077.7522156595091,955.9862649455872,2025/26
2026,2,2026-01-12,19-64,16.100000000000005,34769641,5597.912201000001,0.12941176470588237,1003.0940938208093,798.4641898612168,2025/26
2026,3,2026-01-19,19-64,12.499999999999998,34769641,4346.2051249999995,0.15254237288135594,715.7044318077276,519.6996829344127,2025/26
2026,4,2026-01-26,19-64,9.4,34769641,3268.3462540000005,0.078125,405.963008391579,273.77011975527193,2025/26
2026,5,2026-02-02,19-64,7.800000000000001,34769641,2712.0319980000004,0.0711743772241993,286.1178538855219,183.07545550649655,2025/26
2026,6,2026-02-09,19-64,6.7,34769641,2329.565947,0.07058823529411765,170.59952642171717,112.20327527229502,2025/26
2026,7,2026-02-16,19-64,5.799999999999999,34769641,2016.6391779999994,0.03398058252427184,122.30291510781667,75.84074947426512,2025/26
2026,8,2026-02-23,19-64,4.9,34769641,1703.7124090000002,0.04060913705583756,85.44454330851065,40.009746469858136,2025/26
2026,9,2026-03-02,19-64,4.800000000000001,34769641,1668.9427680000001,0.023923444976076555,54.54061333333334,27.205377365079357,2025/26
2026,10,2026-03-09,19-64,4,34769641,1390.78564,0.01744186046511628,38.499256470588236,16.14829924183006,2025/26
2026,11,2026-03-16,19-64,3.2000000000000015,34769641,1112.6285120000005,0.012578616352201259,20.604231703703714,7.783820865843622,2025/26
2026,12,2026-03-23,19-64,4.099999999999999,34769641,1425.5552809999997,0.046511627906976744,36.84337704373757,7.163989980726744,2025/26
2026,13,2026-03-30,19-64,4.299999999999999,34769641,1495.0945629999997,0.007407407407407408,35.291931744635185,2.940994312052927,2025/26
2023,52,2024-01-01,65+,4.500000000000001,10981092,494.14914000000005,0.09340659340659341,32.943276000000004,7.982409192745284,2023/24
2024,1,2024-01-08,65+,7.1999999999999975,10981092,790.6386239999998,0.030434782608695653,44.71937918552035,12.630145626684467,2023/24
2024,2,2024-01-15,65+,7.699999999999999,10981092,845.5440839999999,0.03977272727272727,44.578004428571425,18.093674356200896,2023/24
2024,3,2024-01-22,65+,5.500000000000002,10981092,603.9600600000001,0.07386363636363637,28.0187656701031,11.07671666895676,2023/24
2024,4,2024-01-29,65+,7,10981092,768.67644,0.08917197452229299,51.34577398821218,19.418026357113185,2023/24
2024,5,2024-02-05,65+,8.500000000000002,10981092,933.3928200000001,0.12972972972972974,91.89774868725871,28.331729092473328,2023/24
2024,6,2024-02-12,65+,7.499999999999998,10981092,823.5818999999999,0.06206896551724138,79.48326344969198,18.197439139746056,2023/24
2024,7,2024-02-19,65+,6.899999999999999,10981092,757.6953479999999,0.12209302325581395,81.50507727490037,13.8363766389278,2023/24
2024,8,2024-02-26,65+,6.000000000000001,10981092,658.8655200000001,0.06201550387596899,56.13652412556054,20.29463462838682,2023/24
2024,9,2024-03-04,65+,4.400000000000002,10981092,483.16804800000017,0.015151515151515152,34.59170782448038,14.309409038864814,2023/24
2024,10,2024-03-11,65+,4.400000000000002,10981092,483.16804800000017,0.04580152671755725,19.72114481632654,8.283736650882014,2023/24
2024,11,2024-03-18,65+,4.200000000000001,10981092,461.20586400000013,0.031496062992125984,14.190949661538466,3.369714230261671,2023/24
2024,12,2024-03-25,65+,3.9000000000000004,10981092,428.26258800000005,0.034482758620689655,16.137430852173914,4.439754902932482,2023/24
2024,13,2024-04-01,65+,2.5000000000000004,10981092,274.5273,0.02702702702702703,8.578978125,2.763741000667908,2023/24
2024,14,2024-04-08,65+,3.4000000000000004,10981092,373.35712800000005,0.036036036036036036,12.3537285,4.113799980238413,2023/24
2024,15,2024-04-15,65+,3.1,10981092,340.413852,0,6.853970174496645,1.193428188526039,2023/24
2024,16,2024-04-22,65+,2.200000000000001,10981092,241.58402400000008,0,3.0775034904458605,1.252317435910998,2023/24
2024,17,2024-04-29,65+,2.1000000000000005,10981092,230.60293200000007,0.03225806451612903,2.3371918783783787,1.2489755569818741,2023/24
2024,18,2024-05-06,65+,2.2999999999999994,10981092,252.56511599999993,0.013157894736842105,3.900619552123551,2.084458072423263,2023/24
2024,19,2024-05-13,65+,0.7999999999999998,10981092,87.84873599999997,0,1.3619959069767438,0.27384044861156076,2023/24
2024,20,2024-05-20,65+,1.7000000000000002,10981092,186.67856400000002,0,0.7527361451612904,0.25091204838709674,2023/24
2024,21,2024-05-27,65+,1.1999999999999997,10981092,131.77310399999996,0.01639344262295082,0.565549802575107,0.377033201716738,2023/24
2024,22,2024-06-03,65+,1.3000000000000003,10981092,142.75419600000004,0.02564102564102564,1.9291107567567574,1.601288010593709,2023/24
2024,23,2024-06-10,65+,1.3000000000000003,10981092,142.75419600000004,0,2.152073306532664,1.069003730411072,2023/24
2024,24,2024-06-17,65+,1.3999999999999997,10981092,153.73528799999997,0,1.4039752328767119,0.2294077154724847,2023/24
2024,25,2024-06-24,65+,1.5000000000000002,10981092,164.71638000000002,0,0,-0,2023/24
2024,26,2024-07-01,65+,1,10981092,109.81092,0,0,-0,2024/25
2024,27,2024-07-08,65+,1.5999999999999996,10981092,175.69747199999995,0.009345794392523364,0.7382246722689073,0.24607489075630237,2024/25
2024,28,2024-07-15,65+,2.200000000000001,10981092,241.58402400000008,0,0.8947556444444447,0.29825188148148146,2024/25
2024,29,2024-07-22,65+,2.1000000000000005,10981092,230.60293200000007,0,0.8385561163636365,0.27951870545454544,2024/25
2024,30,2024-07-29,65+,2.1000000000000005,10981092,230.60293200000007,0,0,-0,2024/25
2024,31,2024-08-05,65+,1.3999999999999997,10981092,153.73528799999997,0,0,-0,2024/25
2024,32,2024-08-12,65+,1,10981092,109.81092,0,0,-0,2024/25
2024,33,2024-08-19,65+,1,10981092,109.81092,0.016129032258064516,0.5574158375634517,-4.125705981024402e-17,2024/25
2024,34,2024-08-26,65+,1,10981092,109.81092,0,0.6615115662650601,-4.896169146155465e-17,2024/25
2024,35,2024-09-02,65+,0.8999999999999997,10981092,98.82982799999998,0,0.6723117551020407,-4.976106601602901e-17,2024/25
2024,36,2024-09-09,65+,0.7999999999999998,10981092,87.84873599999997,0,0,-0,2024/25
2024,37,2024-09-16,65+,1.5999999999999996,10981092,175.69747199999995,0.011111111111111112,0.8873609696969693,0.2957869898989897,2024/25
2024,38,2024-09-23,65+,1.7999999999999994,10981092,197.65965599999996,0,0.7293714243542434,0.24312380811808107,2024/25
2024,39,2024-09-30,65+,1.7000000000000002,10981092,186.67856400000002,0.02459016393442623,2.2835298348623856,0.761176611620795,2024/25
2024,40,2024-10-07,65+,2.9000000000000004,10981092,318.45166800000004,0.016666666666666666,4.5820383884892095,0.3818365251828459,2024/25
2024,41,2024-10-14,65+,3.299999999999998,10981092,362.37603599999983,0.00684931506849315,5.662125562499997,0.471843787988608,2024/25
2024,42,2024-10-21,65+,3.6999999999999997,10981092,406.300404,0,3.1314096647398846,0.26095080048041674,2024/25
2024,43,2024-10-28,65+,3.6999999999999997,10981092,406.300404,0,0.812600808,-4.5108406343530306e-17,2024/25
2024,44,2024-11-04,65+,3.7999999999999994,10981092,417.28149599999995,0.016216216216216217,2.3225315176252317,0.4645062909276352,2024/25
2024,45,2024-11-11,65+,3.299999999999998,10981092,362.37603599999983,0.016666666666666666,4.13356695057034,1.2676271787438322,2024/25
2024,46,2024-11-18,65+,2.9000000000000004,10981092,318.45166800000004,0.0053475935828877,4.038336369565219,1.9435294783828692,2024/25
2024,47,2024-11-25,65+,3.0000000000000004,10981092,329.43276000000003,0.012121212121212121,3.7154070676691733,1.0450319531510146,2024/25
2024,48,2024-12-02,65+,6.500000000000002,10981092,713.7709800000001,0.04597701149425287,14.926769543726238,2.6062613259559417,2024/25
2024,49,2024-12-09,65+,6.399999999999999,10981092,702.7898879999998,0.05527638190954774,27.43231904832713,1.7549295105139866,2024/25
2024,50,2024-12-16,65+,10.600000000000003,10981092,1163.9957520000003,0.11616161616161616,85.61790119789845,8.809239049926356,2024/25
2024,51,2024-12-23,65+,17.3,10981092,1899.728916,0.10344827586206896,173.0050851698774,21.422204377094094,2024/25
2024,52,2024-12-30,65+,21.000000000000007,10981092,2306.0293200000006,0.18478260869565216,311.065106115108,22.269256476032893,2024/25
2025,1,2025-01-06,65+,32.3,10981092,3546.892716,0.10138248847926268,456.4696712765217,21.553044240084187,2024/25
2025,2,2025-01-13,65+,20.400000000000002,10981092,2240.142768,0.10843373493975904,292.3643118730159,12.779908496472709,2024/25
2025,3,2025-01-20,65+,18.1,10981092,1987.5776520000002,0.05555555555555555,181.03174059962052,6.2995169085418254,2024/25
2025,4,2025-01-27,65+,15.399999999999999,10981092,1691.0881679999998,0.08256880733944955,141.26034816229114,2.8611284158269847,2024/25
2025,5,2025-02-03,65+,11.1,10981092,1218.901212,0.032,67.716734,9.287567898424651,2024/25
2025,6,2025-02-10,65+,9.599999999999998,10981092,1054.1848319999997,0.06666666666666667,62.85112819512193,13.892912031559868,2024/25
2025,7,2025-02-17,65+,9.300000000000002,10981092,1021.2415560000002,0.043010752688172046,49.181604679886696,20.310229426511512,2024/25
2025,8,2025-02-24,65+,7.699999999999999,10981092,845.5440839999999,0.07291666666666667,52.194079259259254,18.735423333069953,2024/25
2025,9,2025-03-03,65+,6.500000000000002,10981092,713.7709800000001,0.024691358024691357,34.366750888888895,16.70253626141927,2024/25
2025,10,2025-03-10,65+,5.800000000000001,10981092,636.9033360000001,0.03488372093023256,29.060228258555135,15.516034670194687,2024/25
2025,11,2025-03-17,65+,4.900000000000002,10981092,538.0735080000002,0.05084745762711865,19.04684984070797,11.848736261247568,2024/25
2025,12,2025-03-24,65+,4.500000000000001,10981092,494.14914000000005,0.0125,15.373528800000003,6.277252588133338,2024/25
2025,13,2025-03-31,65+,4.500000000000001,10981092,494.14914000000005,0.02531645569620253,13.60043504587156,6.824856032838662,2024/25
2025,14,2025-04-07,65+,5.400000000000002,10981092,592.9789680000002,0.014084507042253521,10.312677704347829,5.15633888242443,2024/25
2025,15,2025-04-14,65+,5.1000000000000005,10981092,560.035692,0.015384615384615385,10.419268688372092,5.346729991933455,2024/25
2025,16,2025-04-21,65+,2.5000000000000004,10981092,274.5273,0.020833333333333332,4.475988586956522,0.8048926875513369,2024/25
2025,17,2025-04-28,65+,1.7999999999999994,10981092,197.65965599999996,0,2.298368093023255,0.7963643846775234,2024/25
2025,18,2025-05-05,65+,1.8999999999999997,10981092,208.64074799999997,0,1.5118894782608692,0.5039631594202897,2024/25
2025,19,2025-05-12,65+,1.3999999999999997,10981092,153.73528799999997,0,0,0,2024/25
2025,20,2025-05-19,65+,1,10981092,109.81092,0,0,0,2024/25
2025,21,2025-05-26,65+,1.3000000000000003,10981092,142.75419600000004,0,0,0,2024/25
2025,22,2025-06-02,65+,1.1999999999999997,10981092,131.77310399999996,0,0,0,2024/25
2025,23,2025-06-09,65+,2,10981092,219.62184,0,0,0,2024/25
2025,24,2025-06-16,65+,1.5000000000000002,10981092,164.71638000000002,0,0,0,2024/25
2025,25,2025-06-23,65+,0.7999999999999998,10981092,87.84873599999997,0.037037037037037035,0.7706029473684208,0.002195449618112724,2024/25
2025,26,2025-06-30,65+,0.7999999999999998,10981092,87.84873599999997,0,0.8784873599999996,0.002502812564648505,2024/25
2025,27,2025-07-07,65+,0.5999999999999999,10981092,65.88655199999998,0,0.784363714285714,0.0022346540755790226,2025/26
2025,28,2025-07-14,65+,0.8999999999999997,10981092,98.82982799999998,0,0,0,2025/26
2025,29,2025-07-21,65+,0.6999999999999998,10981092,76.86764399999998,0,0,0,2025/26
2025,30,2025-07-28,65+,0.5999999999999999,10981092,65.88655199999998,0,0,0,2025/26
2025,31,2025-08-04,65+,1.1000000000000005,10981092,120.79201200000004,0,0,0,2025/26
2025,32,2025-08-11,65+,0.8999999999999997,10981092,98.82982799999998,0,0,0,2025/26
2025,33,2025-08-18,65+,1,10981092,109.81092,0,0,0,2025/26
2025,34,2025-08-25,65+,1,10981092,109.81092,0,0,0,2025/26
2025,35,2025-09-01,65+,1.1000000000000005,10981092,120.79201200000004,0,0,0,2025/26
2025,36,2025-09-08,65+,1,10981092,109.81092,0.05405405405405406,3.182925217391304,1.0609750724637679,2025/26
2025,37,2025-09-15,65+,1.1999999999999997,10981092,131.77310399999996,0,2.928291199999999,0.9760970666666663,2025/26
2025,38,2025-09-22,65+,1.5999999999999996,10981092,175.69747199999995,0.018518518518518517,4.183273142857141,1.3944243809523802,2025/26
2025,39,2025-09-29,65+,2.700000000000001,10981092,296.4894840000001,0.04285714285714286,7.458854943396228,0,2025/26
2025,40,2025-10-06,65+,3.1,10981092,340.413852,0.024193548387096774,9.6084555,1.0676061666666667,2025/26
2025,41,2025-10-13,65+,4.1,10981092,450.224772,0.04040404040404041,15.366033174061434,1.7073370193401594,2025/26
2025,42,2025-10-20,65+,4.1,10981092,450.224772,0.12244897959183673,26.64881828037383,7.402449522326065,2025/26
2025,43,2025-10-27,65+,4.799999999999999,10981092,527.0924159999998,0.03488372093023256,35.387830049469954,17.693915024734977,2025/26
2025,44,2025-11-03,65+,5.7,10981092,625.9222440000001,0.11764705882352941,59.09056149650351,42.67651663636365,2025/26
2025,45,2025-11-10,65+,6.000000000000001,10981092,658.8655200000001,0.09259259259259259,55.64742567567568,49.464378378378385,2025/26
2025,46,2025-11-17,65+,6.100000000000002,10981092,669.8466120000003,0.16279069767441862,81.46783118918921,70.32693119750522,2025/26
2025,47,2025-11-24,65+,5.900000000000002,10981092,647.8844280000002,0.1111111111111111,77.23125631788082,73.10565501884874,2025/26
2025,48,2025-12-01,65+,8.1,10981092,889.468452,0.2777777777777778,164.93454739072848,154.29133514457465,2025/26
2025,49,2025-12-08,65+,13.499999999999996,10981092,1482.4474199999997,0.2785714285714286,337.2984298314606,324.18126867134833,2025/26
2025,50,2025-12-15,65+,20.1,10981092,2207.199492,0.18787878787878787,534.4308697336563,505.506474991799,2025/26
2025,51,2025-12-22,65+,21.699999999999996,10981092,2382.8969639999996,0.22033898305084745,540.7993109787233,510.60580106055636,2025/26
2025,52,2025-12-29,65+,10.600000000000003,10981092,1163.9957520000003,0.16058394160583941,218.94205811428577,203.40094202586667,2025/26
2026,1,2026-01-05,65+,14.099999999999996,10981092,1548.3339719999997,0.09411764705882353,233.16088048941174,221.78137947484984,2025/26
2026,2,2026-01-12,65+,16.100000000000005,10981092,1767.9558120000004,0.11875,215.78903915203432,196.03562332056654,2025/26
2026,3,2026-01-19,65+,12.500000000000004,10981092,1372.6365000000003,0.08092485549132948,133.71608051689864,116.07298655980787,2025/26
2026,4,2026-01-26,65+,9.4,10981092,1032.222648,0.11,104.89098501616625,79.25096645665896,2025/26
2026,5,2026-02-02,65+,7.800000000000001,10981092,856.5251760000001,0.09473684210526316,79.13547821739132,61.25672202753626,2025/26
2026,6,2026-02-09,65+,6.7,10981092,735.733164,0.06578947368421052,67.872063099631,51.78387036490367,2025/26
2026,7,2026-02-16,65+,5.800000000000001,10981092,636.9033360000001,0,37.152694600000004,20.915591034074087,2025/26
2026,8,2026-02-23,65+,4.900000000000002,10981092,538.0735080000002,0.0125,14.348626880000005,8.609176128000005,2025/26
2026,9,2026-03-02,65+,4.799999999999999,10981092,527.0924159999998,0.022727272727272728,6.672055898734175,4.448037265822785,2025/26
2026,10,2026-03-09,65+,4,10981092,439.24368,0.05,12.398007096774192,9.298505322580649,2025/26
2026,11,2026-03-16,65+,3.1999999999999993,10981092,351.3949439999999,0.05714285714285714,14.764493445378148,7.3822467226890796,2025/26
2026,12,2026-03-23,65+,4.1,10981092,450.224772,0,17.070133535545025,2.845022255924176,2025/26
2026,13,2026-03-30,65+,4.3,10981092,472.186956,0.014705882352941176,11.863993869346734,0.988666155778898,2025/26
