Year,Week,date,age_group,ILI,ILI_per_100k,total_samples,flu_samples,prop_flu,smooth_prop,ILI_flu
2021,52,2022-01-03,0-4,18.433457999999998,0.6,3072243,NA,0,NA,NA
2022,1,2022-01-10,0-4,15.361215,0.5,3072243,NA,0,NA,NA
2022,2,2022-01-17,0-4,6.144486000000001,0.20000000000000004,3072243,0,0,0,0
2022,3,2022-01-24,0-4,18.433457999999998,0.6,3072243,0,0,0,0
2022,4,2022-01-31,0-4,24.577944000000002,0.8000000000000002,3072243,0.6642687567567568,0.08333333333333333,0.027027027027027025,0.2214229189189189
2022,5,2022-02-07,0-4,30.72243,1,3072243,0.9309827272727271,0,0.0303030303030303,0.3103275757575757
2022,6,2022-02-14,0-4,33.794673,1.1,3072243,1.2997951153846157,0,0.038461538461538464,0
2022,7,2022-02-21,0-4,12.288972000000001,0.4000000000000001,3072243,0,0,0,0
2022,8,2022-02-28,0-4,18.433457999999998,0.6,3072243,0,0,0,0
2022,9,2022-03-07,0-4,21.505701,0.6999999999999998,3072243,0.4779044666666666,0.09090909090909091,0.02222222222222222,0.15930148888888884
2022,10,2022-03-14,0-4,21.505701,0.6999999999999998,3072243,0.4135711730769231,0,0.019230769230769232,0.1378570576923077
2022,11,2022-03-21,0-4,18.433457999999998,0.6,3072243,0.7844024680851063,0.06666666666666667,0.0425531914893617,0.26146748936170205
2022,12,2022-03-28,0-4,39.939159000000004,1.3,3072243,1.7364851739130436,0.1,0.043478260869565216,0
2022,13,2022-04-04,0-4,30.72243,1,3072243,3.572375581395349,0.16666666666666666,0.11627906976744186,1.1907918604651162
2022,14,2022-04-11,0-4,36.866915999999996,1.2,3072243,4.096323999999999,0,0.1111111111111111,1.365441333333333
2022,15,2022-04-18,0-4,12.288972000000001,0.4000000000000001,3072243,1.3654413333333333,0.1,0.1111111111111111,0.9102942222222221
2022,16,2022-04-25,0-4,24.577944000000002,0.8000000000000002,3072243,0.98311776,0,0.039999999999999994,0.32770592
2022,17,2022-05-02,0-4,9.216728999999999,0.3,3072243,0.6583377857142856,0.09090909090909091,0.07142857142857142,0.43889185714285706
2022,18,2022-05-09,0-4,24.577944000000002,0.8000000000000002,3072243,1.4895723636363636,0.06666666666666667,0.0606060606060606,0.9930482424242424
2022,19,2022-05-16,0-4,36.866915999999996,1.2,3072243,2.910546,0.08333333333333333,0.07894736842105264,1.940364
2022,20,2022-05-23,0-4,52.228131,1.7,3072243,2.901562833333333,0,0.05555555555555555,0.9671876111111111
2022,21,2022-05-30,0-4,33.794673,1.1,3072243,1.2516545555555556,0,0.037037037037037035,0
2022,22,2022-06-06,0-4,9.216728999999999,0.3,3072243,0,0,0,0
2022,23,2022-06-13,0-4,21.505701,0.6999999999999998,3072243,0,0,0,0
2022,24,2022-06-20,0-4,39.939159000000004,1.3,3072243,0,0,0,0
2022,25,2022-06-27,0-4,15.361215,0.5,3072243,0,0,0,0
2022,26,2022-07-04,0-4,39.939159000000004,1.3,3072243,0,0,0,0
2022,27,2022-07-11,0-4,21.505701,0.6999999999999998,3072243,0,0,0,0
2022,28,2022-07-18,0-4,21.505701,0.6999999999999998,3072243,0,0,0,0
2022,29,2022-07-25,0-4,15.361215,0.5,3072243,0,0,0,0
2022,30,2022-08-01,0-4,12.288972000000001,0.4000000000000001,3072243,0,0,0,0
2022,31,2022-08-08,0-4,9.216728999999999,0.3,3072243,0,0,0,0
2022,32,2022-08-15,0-4,9.216728999999999,0.3,3072243,0,0,0,0
2022,33,2022-08-22,0-4,6.144486000000001,0.20000000000000004,3072243,0,0,0,0
2022,34,2022-08-29,0-4,6.144486000000001,0.20000000000000004,3072243,0,0,0,0
2022,35,2022-09-05,0-4,6.144486000000001,0.20000000000000004,3072243,0,0,0,0
2022,36,2022-09-12,0-4,0,0,3072243,0,0,0,0
2022,37,2022-09-19,0-4,30.72243,1,3072243,0,0,0,0
2022,38,2022-09-26,0-4,24.577944000000002,0.8000000000000002,3072243,0,0,0,0
2022,39,2022-10-03,0-4,27.650187000000003,0.9,3072243,0.8919415161290323,0.06060606060606061,0.03225806451612903,0.2973138387096774
2022,40,2022-10-10,0-4,58.372617,1.9000000000000001,3072243,2.109853626506024,0.037037037037037035,0.03614457831325301,1.4065690843373493
2022,41,2022-10-17,0-4,67.589346,2.2,3072243,3.4136033333333335,0.05128205128205128,0.050505050505050504,2.844669444444445
2022,42,2022-10-24,0-4,86.022804,2.7999999999999994,3072243,5.19103127586207,0.08,0.060344827586206906,3.4606875172413796
2022,43,2022-10-31,0-4,98.31177600000001,3.2000000000000006,3072243,8.136146979310345,0.10714285714285714,0.08275862068965517,3.3900612413793105
2022,44,2022-11-07,0-4,82.950561,2.6999999999999997,3072243,6.524201426966291,0.05555555555555555,0.07865168539325842,3.805784165730337
2022,45,2022-11-14,0-4,116.745234,3.8000000000000003,3072243,10.50707106,0.1111111111111111,0.09,6.379293143571428
2022,46,2022-11-21,0-4,215.05701000000002,7.000000000000001,3072243,16.07902878504673,0.05714285714285714,0.07476635514018691,11.102186542056074
2022,47,2022-11-28,0-4,254.996169,8.3,3072243,19.06513413084112,0.05555555555555555,0.07476635514018691,11.575260008010678
2022,48,2022-12-05,0-4,390.17486099999996,12.699999999999998,3072243,52.11239581849315,0.20666666666666667,0.13356164383561644,32.43016030102463
2022,49,2022-12-12,0-4,605.231871,19.7,3072243,98.9479898092643,0.1724137931034483,0.16348773841961853,70.99155556242098
2022,50,2022-12-19,0-4,817.216638,26.599999999999998,3072243,173.6386228888889,0.24311926605504589,0.21247563352826512,117.67592453204469
2022,51,2022-12-26,0-4,890.9504700000001,29.000000000000004,3072243,197.76703257847535,0.25301204819277107,0.2219730941704036,138.70146891432117
2022,52,2023-01-02,0-4,399.39159,13,3072243,97.81018530612246,0.23809523809523808,0.2448979591836735,65.81185870258112
2023,1,2023-01-09,0-4,291.863085,9.5,3072243,62.17201810650887,0.11363636363636363,0.21301775147928992,45.34061637926176
2023,2,2023-01-16,0-4,221.20149600000002,7.2,3072243,29.062970277372266,0.058823529411764705,0.13138686131386862,20.989922978102193
2023,3,2023-01-23,0-4,165.901122,5.3999999999999995,3072243,8.618240103896103,0,0.051948051948051945,7.086108529870129
2023,4,2023-01-30,0-4,138.250935,4.5,3072243,2.439722382352941,0,0.01764705882352941,2.168642117647059
2023,5,2023-02-06,0-4,147.46766399999998,4.8,3072243,0,0,0,0
2023,6,2023-02-13,0-4,150.539907,4.8999999999999995,3072243,0,0,0,0
2023,7,2023-02-20,0-4,110.60074800000001,3.6,3072243,0.6743948048780488,0.0196078431372549,0.006097560975609756,0.11239913414634158
2023,8,2023-02-27,0-4,104.456262,3.4,3072243,2.117356662162162,0.05,0.020270270270270268,0.3528927770270273
2023,9,2023-03-06,0-4,107.52850500000001,3.5000000000000004,3072243,2.5806841200000004,0,0.024,0.4301140200000005
2023,10,2023-03-13,0-4,73.73383199999999,2.4,3072243,1.650757432835821,0.016666666666666666,0.02238805970149254,2.4436118800072583e-16
2023,11,2023-03-20,0-4,113.67299100000001,3.7000000000000006,3072243,1.5056025298013245,0.017543859649122806,0.01324503311258278,2.228739459359085e-16
2023,12,2023-03-27,0-4,95.239533,3.0999999999999996,3072243,1.5961932905027931,0.016129032258064516,0.01675977653631285,2.3628407238245225e-16
2023,13,2023-04-03,0-4,79.87831800000001,2.6,3072243,1.4611887439024394,0.022222222222222223,0.01829268292682927,2.1629938490714658e-16
2023,14,2023-04-10,0-4,46.083645,1.5,3072243,0.6269883673469387,0,0.013605442176870748,9.281292288009428e-17
2023,15,2023-04-17,0-4,24.577944000000002,0.8000000000000002,3072243,0.19201518750000002,0,0.0078125,2.8423957632028874e-17
2023,16,2023-04-24,0-4,33.794673,1.1,3072243,0,0,0,0
2023,17,2023-05-01,0-4,21.505701,0.6999999999999998,3072243,0,0,0,0
2023,18,2023-05-08,0-4,18.433457999999998,0.6,3072243,0,0,0,0
2023,19,2023-05-15,0-4,24.577944000000002,0.8000000000000002,3072243,0,0,0,0
2023,20,2023-05-22,0-4,36.866915999999996,1.2,3072243,0,0,0,0
2023,21,2023-05-29,0-4,24.577944000000002,0.8000000000000002,3072243,0,0,0,0
2023,22,2023-06-05,0-4,15.361215,0.5,3072243,0,0,0,0
2023,23,2023-06-12,0-4,21.505701,0.6999999999999998,3072243,0,0,0,0
2023,24,2023-06-19,0-4,27.650187000000003,0.9,3072243,0,0,0,0
2023,25,2023-06-26,0-4,18.433457999999998,0.6,3072243,0,0,0,0
2023,26,2023-07-03,0-4,27.650187000000003,0.9,3072243,0,0,0,0
2023,27,2023-07-10,0-4,18.433457999999998,0.6,3072243,0,0,0,0
2023,28,2023-07-17,0-4,49.155888000000004,1.6000000000000003,3072243,0,0,0,0
2023,29,2023-07-24,0-4,27.650187000000003,0.9,3072243,0,0,0,0
2023,30,2023-07-31,0-4,21.505701,0.6999999999999998,3072243,0,0,0,0
2023,31,2023-08-07,0-4,6.144486000000001,0.20000000000000004,3072243,0,0,0,0
2023,32,2023-08-14,0-4,12.288972000000001,0.4000000000000001,3072243,0,0,0,0
2023,33,2023-08-21,0-4,14.990585999999999,0.6,2498431,0,0,0,0
2023,34,2023-08-28,0-4,9.993724,0.4,2498431,0,0,0,0
2023,35,2023-09-04,0-4,7.495292999999999,0.3,2498431,0,0,0,0
2023,36,2023-09-11,0-4,27.482741,1.1,2498431,0,0,0,0
2023,37,2023-09-18,0-4,14.990585999999999,0.6,2498431,0,0,0,0
2023,38,2023-09-25,0-4,39.974896,1.6,2498431,0,0,0,0
2023,39,2023-10-02,0-4,57.463913,2.3,2498431,0,0,0,0
2023,40,2023-10-09,0-4,67.457637,2.7,2498431,0,0,0,0
2023,41,2023-10-16,0-4,82.448223,3.3,2498431,0.9776469130434783,0.03225806451612903,0.011857707509881424,0.10862743478260885
2023,42,2023-10-23,0-4,99.93723999999999,3.999999999999999,2498431,1.4805517037037035,0.00980392156862745,0.014814814814814814,0.16450574485596728
2023,43,2023-10-30,0-4,72.454499,2.9,2498431,0.9348967612903225,0,0.012903225806451613,0.10387741792114709
2023,44,2023-11-06,0-4,57.463913,2.3,2498431,0.44777075064935057,0.011904761904761904,0.007792207792207791,0.14925691688311693
2023,45,2023-11-13,0-4,107.43253299999998,4.299999999999999,2498431,0.9766593909090907,0.012738853503184714,0.00909090909090909,0.48832969545454546
2023,46,2023-11-20,0-4,149.90586,5.999999999999999,2498431,1.5947431914893617,0.006896551724137931,0.010638297872340427,1.3289526595744683
2023,47,2023-11-27,0-4,87.445085,3.5,2498431,1.1726352394636017,0.01818181818181818,0.013409961685823755,0.8794764295977014
2023,48,2023-12-04,0-4,112.429395,4.5,2498431,2.141512285714286,0.03125,0.01904761904761905,1.677517957142858
2023,49,2023-12-11,0-4,122.42311900000001,4.900000000000001,2498431,3.3632725000000003,0.03614457831325301,0.027472527472527472,2.074018041666667
2023,50,2023-12-18,0-4,147.407429,5.9,2498431,8.14405685082873,0.08755760368663594,0.055248618784530384,3.9863015111951166
2023,51,2023-12-25,0-4,209.86820400000002,8.4,2498431,12.88299866138614,0.04918032786885246,0.061386138613861385,5.876455529755084
2021,52,2022-01-03,19-64,347.69641,1,34769641,23.946033746556477,0,0.06887052341597796,6.931746610845302
2022,1,2022-01-10,19-64,521.5446149999999,1.4999999999999998,34769641,14.830652559241704,0,0.028436018957345974,2.471775426540287
2022,2,2022-01-17,19-64,625.8535380000003,1.8000000000000007,34769641,0,0,0,0
2022,3,2022-01-24,19-64,452.0053329999999,1.2999999999999996,34769641,0,0,0,0
2022,4,2022-01-31,19-64,382.4660509999999,1.0999999999999996,34769641,0,0,0,0
2022,5,2022-02-07,19-64,347.69641,1,34769641,0,0,0,0
2022,6,2022-02-14,19-64,660.623179,1.9000000000000001,34769641,0,0,0,0
2022,7,2022-02-21,19-64,591.0838970000001,1.7000000000000004,34769641,6.7168624659090925,0.027777777777777776,0.011363636363636364,1.491443072578556e-15
2022,8,2022-02-28,19-64,417.23569200000003,1.2000000000000002,34769641,5.349175538461538,0,0.01282051282051282,1.1877555691123339e-15
2022,9,2022-03-07,19-64,556.3142560000002,1.6000000000000008,34769641,16.689427680000005,0.05555555555555555,0.03,5.563142560000005
2022,10,2022-03-14,19-64,904.0106659999998,2.599999999999999,34769641,23.58288693913043,0.0196078431372549,0.02608695652173913,15.72192462608696
2022,11,2022-03-21,19-64,521.5446149999999,1.4999999999999998,34769641,27.631502781456945,0.078125,0.05298013245033112,27.631502781456952
2022,12,2022-03-28,19-64,799.701743,2.3,34769641,41.127518211428566,0.05,0.05142857142857143,41.12751821142857
2022,13,2022-04-04,19-64,1043.0892299999998,2.9999999999999996,34769641,54.89943315789473,0.030303030303030304,0.05263157894736842,36.599622105263165
2022,14,2022-04-11,19-64,695.39282,2,34769641,31.004775414012745,0.06451612903225806,0.0445859872611465,20.669850276008507
2022,15,2022-04-18,19-64,591.0838970000001,1.7000000000000004,34769641,27.07254490076336,0.058823529411764705,0.04580152671755725,18.04836326717558
2022,16,2022-04-25,19-64,556.3142560000002,1.6000000000000008,34769641,41.723569200000014,0.13333333333333333,0.075,27.81571280000002
2022,17,2022-05-02,19-64,486.7749739999998,1.3999999999999995,34769641,46.35952133333331,0.14285714285714285,0.09523809523809523,15.453173777777785
2022,18,2022-05-09,19-64,486.7749739999998,1.3999999999999995,34769641,56.601741162790674,0.07142857142857142,0.11627906976744186,18.867247054263576
2022,19,2022-05-16,19-64,556.3142560000002,1.6000000000000008,34769641,43.63249066666668,0.043478260869565216,0.0784313725490196,14.544163555555574
2022,20,2022-05-23,19-64,486.7749739999998,1.3999999999999995,34769641,16.22583246666666,0,0.03333333333333333,5.408610822222225
2022,21,2022-05-30,19-64,486.7749739999998,1.3999999999999995,34769641,8.692410249999996,0,0.017857142857142856,2.573470399743389e-15
2022,22,2022-06-06,19-64,243.3874869999999,0.6999999999999997,34769641,4.425227036363634,0.045454545454545456,0.01818181818181818,1.310130385323907e-15
2022,23,2022-06-13,19-64,521.5446149999999,1.4999999999999998,34769641,21.287535306122447,0.058823529411764705,0.04081632653061225,6.3023764891674854e-15
2022,24,2022-06-20,19-64,521.5446149999999,1.4999999999999998,34769641,27.093226753246746,0.05263157894736842,0.051948051948051945,8.021206440758617e-15
2022,25,2022-06-27,19-64,382.4660509999999,1.0999999999999996,34769641,12.748868366666663,0,0.03333333333333333,4.2496227888888916
2022,26,2022-07-04,19-64,486.7749739999998,1.3999999999999995,34769641,16.641879452991446,0.045454545454545456,0.034188034188034185,5.547293150997154
2022,27,2022-07-11,19-64,625.8535380000003,1.8000000000000007,34769641,10.69835107692308,0,0.017094017094017092,3.56611702564103
2022,28,2022-07-18,19-64,347.69641,1,34769641,6.379750642201834,0,0.018348623853211007,1.888785614490561e-15
2022,29,2022-07-25,19-64,173.848205,0.5,34769641,0,0,0,0
2022,30,2022-08-01,19-64,417.23569200000003,1.2000000000000002,34769641,4.9086552,0.04,0.011764705882352941,1.4532538727962674e-15
2022,31,2022-08-08,19-64,382.4660509999999,1.0999999999999996,34769641,16.103833726315784,0.08108108108108109,0.042105263157894736,4.76769253005091e-15
2022,32,2022-08-15,19-64,278.1571280000001,0.8000000000000004,34769641,18.965258727272737,0.07692307692307693,0.06818181818181819,5.6148445085310356e-15
2022,33,2022-08-22,19-64,347.69641,1,34769641,31.608764545454548,0.14285714285714285,0.09090909090909091,9.358074180885055e-15
2022,34,2022-08-29,19-64,278.1571280000001,0.8000000000000004,34769641,23.9790627586207,0.05555555555555555,0.08620689655172414,7.099228688947286e-15
2022,35,2022-09-05,19-64,312.92676900000015,0.9000000000000004,34769641,34.137465709090925,0.13043478260869565,0.1090909090909091,11.379155236363653
2022,36,2022-09-12,19-64,347.69641,1,34769641,23.629853106796116,0.04838709677419355,0.06796116504854369,7.87661770226538
2022,37,2022-09-19,19-64,452.0053329999999,1.2999999999999996,34769641,24.152956725190837,0.021739130434782608,0.0534351145038168,8.05098557506362
2022,38,2022-09-26,19-64,521.5446149999999,1.4999999999999998,34769641,16.716173557692308,0.020833333333333332,0.032051282051282055,4.9489815379680575e-15
2022,39,2022-10-03,19-64,1043.0892299999998,2.9999999999999996,34769641,63.36523359813083,0.09166666666666666,0.06074766355140187,17.60145377725858
2022,40,2022-10-10,19-64,1251.7070760000006,3.6000000000000014,34769641,94.63077550515467,0.08130081300813008,0.07560137457044673,57.829918364261225
2022,41,2022-10-17,19-64,1495.0945629999997,4.299999999999999,34769641,122.13448542816899,0.07142857142857142,0.08169014084507042,110.82573677741264
2022,42,2022-10-24,19-64,1286.476717,3.7,34769641,98.95974746153846,0.07746478873239436,0.07692307692307691,82.607424519176
2022,43,2022-10-31,19-64,1390.78564,4,34769641,100.29704134615386,0.06790123456790123,0.07211538461538462,73.4368650312295
2022,44,2022-11-07,19-64,1356.0159990000002,3.9000000000000004,34769641,95.15901747368422,0.06578947368421052,0.07017543859649122,73.19924421052636
2022,45,2022-11-14,19-64,1808.0213319999996,5.199999999999998,34769641,166.52828057894732,0.14788732394366197,0.09210526315789473,133.18811976891726
2022,46,2022-11-21,19-64,1981.8695369999994,5.6999999999999975,34769641,207.13125802375288,0.10236220472440945,0.10451306413301661,165.66208877942222
2022,47,2022-11-28,19-64,2503.414152000001,7.200000000000003,34769641,347.8548138314352,0.1588235294117647,0.1389521640091116,230.1248223930404
2022,48,2022-12-05,19-64,3442.194459000001,9.900000000000002,34769641,515.2557194345115,0.17391304347826086,0.14968814968814967,343.5756155928288
2022,49,2022-12-12,19-64,5667.451483000003,16.300000000000008,34769641,1215.8546434117652,0.29017857142857145,0.21453287197231835,837.1253384595059
2022,50,2022-12-19,19-64,8901.028096000004,25.600000000000012,34769641,2857.5256249151303,0.4049382716049383,0.3210332103321033,2236.100842030235
2022,51,2022-12-26,19-64,11647.829735,33.5,34769641,4233.154120834285,0.3617886178861789,0.3634285714285714,3109.021308012986
2022,52,2023-01-02,19-64,6884.388918000002,19.800000000000004,34769641,2375.962734829583,0.24468085106382978,0.34512325830653806,1541.1475219272438
2023,1,2023-01-09,19-64,7753.629943000002,22.300000000000004,34769641,1760.0264287791413,0.09407665505226481,0.2269938650306748,926.1091446671202
2023,2,2023-01-16,19-64,4728.671176000001,13.600000000000003,34769641,665.5636373726543,0.05084745762711865,0.14075067024128687,310.5963641072389
2023,3,2023-01-23,19-64,2851.1105619999994,8.199999999999998,34769641,221.1257366567656,0.07746478873239436,0.07755775577557755,140.0462998826183
2023,4,2023-01-30,19-64,2190.4873829999997,6.3,34769641,110.24334750328225,0.021739130434782608,0.05032822757111597,69.8207867520788
2023,5,2023-02-06,19-64,2225.257024000001,6.400000000000003,34769641,128.00151023008854,0.06976744186046512,0.05752212389380531,64.00075511504433
2023,6,2023-02-13,19-64,2468.6445110000004,7.100000000000001,34769641,120.54951964543527,0.049689440993788817,0.04883227176220807,20.091586607572598
2023,7,2023-02-20,19-64,2155.7177420000003,6.2,34769641,119.02735998773008,0.04487179487179487,0.05521472392638037,5.285876624749001e-14
2023,8,2023-02-27,19-64,1947.0998959999993,5.599999999999998,34769641,111.50792355947131,0.08029197080291971,0.057268722466960346,4.9519465665546795e-14
2023,9,2023-03-06,19-64,1842.790973,5.3,34769641,126.50738945080091,0.08333333333333333,0.06864988558352403,10.542282454233465
2023,10,2023-03-13,19-64,1773.2516910000002,5.1000000000000005,34769641,137.91957596666668,0.07100591715976332,0.07777777777777778,11.493297997222284
2023,11,2023-03-20,19-64,1877.5606139999998,5.3999999999999995,34769641,126.01077946308723,0.04477611940298507,0.06711409395973154,10.500898288590658
2023,12,2023-03-27,19-64,1738.4820499999998,4.999999999999999,34769641,105.85604988290396,0.06451612903225806,0.06088992974238875,4.700952955034763e-14
2023,13,2023-04-03,19-64,1529.8642039999995,4.399999999999999,34769641,91.79185223999997,0.07608695652173914,0.06,4.0763771131935286e-14
2023,14,2023-04-10,19-64,904.0106659999998,2.599999999999999,34769641,61.08180175675675,0.0625,0.06756756756756757,2.712576907837627e-14
2023,15,2023-04-17,19-64,938.7803069999999,2.6999999999999997,34769641,61.08501997602739,0.058333333333333334,0.06506849315068493,2.7127198254829294e-14
2023,16,2023-04-24,19-64,1043.0892299999998,2.9999999999999996,34769641,45.65710434343433,0.010309278350515464,0.043771043771043766,2.0275827391917612e-14
2023,17,2023-05-01,19-64,764.9321019999998,2.1999999999999993,34769641,24.071289923076918,0.014492753623188406,0.03146853146853147,1.0689800122011003e-14
2023,18,2023-05-08,19-64,625.8535380000003,1.8000000000000007,34769641,5.489943315789476,0,0.008771929824561403,2.438024589230581e-15
2023,19,2023-05-15,19-64,591.0838970000001,1.7000000000000004,34769641,9.187832595854925,0.03225806451612903,0.015544041450777204,4.080217317727863e-15
2023,20,2023-05-22,19-64,556.3142560000002,1.6000000000000008,34769641,8.471790700507617,0.0136986301369863,0.015228426395939085,3.762230838203536e-15
2023,21,2023-05-29,19-64,591.0838970000001,1.7000000000000004,34769641,9.432189845744684,0,0.01595744680851064,4.188733735752541e-15
2023,22,2023-06-05,19-64,486.7749739999998,1.3999999999999995,34769641,2.4709389543147195,0,0.005076142131979695,1.0973173278093638e-15
2023,23,2023-06-12,19-64,625.8535380000003,1.8000000000000007,34769641,3.793051745454547,0.024390243902439025,0.006060606060606061,1.6844533525593107e-15
2023,24,2023-06-19,19-64,347.69641,1,34769641,5.960509885714286,0.031746031746031744,0.017142857142857144,2.6469981254503443e-15
2023,25,2023-06-26,19-64,278.1571280000001,0.8000000000000004,34769641,5.754975062068968,0,0.020689655172413793,0.9591625103448305
2023,26,2023-07-03,19-64,347.69641,1,34769641,4.2402001219512195,0,0.012195121951219513,0.7067000203252051
2023,27,2023-07-10,19-64,417.23569200000003,1.2000000000000002,34769641,0,0,0,0
2023,28,2023-07-17,19-64,625.8535380000003,1.8000000000000007,34769641,0,0,0,0
2023,29,2023-07-24,19-64,486.7749739999998,1.3999999999999995,34769641,2.5091493505154623,0.012345679012345678,0.005154639175257731,1.1142861524662094e-15
2023,30,2023-07-31,19-64,625.8535380000003,1.8000000000000007,34769641,5.663832923076925,0.014285714285714285,0.009049773755656108,2.5152470875320022e-15
2023,31,2023-08-07,19-64,556.3142560000002,1.6000000000000008,34769641,5.248247698113209,0,0.009433962264150943,2.330690173352505e-15
2023,32,2023-08-14,19-64,591.0838970000001,1.7000000000000004,34769641,8.778473717821784,0.028169014084507043,0.014851485148514853,3.898425457037018e-15
2023,33,2023-08-21,19-64,556.3142560000002,1.6000000000000008,34769641,5.427456156097564,0,0.00975609756097561,2.410274715857225e-15
2023,34,2023-08-28,19-64,486.7749739999998,1.3999999999999995,34769641,9.54460733333333,0.03333333333333333,0.0196078431372549,4.238657128989112e-15
2023,35,2023-09-04,19-64,486.7749739999998,1.3999999999999995,34769641,4.0734307447698725,0,0.008368200836820083,1.8089666408238048e-15
2023,36,2023-09-11,19-64,591.0838970000001,1.7000000000000004,34769641,6.9267644179687515,0.011111111111111112,0.01171875,3.0761013371932717e-15
2023,37,2023-09-18,19-64,625.8535380000003,1.8000000000000007,34769641,1.9743013817034707,0,0.003154574132492113,8.767659406065812e-16
2023,38,2023-09-25,19-64,695.39282,2,34769641,1.9811761253561253,0,0.0028490028490028487,0.6603920417853759
2023,39,2023-10-02,19-64,1147.3981529999996,3.299999999999999,34769641,7.59866326490066,0.015625,0.006622516556291391,2.53288775496689
2023,40,2023-10-09,19-64,1286.476717,3.7,34769641,9.783092904942965,0.005154639175257732,0.007604562737642585,4.076288710392906
2023,41,2023-10-16,19-64,1390.78564,4,34769641,11.234132794830373,0.004291845493562232,0.008077544426494346,2.808533198707598
2023,42,2023-10-23,19-64,1356.0159990000002,3.9000000000000004,34769641,8.168771078313254,0.008438818565400843,0.006024096385542168,3.40365461596386
2023,43,2023-10-30,19-64,1286.476717,3.7,34769641,7.77327321450151,0.005208333333333333,0.006042296072507553,2.591091071500507
2023,44,2023-11-06,19-64,1425.5552809999997,4.099999999999999,34769641,17.221473193288585,0.0189873417721519,0.012080536912751677,2.8702455322147715
2023,45,2023-11-13,19-64,1529.8642039999995,4.399999999999999,34769641,20.67384059459459,0.013071895424836602,0.013513513513513514,1.7228200495495583
2023,46,2023-11-20,19-64,1356.0159990000002,3.9000000000000004,34769641,20.816035072368425,0.013793103448275862,0.015350877192982457,1.7346695893640447
2023,47,2023-11-27,19-64,1495.0945629999997,4.299999999999999,34769641,30.446727435155402,0.032640949554896145,0.020364415862808145,7.611681858788864
2023,48,2023-12-04,19-64,1842.790973,5.3,34769641,52.34176123114593,0.03553299492385787,0.02840352595494613,16.201021333449955
2023,49,2023-12-11,19-64,2190.4873829999997,6.3,34769641,105.42452645454543,0.0741687979539642,0.0481283422459893,52.712263227272764
2023,50,2023-12-18,19-64,2572.953434,7.4,34769641,197.3183726909643,0.10902255639097744,0.07668944570994685,93.96112985284024
2023,51,2023-12-25,19-64,2990.1891259999993,8.599999999999998,34769641,294.50631582525807,0.11011904761904762,0.09849086576648133,163.61461990292128
2021,52,2022-01-03,5-18,70.037426,0.7148773339117342,9797125,7.630224162844036,0,0.10894495412844037,2.7856373927843343
2022,1,2022-01-10,5-18,77.122315,0.7871933347793357,9797125,8.083642082152975,0,0.1048158640226629,1.7963649071451093
2022,2,2022-01-17,5-18,64.612954,0.6595093356469373,9797125,0,0,0,0
2022,3,2022-01-24,5-18,78.478433,0.801035334345535,9797125,0,0,0,0
2022,4,2022-01-31,5-18,86.818007,0.8861580004338007,9797125,2.71306271875,0.058823529411764705,0.03125,1.3052453689636292e-15
2022,5,2022-02-07,5-18,97.97125,1,9797125,3.3783189655172414,0,0.034482758620689655,1.625297916686202e-15
2022,6,2022-02-14,5-18,130.277727,1.3297546678234686,9797125,4.202507322580645,0,0.03225806451612903,2.0218121692967688e-15
2022,7,2022-02-21,5-18,75.766197,0.7733513352131365,9797125,0,0,0,0
2022,8,2022-02-28,5-18,75.66476399999999,0.7723160008676014,9797125,0,0,0,0
2022,9,2022-03-07,5-18,93.90289600000001,0.9584740013014024,9797125,7.223299692307694,0.16666666666666666,0.07692307692307693,4.815533128205132
2022,10,2022-03-14,5-18,122.03958600000001,1.2456673360807382,9797125,18.079938666666667,0.15789473684210525,0.14814814814814814,12.053292444444452
2022,11,2022-03-21,5-18,84.10577099999999,0.8584740013014022,9797125,11.365644729729729,0.08333333333333333,0.13513513513513514,11.365644729729734
2022,12,2022-03-28,5-18,155.499315,1.5871933347793359,9797125,18.08131569767442,0.08333333333333333,0.11627906976744186,16.07228062015505
2022,13,2022-04-04,5-18,154.24463,1.5743866695586715,9797125,11.864971538461539,0,0.07692307692307693,10.546641367521373
2022,14,2022-04-11,5-18,140.074852,1.4297546678234685,9797125,15.563872444444442,0.25,0.1111111111111111,13.834553283950621
2022,15,2022-04-18,5-18,75.766197,0.7733513352131365,9797125,18.94154925,0.3333333333333333,0.25,18.94154925000001
2022,16,2022-04-25,5-18,100.88635200000003,1.029754667823469,9797125,33.62878400000001,0.5,0.3333333333333333,33.628784000000024
2022,17,2022-05-02,5-18,60.341733999999995,0.6159126682572693,9797125,20.11391133333333,0,0.3333333333333333,20.11391133333334
2022,18,2022-05-09,5-18,95.25901400000001,0.9723160008676015,9797125,7.938251166666667,0,0.08333333333333333,7.938251166666671
2022,19,2022-05-16,5-18,128.820176,1.3148773339117343,9797125,9.201441142857142,0.25,0.07142857142857142,9.201441142857146
2022,20,2022-05-23,5-18,158.11011799999997,1.613841999566199,9797125,5.855930296296295,0,0.037037037037037035,3.903953530864199
2022,21,2022-05-30,5-18,116.20938199999998,1.1861580004338004,9797125,4.842057583333332,0,0.041666666666666664,1.6140191944444462
2022,22,2022-06-06,5-18,40.646051,0.4148773339117343,9797125,0,0,0,0
2022,23,2022-06-13,5-18,91.08922700000001,0.9297546678234687,9797125,0,0,0,0
2022,24,2022-06-20,5-18,132.98996300000002,1.3574386669558673,9797125,0,0,0,0
2022,25,2022-06-27,5-18,65.86763900000001,0.6723160008676016,9797125,1.9372835000000002,0.1111111111111111,0.02941176470588235,1.937283500000001
2022,26,2022-07-04,5-18,130.17629399999998,1.3287193334779335,9797125,3.828714529411764,0,0.02941176470588235,2.5524763529411776
2022,27,2022-07-11,5-18,99.53023400000001,1.0159126682572694,9797125,3.686304962962963,0,0.037037037037037035,1.2287683209876559
2022,28,2022-07-18,5-18,77.020882,0.7861580004338008,9797125,0,0,0,0
2022,29,2022-07-25,5-18,48.985625,0.5,9797125,0,0,0,0
2022,30,2022-08-01,5-18,61.697852000000005,0.6297546678234687,9797125,0,0,0,0
2022,31,2022-08-08,5-18,51.900727,0.5297546678234686,9797125,0,0,0,0
2022,32,2022-08-15,5-18,43.459720000000004,0.4435966673896679,9797125,0,0,0,0
2022,33,2022-08-22,5-18,42.103602,0.42975466782346866,9797125,0,0,0,0
2022,34,2022-08-29,5-18,36.476264,0.37231600086760147,9797125,0,0,0,0
2022,35,2022-09-05,5-18,39.289933000000005,0.40103533434553507,9797125,0,0,0,0
2022,36,2022-09-12,5-18,28.13669,0.2871933347793358,9797125,0,0,0,0
2022,37,2022-09-19,5-18,106.41225700000001,1.086158000433801,9797125,0,0,0,0
2022,38,2022-09-26,5-18,98.07268300000003,1.0010353343455354,9797125,0,0,0,0
2022,39,2022-10-03,5-18,147.261174,1.5031060030366052,9797125,11.04458805,0.14634146341463414,0.075,2.342791404545459
2022,40,2022-10-10,5-18,233.977748,2.388228669124871,9797125,19.912999829787232,0.06896551724137931,0.0851063829787234,6.879036304835597
2022,41,2022-10-17,5-18,274.623799,2.8031060030366053,9797125,40.59656159130435,0.2,0.14782608695652175,21.756945129885203
2022,42,2022-10-24,5-18,299.64252100000004,3.058474001301403,9797125,64.78757210810812,0.35135135135135137,0.21621621621621623,33.936347294723326
2022,43,2022-10-31,5-18,336.017352,3.429754667823469,9797125,90.46621015384615,0.2708333333333333,0.2692307692307692,57.25610356923079
2022,44,2022-11-07,5-18,298.286403,3.044632001735203,9797125,63.272873363636364,0.0425531914893617,0.21212121212121213,40.648027736639136
2022,45,2022-11-14,5-18,411.68211599999995,4.20207066869107,9797125,71.83714775838925,0.2037037037037037,0.174496644295302,48.16640656718796
2022,46,2022-11-21,5-18,649.221053,6.626648664786863,9797125,101.07633160479043,0.19696969696969696,0.15568862275449102,57.30614239230665
2022,47,2022-11-28,5-18,782.2110160000001,7.984087331742732,9797125,174.60067321428573,0.25,0.22321428571428573,98.18544087065746
2022,48,2022-12-05,5-18,1165.452143,11.89585866261786,9797125,342.3731814747774,0.3592814371257485,0.29376854599406527,194.33307608722677
2022,49,2022-12-12,5-18,1834.368879,18.72354266175026,9797125,606.554839749499,0.34649122807017546,0.3306613226452906,398.10818102557624
2022,50,2022-12-19,5-18,2577.8985599999996,26.312806665220663,9797125,1015.5357963636362,0.44966442953020136,0.3939393939393939,705.751831442967
2022,51,2022-12-26,5-18,2967.781355,30.29237000650701,9797125,1214.9354922031248,0.4298245614035088,0.40937499999999993,829.5830386435229
2022,52,2023-01-02,5-18,1464.955742,14.952914676499486,9797125,615.6602795043104,0.23076923076923078,0.4202586206896552,426.0299446027559
2023,1,2023-01-09,5-18,1290.876507,13.176074685175497,9797125,391.35170121719455,0.10909090909090909,0.3031674208144796,264.6776474217294
2023,2,2023-01-16,5-18,885.4678160000001,9.03803734258775,9797125,128.897213721519,0.09803921568627451,0.14556962025316456,79.49528384156828
2023,3,2023-01-23,5-18,607.8274819999999,6.20414133738214,9797125,46.75596015384614,0.031746031746031744,0.07692307692307691,25.47147413420557
2023,4,2023-01-30,5-18,491.516667,5.016948002602804,9797125,29.225315335135136,0.056338028169014086,0.05945945945945946,12.78790021657262
2023,5,2023-02-06,5-18,515.280704,5.259509335646937,9797125,34.352046933333334,0.11475409836065574,0.06666666666666667,14.05959234682947
2023,6,2023-02-13,5-18,541.959843,5.5318253365145384,9797125,34.41014876190476,0.017543859649122806,0.06349206349206349,8.4113696973545
2023,7,2023-02-20,5-18,425.851894,4.346702670426273,9797125,25.198336923076923,0.0392156862745098,0.05917159763313609,4.559699062271065
2023,8,2023-02-27,5-18,395.0029679999999,4.031825336514538,9797125,11.617734352941172,0.03571428571428571,0.02941176470588235,0.5532254453781523
2023,9,2023-03-06,5-18,393.54541700000004,4.016948002602804,9797125,22.038543352000005,0.08695652173913043,0.05600000000000001,1.0494544453333359
2023,10,2023-03-13,5-18,311.100063,3.1754220039042065,9797125,14.469770372093022,0.01818181818181818,0.046511627906976744,1.6064672228136591e-15
2023,11,2023-03-20,5-18,410.3259980000001,4.1882286691248725,9797125,21.72314107058824,0.057971014492753624,0.052941176470588235,2.411753138374744e-15
2023,12,2023-03-27,5-18,357.17058599999996,3.6456673360807375,9797125,13.889967233333332,0.03571428571428571,0.03888888888888889,1.5420961433735649e-15
2023,13,2023-04-03,5-18,305.37129200000004,3.116948002602805,9797125,19.085705750000002,0.11428571428571428,0.0625,2.1189389964870745e-15
2023,14,2023-04-10,5-18,177.90723400000002,1.8159126682572695,9797125,9.793058752293579,0,0.055045871559633024,1.0872479308303239e-15
2023,15,2023-04-17,5-18,131.836711,1.345667336080738,9797125,6.431059073170732,0,0.04878048780487805,7.139909855758666e-16
2023,16,2023-04-24,5-18,161.228086,1.645667336080738,9797125,3.7063927816091953,0.05,0.022988505747126436,4.114922604447008e-16
2023,17,2023-05-01,5-18,110.78491000000001,1.1307900021690038,9797125,2.546779540229885,0,0.022988505747126436,2.8274932842074887e-16
2023,18,2023-05-08,5-18,92.54677799999999,0.9446320017352028,9797125,4.255024275862068,0.06896551724137931,0.04597701149425287,1.4183414252873567
2023,19,2023-05-15,5-18,103.70002100000002,1.0584740013014025,9797125,2.411628395348837,0,0.02325581395348837,1.0718348423772612
2023,20,2023-05-22,5-18,128.820176,1.3148773339117343,9797125,2.5258858039215686,0,0.0196078431372549,1.122615912854031
2023,21,2023-05-29,5-18,103.70002100000002,1.0584740013014025,9797125,0,0,0,0
2023,22,2023-06-05,5-18,74.30864600000001,0.7584740013014023,9797125,0,0,0,0
2023,23,2023-06-12,5-18,99.53023400000001,1.0159126682572694,9797125,0,0,0,0
2023,24,2023-06-19,5-18,90.987794,0.9287193334779335,9797125,0,0,0,0
2023,25,2023-06-26,5-18,64.410088,0.6574386669558672,9797125,1.9518208484848483,0.09090909090909091,0.0303030303030303,0.325303474747475
2023,26,2023-07-03,5-18,90.987794,0.9287193334779335,9797125,2.459129567567567,0,0.027027027027027025,3.6402430219333566e-16
2023,27,2023-07-10,5-18,75.66476399999999,0.7723160008676014,9797125,2.131401802816901,0,0.02816901408450704,3.155108474953188e-16
2023,28,2023-07-17,5-18,162.381338,1.6574386669558672,9797125,0,0,0,0
2023,29,2023-07-24,5-18,102.24247,1.043596667389668,9797125,0,0,0,0
2023,30,2023-07-31,5-18,99.53023400000001,1.0159126682572694,9797125,0,0,0,0
2023,31,2023-08-07,5-18,58.985616,0.6020706686910701,9797125,0,0,0,0
2023,32,2023-08-14,5-18,75.766197,0.7733513352131365,9797125,0,0,0,0
2023,33,2023-08-21,5-18,58.985616,0.6020706686910701,9797125,0,0,0,0
2023,34,2023-08-28,5-18,46.374821999999995,0.47335133521313644,9797125,0,0,0,0
2023,35,2023-09-04,5-18,53.358278,0.5446320017352029,9797125,0,0,0,0
2023,36,2023-09-11,5-18,75.766197,0.7733513352131365,9797125,0,0,0,0
2023,37,2023-09-18,5-18,85.56332200000001,0.8733513352131366,9797125,0,0,0,0
2023,38,2023-09-25,5-18,126.10794000000001,1.287193334779336,9797125,0,0,0,0
2023,39,2023-10-02,5-18,218.553285,2.2307900021690035,9797125,0,0,0,0
2023,40,2023-10-09,5-18,236.791417,2.4169480026028043,9797125,3.9139077190082636,0.044444444444444446,0.016528925619834708,1.3046359063360884
2023,41,2023-10-16,5-18,224.28205600000004,2.2892640034704064,9797125,5.318942039525693,0.02564102564102564,0.023715415019762848,3.2504645797101466
2023,42,2023-10-23,5-18,256.385667,2.616948002602805,9797125,8.8791572987013,0.031746031746031744,0.03463203463203463,7.64594100721501
2023,43,2023-10-30,5-18,222.824505,2.2743866695586714,9797125,4.347795219512195,0,0.01951219512195122,3.4540817577235776
2023,44,2023-11-06,5-18,213.128813,2.1754220039042065,9797125,1.9287675384615384,0,0.009049773755656108,1.2108373991452992
2023,45,2023-11-13,5-18,284.420924,2.9031060030366054,9797125,4.182660647058823,0.03508771929824561,0.014705882352941175,2.376813510550887
2023,46,2023-11-20,5-18,256.385667,2.616948002602805,9797125,3.165255148148148,0,0.012345679012345678,1.8589593727219287
2023,47,2023-11-27,5-18,344.458359,3.5159126682572692,9797125,5.585811227027027,0.014285714285714285,0.016216216216216217,3.426590080445152
2023,48,2023-12-04,5-18,393.54541700000004,4.016948002602804,9797125,9.081817315384617,0.05223880597014925,0.023076923076923078,5.275300047562347
2023,49,2023-12-11,5-18,456.5993870000001,4.660544669992474,9797125,16.52848459728507,0.041666666666666664,0.03619909502262443,7.957211625008757
2023,50,2023-12-18,5-18,508.500114,5.190299337815941,9797125,37.78663267515923,0.1242603550295858,0.07430997876857749,20.153819299102796
2023,51,2023-12-25,5-18,577.181422,5.891334672161476,9797125,45.743982163170166,0.06521739130434782,0.07925407925407926,25.646312557653232
2022,1,2022-01-10,65+,131.77310399999996,1.1999999999999997,10981092,6.534203504132229,0,0.04958677685950413,2.446238348894349
2022,2,2022-01-17,65+,120.79201200000004,1.1000000000000005,10981092,0,0,0,0
2022,3,2022-01-24,65+,65.88655199999998,0.5999999999999999,10981092,0,0,0,0
2022,4,2022-01-31,65+,109.81092,1,10981092,0,0,0,0
2022,5,2022-02-07,65+,21.962183999999993,0.19999999999999996,10981092,0,0,0,0
2022,6,2022-02-14,65+,131.77310399999996,1.1999999999999997,10981092,0,0,0,0
2022,7,2022-02-21,65+,32.94327599999999,0.29999999999999993,10981092,0,0,0,0
2022,8,2022-02-28,65+,87.84873599999997,0.7999999999999998,10981092,0,0,0,0
2022,9,2022-03-07,65+,109.81092,1,10981092,0,0,0,0
2022,10,2022-03-14,65+,76.86764399999998,0.6999999999999998,10981092,0,0,0,0
2022,11,2022-03-21,65+,87.84873599999997,0.7999999999999998,10981092,2.1962183999999993,0.05263157894736842,0.024999999999999998,0.7320728000000001
2022,12,2022-03-28,65+,175.69747199999995,1.5999999999999996,10981092,3.5139494399999984,0,0.019999999999999997,1.17131648
2022,13,2022-04-04,65+,153.73528799999997,1.3999999999999997,10981092,2.745272999999999,0,0.017857142857142856,0.9150910000000001
2022,14,2022-04-11,65+,219.62184,2,10981092,4.223496923076923,0.06666666666666667,0.019230769230769232,1.4078323076923083
2022,15,2022-04-18,65+,98.82982799999998,0.8999999999999997,10981092,2.745272999999999,0,0.027777777777777776,0.9150910000000001
2022,16,2022-04-25,65+,175.69747199999995,1.5999999999999996,10981092,5.490545999999998,0,0.03125,1.8301820000000002
2022,17,2022-05-02,65+,65.88655199999998,0.5999999999999999,10981092,2.6354620799999986,0.125,0.039999999999999994,0.8784873599999999
2022,18,2022-05-09,65+,120.79201200000004,1.1000000000000005,10981092,4.31400042857143,0,0.03571428571428571,1.438000142857144
2022,19,2022-05-16,65+,98.82982799999998,0.8999999999999997,10981092,3.5296367142857132,0,0.03571428571428571,1.1765455714285715
2022,20,2022-05-23,65+,87.84873599999997,0.7999999999999998,10981092,0,0,0,0
2022,21,2022-05-30,65+,76.86764399999998,0.6999999999999998,10981092,0,0,0,0
2022,22,2022-06-06,65+,21.962183999999993,0.19999999999999996,10981092,0,0,0,0
2022,23,2022-06-13,65+,131.77310399999996,1.1999999999999997,10981092,0,0,0,0
2022,24,2022-06-20,65+,32.94327599999999,0.29999999999999993,10981092,0,0,0,0
2022,25,2022-06-27,65+,54.90546,0.5,10981092,0,0,0,0
2022,26,2022-07-04,65+,98.82982799999998,0.8999999999999997,10981092,0,0,0,0
2022,27,2022-07-11,65+,65.88655199999998,0.5999999999999999,10981092,0,0,0,0
2022,28,2022-07-18,65+,43.92436799999999,0.3999999999999999,10981092,0,0,0,0
2022,29,2022-07-25,65+,43.92436799999999,0.3999999999999999,10981092,0,0,0,0
2022,30,2022-08-01,65+,65.88655199999998,0.5999999999999999,10981092,0,0,0,0
2022,31,2022-08-08,65+,43.92436799999999,0.3999999999999999,10981092,0,0,0,0
2022,32,2022-08-15,65+,43.92436799999999,0.3999999999999999,10981092,0,0,0,0
2022,33,2022-08-22,65+,43.92436799999999,0.3999999999999999,10981092,0,0,0,0
2022,34,2022-08-29,65+,87.84873599999997,0.7999999999999998,10981092,2.662082909090908,0.09090909090909091,0.0303030303030303,3.9406743188451246e-16
2022,35,2022-09-05,65+,10.981091999999997,0.09999999999999998,10981092,0.784363714285714,0.1111111111111111,0.07142857142857142,1.16109154037401e-16
2022,36,2022-09-12,65+,109.81092,1,10981092,8.446993846153847,0.05263157894736842,0.07692307692307693,1.2504062742489342e-15
2022,37,2022-09-19,65+,98.82982799999998,0.8999999999999997,10981092,7.0592734285714265,0.07142857142857142,0.07142857142857142,2.353091142857143
2022,38,2022-09-26,65+,120.79201200000004,1.1000000000000005,10981092,4.831680480000001,0,0.039999999999999994,1.610560160000001
2022,39,2022-10-03,65+,153.73528799999997,1.3999999999999997,10981092,4.521626117647057,0.02702702702702703,0.02941176470588235,1.507208705882353
2022,40,2022-10-10,65+,197.65965599999996,1.7999999999999994,10981092,4.2507452903225795,0.02564102564102564,0.02150537634408602,6.292367057510764e-16
2022,41,2022-10-17,65+,296.4894840000001,2.700000000000001,10981092,12.457541344537821,0.06976744186046512,0.04201680672268908,1.844086564123429e-15
2022,42,2022-10-24,65+,274.5273,2.5000000000000004,10981092,11.251118852459019,0.025,0.04098360655737705,1.6655001603725562e-15
2022,43,2022-10-31,65+,285.5083920000001,2.6000000000000005,10981092,17.531217052631586,0.0967741935483871,0.06140350877192983,3.89582601169591
2022,44,2022-11-07,65+,318.45166800000004,2.9000000000000004,10981092,11.686299743119266,0,0.03669724770642201,2.5969554984709493
2022,45,2022-11-14,65+,285.5083920000001,2.6000000000000005,10981092,13.704402816000004,0.05357142857142857,0.048,4.5681342720000035
2022,46,2022-11-21,65+,252.56511599999993,2.2999999999999994,10981092,8.14726180645161,0.03333333333333333,0.03225806451612903,3.621005247311828
2022,47,2022-11-28,65+,296.4894840000001,2.700000000000001,10981092,14.581450032786893,0.05555555555555555,0.049180327868852465,11.341127803278699
2022,48,2022-12-05,65+,494.14914000000005,4.500000000000001,10981092,29.067596470588242,0.07547169811320754,0.05882352941176471,24.22299705882354
2022,49,2022-12-12,65+,944.373912,8.6,10981092,77.09174791836735,0.10344827586206896,0.08163265306122448,53.964223542857155
2022,50,2022-12-19,65+,1614.220524,14.700000000000001,10981092,242.9166807961165,0.22105263157894736,0.15048543689320387,161.94445386407773
2022,51,2022-12-26,65+,2723.310816,24.8,10981092,602.6049465191489,0.3048780487804878,0.22127659574468084,429.12776494545466
2022,52,2023-01-02,65+,3579.8359920000007,32.6,10981092,891.985712292359,0.23387096774193547,0.24916943521594687,661.8589909078414
2023,1,2023-01-09,65+,3612.7792680000007,32.900000000000006,10981092,665.2101509333334,0.03669724770642202,0.1841269841269841,515.7637742868687
2023,2,2023-01-16,65+,1822.8612720000003,16.6,10981092,228.65158812543558,0.05555555555555555,0.1254355400696864,204.99797556073537
2023,3,2023-01-23,65+,988.2982800000001,9.000000000000002,10981092,41.75908225352113,0.04,0.04225352112676056,34.799235211267614
2023,4,2023-01-30,65+,505.13023199999986,4.599999999999999,10981092,17.41828386206896,0,0.034482758620689655,8.709141931034482
2023,5,2023-02-06,65+,603.9600600000001,5.500000000000002,10981092,19.801969180327873,0.06451612903225806,0.03278688524590164,9.900984590163938
2023,6,2023-02-13,65+,439.24368,4,10981092,10.059015572519083,0.01694915254237288,0.022900763358778626,3.353005190839696
2023,7,2023-02-20,65+,494.14914000000005,4.500000000000001,10981092,10.820784087591242,0,0.021897810218978103,3.6069280291970824
2023,8,2023-02-27,65+,450.224772,4.1,10981092,2.7964271552795026,0,0.006211180124223602,4.1395437526377754e-16
2023,9,2023-03-06,65+,450.224772,4.1,10981092,0,0,0,0
2023,10,2023-03-13,65+,417.28149599999995,3.7999999999999994,10981092,3.365173354838709,0.02857142857142857,0.008064516129032258,0.5608622258064521
2023,11,2023-03-20,65+,296.4894840000001,2.700000000000001,10981092,2.555943827586208,0,0.008620689655172414,0.4259906379310351
2023,12,2023-03-27,65+,263.5462079999999,2.3999999999999995,10981092,2.1602148196721305,0,0.00819672131147541,0.3600358032786887
2023,13,2023-04-03,65+,340.413852,3.1,10981092,0,0,0,0
2023,14,2023-04-10,65+,219.62184,2,10981092,0,0,0,0
2023,15,2023-04-17,65+,241.58402400000008,2.200000000000001,10981092,0,0,0,0
2023,16,2023-04-24,65+,197.65965599999996,1.7999999999999994,10981092,1.8133913394495407,0.03225806451612903,0.009174311926605503,2.6843584236169773e-16
2023,17,2023-05-01,65+,131.77310399999996,1.1999999999999997,10981092,2.4862849811320746,0.03333333333333333,0.018867924528301886,3.6804411091100695e-16
2023,18,2023-05-08,65+,164.71638000000002,1.5000000000000002,10981092,6.501962368421054,0.06666666666666667,0.03947368421052632,9.624837768889826e-16
2023,19,2023-05-15,65+,120.79201200000004,1.1000000000000005,10981092,4.5870384303797485,0.029411764705882353,0.0379746835443038,6.7901809069973795e-16
2023,20,2023-05-22,65+,87.84873599999997,0.7999999999999998,10981092,2.2817853506493497,0,0.025974025974025972,3.3777208447243924e-16
2023,21,2023-05-29,65+,76.86764399999998,0.6999999999999998,10981092,1.0249019199999998,0,0.013333333333333332,1.5171596127553732e-16
2023,22,2023-06-05,65+,65.88655199999998,0.5999999999999999,10981092,0,0,0,0
2023,23,2023-06-12,65+,76.86764399999998,0.6999999999999998,10981092,0,0,0,0
2023,24,2023-06-19,65+,65.88655199999998,0.5999999999999999,10981092,0,0,0,0
2023,25,2023-06-26,65+,43.92436799999999,0.3999999999999999,10981092,0,0,0,0
2023,26,2023-07-03,65+,54.90546,0.5,10981092,0,0,0,0
2023,27,2023-07-10,65+,87.84873599999997,0.7999999999999998,10981092,0,0,0,0
2023,28,2023-07-17,65+,131.77310399999996,1.1999999999999997,10981092,0,0,0,0
2023,29,2023-07-24,65+,76.86764399999998,0.6999999999999998,10981092,0,0,0,0
2023,30,2023-07-31,65+,120.79201200000004,1.1000000000000005,10981092,0,0,0,0
2023,31,2023-08-07,65+,142.75419600000004,1.3000000000000003,10981092,0,0,0,0
2023,32,2023-08-14,65+,131.77310399999996,1.1999999999999997,10981092,0,0,0,0
2023,33,2023-08-21,65+,175.69747199999995,1.5999999999999996,10981092,0,0,0,0
2023,34,2023-08-28,65+,142.75419600000004,1.3000000000000003,10981092,0,0,0,0
2023,35,2023-09-04,65+,131.77310399999996,1.1999999999999997,10981092,0,0,0,0
2023,36,2023-09-11,65+,142.75419600000004,1.3000000000000003,10981092,0,0,0,0
2023,37,2023-09-18,65+,164.71638000000002,1.5000000000000002,10981092,0,0,0,0
2023,38,2023-09-25,65+,230.60293200000007,2.1000000000000005,10981092,0,0,0,0
2023,39,2023-10-02,65+,274.5273,2.5000000000000004,10981092,0,0,0,0
2023,40,2023-10-09,65+,362.37603599999983,3.299999999999998,10981092,0,0,0,0
2023,41,2023-10-16,65+,329.43276000000003,3.0000000000000004,10981092,0,0,0,0
2023,42,2023-10-23,65+,307.47057599999994,2.7999999999999994,10981092,0,0,0,0
2023,43,2023-10-30,65+,296.4894840000001,2.700000000000001,10981092,0,0,0,0
2023,44,2023-11-06,65+,252.56511599999993,2.2999999999999994,10981092,0.8147261806451611,0.0058823529411764705,0.0032258064516129032,0.27157539354838717
2023,45,2023-11-13,65+,285.5083920000001,2.6000000000000005,10981092,1.7147651171171174,0.009259259259259259,0.006006006006006006,0.5715883723723727
2023,46,2023-11-20,65+,230.60293200000007,2.1000000000000005,10981092,1.751414673417722,0.008547008547008548,0.00759493670886076,0.58380489113924094
2023,47,2023-11-27,65+,252.56511599999993,2.2999999999999994,10981092,1.4149306218487392,0,0.0056022408963585435,2.0945180728315476e-16
2023,48,2023-12-04,65+,318.45166800000004,2.9000000000000004,10981092,2.547613344,0.015873015873015872,0.008,0.8492044480000004
2023,49,2023-12-11,65+,340.413852,3.1,10981092,3.833489324324325,0.016129032258064516,0.011261261261261262,2.5556595495495507
2023,50,2023-12-18,65+,384.33822,3.5,10981092,12.451562203023755,0.06622516556291391,0.03239740820734341,10.791353909287256
2023,51,2023-12-25,65+,669.8466120000003,6.100000000000002,10981092,31.42137625586355,0.06818181818181818,0.04690831556503198,19.085576688746755
