y,lb_50,ub_50,lb_95,ub_95,prop,time,pathogen,Year,Week,date,season,day_of_year,plot_label,peak_time,day_shifted
0.13262604377465093,-0.00896285157075749,0.2836045357233702,-0.2547544564130833,0.5960007198135273,0.7366666666666667,2,Influenza A/H3,2012,2,2012-01-15,2011/12,380,Other,408,-28
0.16745980170722286,0.06299531911691192,0.28191796149693726,-0.12197768884625171,0.5100619974297792,0.871,3,Influenza A/H3,2012,3,2012-01-22,2011/12,387,Other,408,-21
0.21353550074490268,0.1425151813277603,0.28976923755944095,0.015766428893985385,0.45442087540445614,0.983,4,Influenza A/H3,2012,4,2012-01-29,2011/12,394,Other,408,-14
0.26339126734371243,0.20882298865429894,0.3187235055692126,0.10986921964218098,0.4351220420616189,1,5,Influenza A/H3,2012,5,2012-02-05,2011/12,401,Other,408,-7
0.2739681541989061,0.21527372419508373,0.33419489674464375,0.10425302968686667,0.4508542802326449,0.9993333333333333,6,Influenza A/H3,2012,6,2012-02-12,2011/12,408,Other,408,0
0.24167046247093982,0.18827897982222352,0.29446341373299467,0.09736044198148407,0.38786775714579474,1,7,Influenza A/H3,2012,7,2012-02-19,2011/12,415,Other,408,7
0.17162825299732898,0.12608357131112502,0.21682664426858977,0.0451192548584078,0.2970737662511496,0.996,8,Influenza A/H3,2012,8,2012-02-26,2011/12,422,Other,408,14
0.09147545437307114,0.042764844770682986,0.14082424377823632,-0.05134111199947164,0.2314524215661697,0.8966666666666666,9,Influenza A/H3,2012,9,2012-03-04,2011/12,429,Other,408,21
0.009327622329095675,-0.03186990569958703,0.052051504394467596,-0.11314270366287327,0.13317889203104985,0.5563333333333333,10,Influenza A/H3,2012,10,2012-03-11,2011/12,436,Other,408,28
-0.07227827944294596,-0.11574755447339213,-0.02675860510793604,-0.206731046946981,0.059745804611275204,0.136,11,Influenza A/H3,2012,11,2012-03-18,2011/12,443,Other,408,35
-0.15016066621699276,-0.20513321494263081,-0.09992107010731499,-0.3098449781130288,0.007438621623833168,0.029,12,Influenza A/H3,2012,12,2012-03-25,2011/12,450,Other,408,42
-0.22435685405156347,-0.27058723116010275,-0.1807966168953543,-0.36065243998914,-0.09621622807989512,0,13,Influenza A/H3,2012,13,2012-04-01,2011/12,457,Other,408,49
-0.29158744582558915,-0.3412027238701518,-0.2378433233124284,-0.4498097917755802,-0.13857526087702582,0,14,Influenza A/H3,2012,14,2012-04-08,2011/12,464,Other,408,56
-0.33153942259149405,-0.39491107501984657,-0.26693528163062163,-0.5301815692829678,-0.14233764852758574,3.333333333333333e-4,15,Influenza A/H3,2012,15,2012-04-15,2011/12,471,Other,408,63
-0.3419094774029161,-0.3997321697991698,-0.28441195825600485,-0.5159975977224392,-0.1779481201293538,0,16,Influenza A/H3,2012,16,2012-04-22,2011/12,478,Other,408,70
-0.3261007142448682,-0.3918611571298656,-0.2650076907986617,-0.5183838317395063,-0.1526184130498748,3.333333333333333e-4,17,Influenza A/H3,2012,17,2012-04-29,2011/12,485,Other,408,77
-0.300390083021016,-0.3721824257696096,-0.23076522990307213,-0.5140288166057252,-0.09602748114652684,0.001,18,Influenza A/H3,2012,18,2012-05-06,2011/12,492,Other,408,84
-0.26771937319692474,-0.33302248140130075,-0.2034886684709265,-0.45923954473344275,-0.0793796469248223,0.0026666666666666666,19,Influenza A/H3,2012,19,2012-05-13,2011/12,499,Other,408,91
-0.2287462920186374,-0.2973311626310273,-0.15685873517276683,-0.43538225008518794,-0.029647890727896132,0.011666666666666667,20,Influenza A/H3,2012,20,2012-05-20,2011/12,506,Other,408,98
-0.19023537707983573,-0.27196841395544075,-0.10818367606593593,-0.42675387463547315,0.03999302459016509,0.052333333333333336,21,Influenza A/H3,2012,21,2012-05-27,2011/12,513,Other,408,105
-0.15828490839363107,-0.23506496223463602,-0.08473387783335745,-0.3794619786477419,0.0549034357496951,0.074,22,Influenza A/H3,2012,22,2012-06-03,2011/12,520,Other,408,112
-0.13520424164473666,-0.21036417374483252,-0.057407570421394216,-0.36412456367562523,0.08230277980129844,0.12066666666666667,23,Influenza A/H3,2012,23,2012-06-10,2011/12,527,Other,408,119
-0.11090831743205398,-0.19705600791207517,-0.026895525754866423,-0.3584549280500299,0.14070770584646058,0.182,24,Influenza A/H3,2012,24,2012-06-17,2011/12,534,Other,408,126
-0.09534905869203802,-0.17463675100699821,-0.014988143982768931,-0.33416386055644626,0.1374234616238589,0.20466666666666666,25,Influenza A/H3,2012,25,2012-06-24,2011/12,541,Other,408,133
-0.0850886833441371,-0.16306601379519042,-0.004475806529337434,-0.32406384481608297,0.14762665831505464,0.24233333333333335,26,Influenza A/H3,2012,26,2012-07-01,2012/13,183,Pre-pandemic,358,-175
-0.07100089549001165,-0.15809120246812025,0.017505510687633452,-0.33874840558272107,0.18443829976887863,0.29033333333333333,27,Influenza A/H3,2012,27,2012-07-08,2012/13,190,Pre-pandemic,358,-168
-0.05771836128011487,-0.14247259402011214,0.02102425489150639,-0.30343535678797434,0.17561856997285735,0.31833333333333336,28,Influenza A/H3,2012,28,2012-07-15,2012/13,197,Pre-pandemic,358,-161
-0.04693439117834797,-0.13367844244513966,0.03358673760325015,-0.2977982378419887,0.1923414065291464,0.3426666666666667,29,Influenza A/H3,2012,29,2012-07-22,2012/13,204,Pre-pandemic,358,-154
-0.04424064398341976,-0.13268679032470965,0.04903084451062051,-0.3151031377694338,0.23790401720018645,0.37366666666666665,30,Influenza A/H3,2012,30,2012-07-29,2012/13,211,Pre-pandemic,358,-147
-0.04092985886021616,-0.12215216282942876,0.040328711949416104,-0.29248371043441657,0.21639016211636272,0.367,31,Influenza A/H3,2012,31,2012-08-05,2012/13,218,Pre-pandemic,358,-140
-0.04158418156446808,-0.12671351801403635,0.03922415317414202,-0.2820772482447887,0.20387105587828133,0.371,32,Influenza A/H3,2012,32,2012-08-12,2012/13,225,Pre-pandemic,358,-133
-0.03770906768247462,-0.13169430232239382,0.05302623318471228,-0.3016086791986593,0.23711444941282572,0.39266666666666666,33,Influenza A/H3,2012,33,2012-08-19,2012/13,232,Pre-pandemic,358,-126
-0.025890070220678796,-0.11021588427789927,0.05557033659377569,-0.28175226233873585,0.22887113733869677,0.41533333333333333,34,Influenza A/H3,2012,34,2012-08-26,2012/13,239,Pre-pandemic,358,-119
-0.008740288482443348,-0.08811497548103553,0.07575818713992921,-0.2540144214816307,0.23383320228045726,0.4716666666666667,35,Influenza A/H3,2012,35,2012-09-02,2012/13,246,Pre-pandemic,358,-112
0.014697166376078763,-0.07437907526897047,0.10218935321665562,-0.24711967618258512,0.2719404893359905,0.5496666666666666,36,Influenza A/H3,2012,36,2012-09-09,2012/13,253,Pre-pandemic,358,-105
0.03727543349984003,-0.04320578208430237,0.11823565067662012,-0.1975206848523053,0.27823584718622474,0.6173333333333333,37,Influenza A/H3,2012,37,2012-09-16,2012/13,260,Pre-pandemic,358,-98
0.057369326737638615,-0.020225069152107367,0.13822270081260002,-0.17625533462402354,0.3043111267696046,0.687,38,Influenza A/H3,2012,38,2012-09-23,2012/13,267,Pre-pandemic,358,-91
0.07766797412719534,-0.007617331097149738,0.16823877118133335,-0.1752095878064664,0.35094202461162693,0.729,39,Influenza A/H3,2012,39,2012-09-30,2012/13,274,Pre-pandemic,358,-84
0.10148012811810836,0.02131091015162523,0.18019716898819632,-0.12897174658070118,0.347476667951973,0.806,40,Influenza A/H3,2012,40,2012-10-07,2012/13,281,Pre-pandemic,358,-77
0.11907992074314189,0.03781107120471816,0.1992920104740068,-0.11675556654067722,0.3666325845331311,0.838,41,Influenza A/H3,2012,41,2012-10-14,2012/13,288,Pre-pandemic,358,-70
0.13031082560438878,0.044185446145949325,0.22058535933186507,-0.11436392033370488,0.4016665436774781,0.8413333333333334,42,Influenza A/H3,2012,42,2012-10-21,2012/13,295,Pre-pandemic,358,-63
0.13969417822546226,0.061880933858908194,0.21333007526856168,-0.08556753759557847,0.37391641679481663,0.884,43,Influenza A/H3,2012,43,2012-10-28,2012/13,302,Pre-pandemic,358,-56
0.14240716729140712,0.06768209845085493,0.21251825069614072,-0.0759256693114077,0.3519532136632728,0.9023333333333333,44,Influenza A/H3,2012,44,2012-11-04,2012/13,309,Pre-pandemic,358,-49
0.1456367739157034,0.06118794715326481,0.2230920935368187,-0.09564025265181966,0.368131016352288,0.8706666666666667,45,Influenza A/H3,2012,45,2012-11-11,2012/13,316,Pre-pandemic,358,-42
0.14287966451245737,0.07061973078188477,0.21641922617271891,-0.06862872898550176,0.3490621821079416,0.906,46,Influenza A/H3,2012,46,2012-11-18,2012/13,323,Pre-pandemic,358,-35
0.1467643195093744,0.07852926978211983,0.21681374961430622,-0.0537687014439984,0.3588832714579459,0.9246666666666666,47,Influenza A/H3,2012,47,2012-11-25,2012/13,330,Pre-pandemic,358,-28
0.15794678026607745,0.08550188141843817,0.24192411817971227,-0.06135735704401942,0.39416088130705323,0.9263333333333333,48,Influenza A/H3,2012,48,2012-12-02,2012/13,337,Pre-pandemic,358,-21
0.1873358248843553,0.11803516098208677,0.2574347849090698,0.005277085853810811,0.38220581669185344,0.9783333333333334,49,Influenza A/H3,2012,49,2012-12-09,2012/13,344,Pre-pandemic,358,-14
0.21882951001271844,0.15720903222534033,0.2871806318553578,0.04180209305844522,0.407351855084111,0.9913333333333333,50,Influenza A/H3,2012,50,2012-12-16,2012/13,351,Pre-pandemic,358,-7
0.2361349949416267,0.16578074454023772,0.31019215721134075,0.035766183044311665,0.4447682635293047,0.9896666666666667,51,Influenza A/H3,2012,51,2012-12-23,2012/13,358,Pre-pandemic,358,0
0.22889879673570546,0.16697219317346712,0.285740630407734,0.05903767692049031,0.4148563808040771,0.997,52,Influenza A/H3,2012,52,2012-12-30,2012/13,365,Pre-pandemic,358,7
0.20301341899601866,0.14663247802133728,0.2596201052497611,0.04138701920739302,0.3656384548782318,0.996,53,Influenza A/H3,2012,1,2013-01-06,2012/13,371,Pre-pandemic,358,13
0.18434571042172943,0.12416592495354539,0.2514743718163299,0.017559316150221268,0.3672094738709453,0.9853333333333333,54,Influenza A/H3,2013,2,2013-01-13,2012/13,378,Pre-pandemic,358,20
0.18958562287360814,0.13738207193985064,0.24298394135876822,0.046000136312808394,0.35013481030052857,0.9943333333333333,55,Influenza A/H3,2013,3,2013-01-20,2012/13,385,Pre-pandemic,358,27
0.20593910692921602,0.15605743444459041,0.2525711553040506,0.06973596493636122,0.35166773970563053,0.9976666666666667,56,Influenza A/H3,2013,4,2013-01-27,2012/13,392,Pre-pandemic,358,34
0.20618163435075898,0.15070055829854434,0.26014042619586975,0.05608412024328076,0.36793179871687864,0.9963333333333333,57,Influenza A/H3,2013,5,2013-02-03,2012/13,399,Pre-pandemic,358,41
0.1827298474513701,0.13836879406149438,0.2275204509534663,0.05457323293891936,0.31833897863828203,0.9976666666666667,58,Influenza A/H3,2013,6,2013-02-10,2012/13,406,Pre-pandemic,358,48
0.14026085340878192,0.0996290444478869,0.18660227854484113,0.020765476561026838,0.26567246877446005,0.9896666666666667,59,Influenza A/H3,2013,7,2013-02-17,2012/13,413,Pre-pandemic,358,55
0.09379751144696691,0.043417514901032295,0.1468005895863047,-0.051178893873759,0.24504131739180068,0.8966666666666666,60,Influenza A/H3,2013,8,2013-02-24,2012/13,420,Pre-pandemic,358,62
0.04333459170624199,0.003088516724656598,0.0858520123276949,-0.08209382608941922,0.16601777486343652,0.7643333333333333,61,Influenza A/H3,2013,9,2013-03-03,2012/13,427,Pre-pandemic,358,69
-0.0071563526254223575,-0.048161449356900254,0.03203270227968913,-0.12443362688342013,0.10538697350577507,0.45066666666666666,62,Influenza A/H3,2013,10,2013-03-10,2012/13,434,Pre-pandemic,358,76
-0.050645290691574196,-0.09811297819880083,-0.005033427389167677,-0.18968696250033718,0.08120851593148601,0.227,63,Influenza A/H3,2013,11,2013-03-17,2012/13,441,Pre-pandemic,358,83
-0.08267985179977755,-0.12185957127949454,-0.04480179697946496,-0.20464189827284515,0.03036196274099763,0.06966666666666667,64,Influenza A/H3,2013,12,2013-03-24,2012/13,448,Pre-pandemic,358,90
-0.11016386159885538,-0.15549868526356359,-0.06526385810409341,-0.24598216038433734,0.026202447974849233,0.049666666666666665,65,Influenza A/H3,2013,13,2013-03-31,2012/13,455,Pre-pandemic,358,97
-0.1473549847799096,-0.20353303738278106,-0.09462716236925584,-0.3077583912239583,0.009154082483278167,0.03233333333333333,66,Influenza A/H3,2013,14,2013-04-07,2012/13,462,Pre-pandemic,358,104
-0.20197921259761564,-0.24794480280936715,-0.15529094488941464,-0.3385684192740824,-0.07169507236949589,6.666666666666666e-4,67,Influenza A/H3,2013,15,2013-04-14,2012/13,469,Pre-pandemic,358,111
-0.2667900778207546,-0.31690563042524444,-0.21603731376324586,-0.419568879272096,-0.12333502616663615,0,68,Influenza A/H3,2013,16,2013-04-21,2012/13,476,Pre-pandemic,358,118
-0.3187768407585376,-0.38042238420090624,-0.25480439244602926,-0.5024938643000882,-0.14053553363864418,0,69,Influenza A/H3,2013,17,2013-04-28,2012/13,483,Pre-pandemic,358,125
-0.35161799976588104,-0.4100320180192142,-0.2958933903493496,-0.5184795087857511,-0.18486839652577733,0,70,Influenza A/H3,2013,18,2013-05-05,2012/13,490,Pre-pandemic,358,132
-0.36459272875407067,-0.427688059705036,-0.3031329130716085,-0.5632795219063103,-0.18556651420943748,0,71,Influenza A/H3,2013,19,2013-05-12,2012/13,497,Pre-pandemic,358,139
-0.35772388969128466,-0.4336367150106384,-0.2848081150058177,-0.5965429238686064,-0.14648093450330676,3.333333333333333e-4,72,Influenza A/H3,2013,20,2013-05-19,2012/13,504,Pre-pandemic,358,146
-0.33250892125890363,-0.4017081355747729,-0.26583902320402375,-0.5383123864940398,-0.1360334195084286,0,73,Influenza A/H3,2013,21,2013-05-26,2012/13,511,Pre-pandemic,358,153
-0.2905746705132901,-0.361344932012689,-0.22107687007984023,-0.5088438839270315,-0.0942245016657832,0.0016666666666666668,74,Influenza A/H3,2013,22,2013-06-02,2012/13,518,Pre-pandemic,358,160
-0.24793516955688277,-0.325795712668953,-0.17037987788198006,-0.4889652820019021,-0.018593815689365446,0.019,75,Influenza A/H3,2013,23,2013-06-09,2012/13,525,Pre-pandemic,358,167
-0.21021135457917273,-0.28428618665233374,-0.13588954850981028,-0.42399391117918955,0.007542745326650106,0.028333333333333332,76,Influenza A/H3,2013,24,2013-06-16,2012/13,532,Pre-pandemic,358,174
-0.17313465392592164,-0.25537020377278924,-0.09507593984685969,-0.3967533874799948,0.056282054250014917,0.06933333333333333,77,Influenza A/H3,2013,25,2013-06-23,2012/13,539,Pre-pandemic,358,181
-0.14066214530100263,-0.22848964245891146,-0.04860696833902661,-0.39710771848379,0.12304739692215576,0.153,78,Influenza A/H3,2013,26,2013-06-30,2012/13,546,Pre-pandemic,358,188
-0.10697244485453317,-0.18823018122977142,-0.02014572973332529,-0.3453038661528801,0.13679175358299245,0.19933333333333333,79,Influenza A/H3,2013,27,2013-07-07,2013/14,188,Pre-pandemic,370,-182
-0.07126131495371624,-0.1538737771848262,0.011262115919994042,-0.319717103643706,0.16743138949700737,0.2796666666666667,80,Influenza A/H3,2013,28,2013-07-14,2013/14,195,Pre-pandemic,370,-175
-0.04023293412370477,-0.13447015396779266,0.05004151867804146,-0.31314088415953767,0.2227317108407832,0.39166666666666666,81,Influenza A/H3,2013,29,2013-07-21,2013/14,202,Pre-pandemic,370,-168
-0.012926284604855454,-0.10287163851356812,0.06760495318576903,-0.26750657342234846,0.2260587666153506,0.46366666666666667,82,Influenza A/H3,2013,30,2013-07-28,2013/14,209,Pre-pandemic,370,-161
0.008859002836509033,-0.0766907840513103,0.09251386385173455,-0.23135650805629202,0.25881796298581894,0.531,83,Influenza A/H3,2013,31,2013-08-04,2013/14,216,Pre-pandemic,370,-154
0.03198356293348947,-0.057353195835037826,0.11970717833657124,-0.23265723844236513,0.30558278348540735,0.597,84,Influenza A/H3,2013,32,2013-08-11,2013/14,223,Pre-pandemic,370,-147
0.060130767525236384,-0.026899017698240157,0.14161441073491948,-0.1894400121037666,0.31075486932149093,0.6783333333333333,85,Influenza A/H3,2013,33,2013-08-18,2013/14,230,Pre-pandemic,370,-140
0.08309123372176619,-0.005354887145455234,0.16684991050833475,-0.15939378903100074,0.324837427252053,0.733,86,Influenza A/H3,2013,34,2013-08-25,2013/14,237,Pre-pandemic,370,-133
0.09937505915681111,0.007370156186010113,0.19019706662449476,-0.1646597466949382,0.3650535317161121,0.7683333333333333,87,Influenza A/H3,2013,35,2013-09-01,2013/14,244,Pre-pandemic,370,-126
0.10868637265804293,0.029303712023918238,0.1895311166180917,-0.1333563575066542,0.36524146039687927,0.814,88,Influenza A/H3,2013,36,2013-09-08,2013/14,251,Pre-pandemic,370,-119
0.10738353073556661,0.02674579956907558,0.19553111418441016,-0.13310539656912637,0.35816017555666624,0.8156666666666667,89,Influenza A/H3,2013,40,2013-10-06,2013/14,279,Pre-pandemic,370,-91
0.10718437107576229,0.015131869929568054,0.20126693451824573,-0.15867665703638736,0.37765941118444796,0.787,90,Influenza A/H3,2013,41,2013-10-13,2013/14,286,Pre-pandemic,370,-84
0.09927130461279554,0.01746967140654221,0.18298352855447186,-0.14192051742364145,0.3460957268432359,0.79,91,Influenza A/H3,2013,42,2013-10-20,2013/14,293,Pre-pandemic,370,-77
0.08824485760634881,0.00686842168060664,0.17088821264455556,-0.13817951055026567,0.32156173381089076,0.7683333333333333,92,Influenza A/H3,2013,43,2013-10-27,2013/14,300,Pre-pandemic,370,-70
0.07600846666471339,-0.007451134864042475,0.16948698886179236,-0.16408663359184086,0.3396169020077528,0.7316666666666667,93,Influenza A/H3,2013,44,2013-11-03,2013/14,307,Pre-pandemic,370,-63
0.07236496489679634,-0.0046470940160375784,0.14889620354109212,-0.14109232850713777,0.30186443262292517,0.7386666666666667,94,Influenza A/H3,2013,45,2013-11-10,2013/14,314,Pre-pandemic,370,-56
0.0715652097744226,-0.0032378610954930664,0.14361190651210987,-0.14825873833782965,0.2917668683110508,0.7383333333333333,95,Influenza A/H3,2013,46,2013-11-17,2013/14,321,Pre-pandemic,370,-49
0.08470385748016329,0.0043503822120442015,0.16880464601328493,-0.15552838712243955,0.34065013767280594,0.7596666666666667,96,Influenza A/H3,2013,47,2013-11-24,2013/14,328,Pre-pandemic,370,-42
0.12056619024314696,0.048197457645201225,0.19608184536163498,-0.1001711624162111,0.3439698509878567,0.8636666666666667,97,Influenza A/H3,2013,48,2013-12-01,2013/14,335,Pre-pandemic,370,-35
0.17397418200455572,0.10201100225567661,0.24445699237837487,-0.03110142326248837,0.37895175348230326,0.9503333333333334,98,Influenza A/H3,2013,49,2013-12-08,2013/14,342,Pre-pandemic,370,-28
0.21482952417308,0.13869154237633063,0.2951306629376491,-0.005144476888780754,0.44115267352393683,0.972,99,Influenza A/H3,2013,50,2013-12-15,2013/14,349,Pre-pandemic,370,-21
0.24867220511865518,0.18107369332845025,0.31102834847908634,0.05884454506193559,0.44803117308719176,0.9933333333333333,100,Influenza A/H3,2013,51,2013-12-22,2013/14,356,Pre-pandemic,370,-14
0.2672681014852667,0.20847810473994777,0.328931255104317,0.08806769689120668,0.4591351422860803,0.9973333333333333,101,Influenza A/H3,2013,52,2013-12-29,2013/14,363,Pre-pandemic,370,-7
0.2747956710165682,0.2101362576093737,0.3428929528612089,0.08139135210618045,0.48296422119443194,0.9953333333333333,102,Influenza A/H3,2013,1,2014-01-05,2013/14,370,Pre-pandemic,370,0
0.2702783715129269,0.21426261402490954,0.32410066510240143,0.10983279666544637,0.44175375550084156,0.9993333333333333,103,Influenza A/H3,2014,2,2014-01-12,2013/14,377,Pre-pandemic,370,7
0.25178297390844184,0.20005177319330492,0.30967218369120464,0.10184226504638276,0.41308194177681623,0.9993333333333333,104,Influenza A/H3,2014,3,2014-01-19,2013/14,384,Pre-pandemic,370,14
0.23302430945481545,0.17281015882163908,0.2977904240760336,0.05672825420550923,0.413837953310407,0.995,105,Influenza A/H3,2014,4,2014-01-26,2013/14,391,Pre-pandemic,370,21
0.21313934272231627,0.1613846303756703,0.26421785289612854,0.06752958546553285,0.3619349158539841,0.9986666666666667,106,Influenza A/H3,2014,5,2014-02-02,2013/14,398,Pre-pandemic,370,28
0.187473192510764,0.1471707693806088,0.2303404328072438,0.06719003558711682,0.3152269401919238,0.998,107,Influenza A/H3,2014,6,2014-02-09,2013/14,405,Pre-pandemic,370,35
0.1538001147472876,0.10274291603986918,0.20502824717483215,0.0059584161151823335,0.3022853812039441,0.9806666666666667,108,Influenza A/H3,2014,7,2014-02-16,2013/14,412,Pre-pandemic,370,42
0.10520045642873388,0.05937950614575027,0.1479079451120251,-0.02222514811941598,0.2380023356748449,0.938,109,Influenza A/H3,2014,8,2014-02-23,2013/14,419,Pre-pandemic,370,49
0.04579111409149306,0.003476126021924708,0.0876500748299669,-0.08156895405572336,0.16915200019517426,0.767,110,Influenza A/H3,2014,9,2014-03-02,2013/14,426,Pre-pandemic,370,56
-0.01576845778103353,-0.0667854082296695,0.033167468970937364,-0.1620029173467943,0.12330602505005844,0.4096666666666667,111,Influenza A/H3,2014,10,2014-03-09,2013/14,433,Pre-pandemic,370,63
-0.07988390362260933,-0.12323610318628453,-0.04021743839491898,-0.20667411143518033,0.041758091824280995,0.08966666666666667,112,Influenza A/H3,2014,11,2014-03-16,2013/14,440,Pre-pandemic,370,70
-0.1422791203993663,-0.18875927504068413,-0.09992521549468236,-0.27740800754091627,-0.020508003382707547,0.011333333333333334,113,Influenza A/H3,2014,12,2014-03-23,2013/14,447,Pre-pandemic,370,77
-0.19536083382564184,-0.24805795006028442,-0.14367488269499518,-0.34679848941546393,-0.046769778868363907,0.005333333333333333,114,Influenza A/H3,2014,13,2014-03-30,2013/14,454,Pre-pandemic,370,84
-0.23369193566127988,-0.27746793132020975,-0.18785235918461662,-0.3737052622565369,-0.09871050073512952,3.333333333333333e-4,115,Influenza A/H3,2014,14,2014-04-06,2013/14,461,Pre-pandemic,370,91
-0.2571214039815073,-0.3170892164988426,-0.20432218338142616,-0.42443943576343035,-0.10658503189299412,0.001,116,Influenza A/H3,2014,15,2014-04-13,2013/14,468,Pre-pandemic,370,98
-0.28245785333611395,-0.351777195070362,-0.2184542680248951,-0.4864283293851516,-0.10055482400224568,0.0016666666666666668,117,Influenza A/H3,2014,16,2014-04-20,2013/14,475,Pre-pandemic,370,105
-0.3102994750060446,-0.3681517219197089,-0.25262075086220015,-0.49384307333942556,-0.14750912212725983,0,118,Influenza A/H3,2014,17,2014-04-27,2013/14,482,Pre-pandemic,370,112
-0.3345626017746861,-0.3959077118451385,-0.27101725132917887,-0.5223961201915317,-0.15664921311416616,0,119,Influenza A/H3,2014,18,2014-05-04,2013/14,489,Pre-pandemic,370,119
-0.33882963167656843,-0.41095240467604566,-0.26822514480313264,-0.5549193260311561,-0.1304670880958041,3.333333333333333e-4,120,Influenza A/H3,2014,19,2014-05-11,2013/14,496,Pre-pandemic,370,126
-0.3245334962415962,-0.3888744154241236,-0.2598877560554581,-0.5191532177536347,-0.12721457033046682,6.666666666666666e-4,121,Influenza A/H3,2014,20,2014-05-18,2013/14,503,Pre-pandemic,370,133
-0.2844760313978669,-0.3550602378537615,-0.2173103788212316,-0.49146297685987905,-0.07571919956722235,0.0036666666666666666,122,Influenza A/H3,2014,22,2014-06-01,2013/14,517,Pre-pandemic,370,147
-0.22291369127966854,-0.3068037907852418,-0.14265252805542183,-0.461930906054143,0.018925727521339517,0.03333333333333333,123,Influenza A/H3,2014,39,2014-09-28,2014/15,271,Pre-pandemic,313,-42
-0.13911471379887297,-0.2146520111963997,-0.06052389396107932,-0.3629892217710159,0.08400548051489024,0.11166666666666666,124,Influenza A/H3,2014,40,2014-10-05,2014/15,278,Pre-pandemic,313,-35
-0.03473069384519811,-0.10971141833071457,0.03911667363420157,-0.2597053273092444,0.19134580994431935,0.37733333333333335,125,Influenza A/H3,2014,41,2014-10-12,2014/15,285,Pre-pandemic,313,-28
0.046423376469832967,-0.03291644199328586,0.12866869909648038,-0.19455124265984372,0.29918311612147247,0.6516666666666666,126,Influenza A/H3,2014,42,2014-10-19,2014/15,292,Pre-pandemic,313,-21
0.10176140399359923,0.026965102558961673,0.1739834894105493,-0.11487428995149909,0.3207102124829233,0.819,127,Influenza A/H3,2014,43,2014-10-26,2014/15,299,Pre-pandemic,313,-14
0.12771303859817773,0.05072596278248431,0.20703049846962968,-0.09501188061120483,0.35762853392637683,0.8653333333333333,128,Influenza A/H3,2014,44,2014-11-02,2014/15,306,Pre-pandemic,313,-7
0.1340784031588249,0.04762842045883969,0.2213721768584368,-0.11515529310327557,0.40112178991419695,0.8563333333333333,129,Influenza A/H3,2014,45,2014-11-09,2014/15,313,Pre-pandemic,313,0
0.12368738534049561,0.039784555201394345,0.20334204996915772,-0.10290771619652835,0.3669656170030407,0.851,130,Influenza A/H3,2014,46,2014-11-16,2014/15,320,Pre-pandemic,313,7
0.09463391384479691,0.011907374787543112,0.17320320726142102,-0.1380769176151853,0.3217214279823418,0.7836666666666666,131,Influenza A/H3,2014,47,2014-11-23,2014/15,327,Pre-pandemic,313,14
0.05740523897026528,-0.02519311421637116,0.13939470794472508,-0.18653026253626123,0.30537803328971225,0.6706666666666666,132,Influenza A/H3,2014,48,2014-11-30,2014/15,334,Pre-pandemic,313,21
0.017206089872623398,-0.057287502459445694,0.08971110518082293,-0.19724455675403316,0.23603918072340754,0.5636666666666666,133,Influenza A/H3,2014,49,2014-12-07,2014/15,341,Pre-pandemic,313,28
-0.02159500271209014,-0.09809536288442933,0.05683099445326767,-0.23185019471370275,0.19123592555251623,0.42933333333333334,134,Influenza A/H3,2014,50,2014-12-14,2014/15,348,Pre-pandemic,313,35
-0.03991613929239013,-0.12517409446818595,0.045238945688141796,-0.2751956760344886,0.20160891605067174,0.37866666666666665,135,Influenza A/H3,2015,23,2015-06-07,2014/15,523,Pre-pandemic,313,210
-0.0322303052857027,-0.11008381338489082,0.04542891304613883,-0.2549933692101705,0.1922806058788473,0.3883333333333333,136,Influenza A/H3,2015,40,2015-10-04,2015/16,277,Pre-pandemic,354,-77
-0.00606000210222013,-0.08083839860235364,0.07305232765360936,-0.22310648727444332,0.21282853222708525,0.4766666666666667,137,Influenza A/H3,2015,41,2015-10-11,2015/16,284,Pre-pandemic,354,-70
0.0163790227371865,-0.06243802842016122,0.09702292800830292,-0.21723785933229411,0.25551634043368326,0.5513333333333333,138,Influenza A/H3,2015,42,2015-10-18,2015/16,291,Pre-pandemic,354,-63
0.026322953557607054,-0.043522511631563954,0.09865305568725324,-0.17979042366340336,0.23420905946935933,0.5973333333333334,139,Influenza A/H3,2015,43,2015-10-25,2015/16,298,Pre-pandemic,354,-56
0.029511467522249202,-0.03464258149793242,0.09908852159767456,-0.18264071917481065,0.24064714550097752,0.6243333333333333,140,Influenza A/H3,2015,44,2015-11-01,2015/16,305,Pre-pandemic,354,-49
0.046428181218907794,-0.02563291312516136,0.12362940534324374,-0.1816778273324577,0.279283189427297,0.6673333333333333,141,Influenza A/H3,2015,45,2015-11-08,2015/16,312,Pre-pandemic,354,-42
0.08253580038888919,0.018311513204076202,0.14572427684613598,-0.11196005524737282,0.28600673871208115,0.8016666666666666,142,Influenza A/H3,2015,46,2015-11-15,2015/16,319,Pre-pandemic,354,-35
0.13191154529851734,0.07105015671795545,0.19556201275320662,-0.05578814434210915,0.33708481635575327,0.9243333333333333,143,Influenza A/H3,2015,47,2015-11-22,2015/16,326,Pre-pandemic,354,-28
0.18929354399204712,0.12046962199532618,0.261854761460786,-0.013648364904509087,0.4174996047354514,0.968,144,Influenza A/H3,2015,48,2015-11-29,2015/16,333,Pre-pandemic,354,-21
0.252447320104076,0.19294762707228696,0.3156798983468805,0.07893596360560934,0.44835682769737867,0.9976666666666667,145,Influenza A/H3,2015,49,2015-12-06,2015/16,340,Pre-pandemic,354,-14
0.316710304110164,0.2604921864341805,0.3706769116381132,0.15096691487388805,0.48140689545778853,0.9996666666666667,146,Influenza A/H3,2015,50,2015-12-13,2015/16,347,Pre-pandemic,354,-7
0.34873152788938366,0.28486074513206927,0.410293259818165,0.1605245214317981,0.5316493475033273,1,147,Influenza A/H3,2015,51,2015-12-20,2015/16,354,Pre-pandemic,354,0
0.34422339136011715,0.29211526938725507,0.3959360990316815,0.1949337522325531,0.5020455008143702,1,148,Influenza A/H3,2015,52,2015-12-27,2015/16,361,Pre-pandemic,354,7
0.313543048266137,0.2684467425700041,0.36122673534902683,0.18048987017368767,0.4472230642913323,1,149,Influenza A/H3,2015,53,2016-01-03,2015/16,368,Pre-pandemic,354,14
0.288709631328973,0.23451786641152728,0.3446905702674903,0.13381374513644928,0.44811121586780306,1,150,Influenza A/H3,2016,1,2016-01-10,2015/16,375,Pre-pandemic,354,21
0.2776604609489164,0.2345999626274895,0.3213886752722743,0.15627206364117882,0.40960470521764725,1,151,Influenza A/H3,2016,2,2016-01-17,2015/16,382,Pre-pandemic,354,28
0.2748188340176041,0.23782410897397255,0.3126230053667818,0.17124795616046515,0.3832296007168476,1,152,Influenza A/H3,2016,3,2016-01-24,2015/16,389,Pre-pandemic,354,35
0.2442716046507134,0.2026707065486144,0.2870239983589875,0.11912102465508782,0.37443051247119674,0.9996666666666667,153,Influenza A/H3,2016,4,2016-01-31,2015/16,396,Pre-pandemic,354,42
0.17959361414979558,0.1478760254641276,0.21410414305075576,0.07967912444355175,0.28682868477516477,1,154,Influenza A/H3,2016,5,2016-02-07,2015/16,403,Pre-pandemic,354,49
0.09555794304887488,0.0655757619563555,0.12548478624515202,0.011333776810284494,0.18174514910221373,0.9873333333333333,155,Influenza A/H3,2016,6,2016-02-14,2015/16,410,Pre-pandemic,354,56
0.04133731241740968,0.005828198806550278,0.07959385404509267,-0.06385168138984877,0.1479748807536932,0.787,156,Influenza A/H3,2016,7,2016-02-21,2015/16,417,Pre-pandemic,354,63
0.03325244048525633,0.0027888744796153997,0.06307112378462687,-0.052589189440326596,0.11993443409328364,0.772,157,Influenza A/H3,2016,8,2016-02-28,2015/16,424,Pre-pandemic,354,70
0.05210540201959413,0.022590019247055615,0.08133485365351989,-0.032667362192454946,0.13520686193905618,0.874,158,Influenza A/H3,2016,9,2016-03-06,2015/16,431,Pre-pandemic,354,77
0.029411580513351687,-0.007322386037719619,0.06578787383958717,-0.07656057606785023,0.13325757109277064,0.7033333333333334,159,Influenza A/H3,2016,10,2016-03-13,2015/16,438,Pre-pandemic,354,84
-0.05267612312770664,-0.08098420717908428,-0.022428841662376797,-0.13552393721923794,0.03135016992026538,0.11733333333333333,160,Influenza A/H3,2016,11,2016-03-20,2015/16,445,Pre-pandemic,354,91
-0.1755855447610708,-0.21104057129226028,-0.1417162568043404,-0.27326152953779415,-0.08249508409427321,3.333333333333333e-4,161,Influenza A/H3,2016,12,2016-03-27,2015/16,452,Pre-pandemic,354,98
-0.2870375468339641,-0.33200861287308125,-0.24562919091388347,-0.41272076452641454,-0.1685708989479358,0,162,Influenza A/H3,2016,13,2016-04-03,2015/16,459,Pre-pandemic,354,105
-0.372824865956912,-0.4085892639448212,-0.3366558933227086,-0.4806538284018813,-0.2700545511729414,0,163,Influenza A/H3,2016,14,2016-04-10,2015/16,466,Pre-pandemic,354,112
-0.42842022083233733,-0.47277667025574255,-0.3840079391706164,-0.5651461102268551,-0.2998187819635937,0,164,Influenza A/H3,2016,15,2016-04-17,2015/16,473,Pre-pandemic,354,119
-0.45014858652596423,-0.5070829059806095,-0.39231405560168864,-0.6193853650842561,-0.295523538768491,0,165,Influenza A/H3,2016,16,2016-04-24,2015/16,480,Pre-pandemic,354,126
-0.4346215294473663,-0.4843603208638849,-0.3861571528472896,-0.5871490244469042,-0.29960524475649764,0,166,Influenza A/H3,2016,17,2016-05-01,2015/16,487,Pre-pandemic,354,133
-0.38874661505317154,-0.44831444120669117,-0.33430989206931416,-0.5678493588226096,-0.23415609538162344,0,167,Influenza A/H3,2016,18,2016-05-08,2015/16,494,Pre-pandemic,354,140
-0.33779428634535025,-0.4089058202833683,-0.27302899293274785,-0.5476621759619957,-0.14603548145703235,3.333333333333333e-4,168,Influenza A/H3,2016,19,2016-05-15,2015/16,501,Pre-pandemic,354,147
-0.2893612743151688,-0.35335780356092705,-0.22744567502123447,-0.47590176961231223,-0.1161503881577533,0.001,169,Influenza A/H3,2016,20,2016-05-22,2015/16,508,Pre-pandemic,354,154
-0.23747876506449717,-0.3036644570832049,-0.17543106068248615,-0.43326875797941333,-0.05178944734672807,0.005666666666666667,170,Influenza A/H3,2016,21,2016-05-29,2015/16,515,Pre-pandemic,354,161
-0.17609462590870906,-0.2548555698460324,-0.10536574207013538,-0.4017990392301778,0.04065897523683562,0.05433333333333333,171,Influenza A/H3,2016,22,2016-06-05,2015/16,522,Pre-pandemic,354,168
-0.10672696026388717,-0.17593644743172987,-0.03852777542127528,-0.30855465064906445,0.08660740559372694,0.14966666666666667,172,Influenza A/H3,2016,40,2016-10-09,2016/17,283,Pre-pandemic,346,-63
-0.029927439918389975,-0.09862360349060562,0.04131548327231516,-0.22779386870599933,0.16702197319218234,0.3923333333333333,173,Influenza A/H3,2016,41,2016-10-16,2016/17,290,Pre-pandemic,346,-56
0.045961918607581476,-0.029043576338984134,0.12220932592861611,-0.17153954670330746,0.2654738595995903,0.6573333333333333,174,Influenza A/H3,2016,42,2016-10-23,2016/17,297,Pre-pandemic,346,-49
0.11227726230178936,0.04423455886894123,0.18213571741079104,-0.07987492579094842,0.3048075616530509,0.8813333333333333,175,Influenza A/H3,2016,43,2016-10-30,2016/17,304,Pre-pandemic,346,-42
0.18036562178096482,0.10981867159452596,0.24744259465586338,-0.012607682060802407,0.37393948998695886,0.964,176,Influenza A/H3,2016,44,2016-11-06,2016/17,311,Pre-pandemic,346,-35
0.25207474263260976,0.17568336783577254,0.32609757760338764,0.033670053659168434,0.47287837591756093,0.9866666666666667,177,Influenza A/H3,2016,45,2016-11-13,2016/17,318,Pre-pandemic,346,-28
0.33251140805505397,0.2714890121320296,0.39670180112000997,0.15435526962369175,0.5252409815495108,0.9993333333333333,178,Influenza A/H3,2016,46,2016-11-20,2016/17,325,Pre-pandemic,346,-21
0.41846672094393633,0.3629348402181446,0.4741915575960055,0.2580201201913568,0.5835688693887269,1,179,Influenza A/H3,2016,47,2016-11-27,2016/17,332,Pre-pandemic,346,-14
0.4775514853062184,0.41388689980883786,0.5429152900586574,0.29078951708972994,0.6630107853340079,1,180,Influenza A/H3,2016,48,2016-12-04,2016/17,339,Pre-pandemic,346,-7
0.5019270821446948,0.44956119541060513,0.5557795254441256,0.3549023103905076,0.660488765228551,1,181,Influenza A/H3,2016,49,2016-12-11,2016/17,346,Pre-pandemic,346,0
0.4937165718769756,0.453570444999263,0.5344766308038758,0.3808286024844112,0.6192134079222809,1,182,Influenza A/H3,2016,50,2016-12-18,2016/17,353,Pre-pandemic,346,7
0.45059778249790083,0.4045302918532818,0.4968600214402239,0.31616509136316545,0.5890937220268732,1,183,Influenza A/H3,2016,51,2016-12-25,2016/17,360,Pre-pandemic,346,14
0.3738569298987944,0.3363088166300454,0.4101695274574453,0.26886399074639,0.4838745700529401,1,184,Influenza A/H3,2016,52,2017-01-01,2016/17,366,Pre-pandemic,346,20
0.26866988936736513,0.24077970777075275,0.2973777110811324,0.19219460815559275,0.34755001976176025,1,185,Influenza A/H3,2017,1,2017-01-08,2016/17,373,Pre-pandemic,346,27
0.16196839970030474,0.12974898934087165,0.19591860295787944,0.06295886719168316,0.2586886229195171,0.9996666666666667,186,Influenza A/H3,2017,2,2017-01-15,2016/17,380,Pre-pandemic,346,34
0.060971229786278336,0.034032557112128936,0.08853695719910903,-0.021863909568965643,0.14371935817834047,0.9263333333333333,187,Influenza A/H3,2017,3,2017-01-22,2016/17,387,Pre-pandemic,346,41
-0.03293836015802043,-0.05962464591920025,-0.007336432291801476,-0.11181142830863348,0.04511943267993922,0.19833333333333333,188,Influenza A/H3,2017,4,2017-01-29,2016/17,394,Pre-pandemic,346,48
-0.11398597385355247,-0.14576265901531849,-0.082015324032781,-0.2086285575059474,-0.021452759710951282,0.008333333333333333,189,Influenza A/H3,2017,5,2017-02-05,2016/17,401,Pre-pandemic,346,55
-0.17954835914536282,-0.20558394342872255,-0.1532166218430644,-0.25476944789214867,-0.10370274572000347,0,190,Influenza A/H3,2017,6,2017-02-12,2016/17,408,Pre-pandemic,346,62
-0.23243124911814617,-0.2671920699594612,-0.2004716073318289,-0.33327591515363764,-0.1351359176950128,0,191,Influenza A/H3,2017,7,2017-02-19,2016/17,415,Pre-pandemic,346,69
-0.291293022949779,-0.3318812803422153,-0.24859396015440693,-0.41492793961830454,-0.17206628108329713,0,192,Influenza A/H3,2017,8,2017-02-26,2016/17,422,Pre-pandemic,346,76
-0.3562346021761731,-0.3927525302109598,-0.32234966285708255,-0.45864449802893414,-0.26020102555726726,0,193,Influenza A/H3,2017,9,2017-03-05,2016/17,429,Pre-pandemic,346,83
-0.4206068725826384,-0.46601436778398164,-0.3787628853652707,-0.5547538961649332,-0.2972076715162424,0,194,Influenza A/H3,2017,10,2017-03-12,2016/17,436,Pre-pandemic,346,90
-0.4502045457186852,-0.5066545669354194,-0.3993117222237561,-0.6242096597803432,-0.2916349139650389,0,195,Influenza A/H3,2017,11,2017-03-19,2016/17,443,Pre-pandemic,346,97
-0.4384418852590164,-0.4885697110170564,-0.3903528795739104,-0.5869211498741564,-0.2986340019514395,0,196,Influenza A/H3,2017,12,2017-03-26,2016/17,450,Pre-pandemic,346,104
-0.3851769504880127,-0.44332523602560137,-0.3323127936514293,-0.5494615645059671,-0.22997003976032435,0,197,Influenza A/H3,2017,13,2017-04-02,2016/17,457,Pre-pandemic,346,111
-0.32368022723660883,-0.39157519730799406,-0.26017281080025245,-0.5168878922900573,-0.13679317587732315,0,198,Influenza A/H3,2017,14,2017-04-09,2016/17,464,Pre-pandemic,346,118
-0.2574469688733241,-0.3179613411631925,-0.19755905519137618,-0.42550080720144634,-0.09167209990504156,3.333333333333333e-4,199,Influenza A/H3,2017,15,2017-04-16,2016/17,471,Pre-pandemic,346,125
-0.18507139347219503,-0.2543731098631761,-0.12208046582165932,-0.3733243439283978,-0.01169421713582257,0.02,200,Influenza A/H3,2017,16,2017-04-23,2016/17,478,Pre-pandemic,346,132
-0.11943965686194646,-0.19373763400018196,-0.04435939398032007,-0.33627066428760966,0.08708312482135674,0.14033333333333334,201,Influenza A/H3,2017,17,2017-04-30,2016/17,485,Pre-pandemic,346,139
-0.05298554226778851,-0.11712879516103447,0.011093607482496326,-0.24809780974350215,0.14225619500727527,0.283,202,Influenza A/H3,2017,18,2017-05-07,2016/17,492,Pre-pandemic,346,146
0.0056688947847918225,-0.059488744660460724,0.07382289043547485,-0.18934886932500708,0.20069336901397367,0.5233333333333333,203,Influenza A/H3,2017,19,2017-05-14,2016/17,499,Pre-pandemic,346,153
0.047424910792831065,-0.030273320781816215,0.12161322241703543,-0.18266695419389165,0.2640051636596339,0.659,204,Influenza A/H3,2017,20,2017-05-21,2016/17,506,Pre-pandemic,346,160
0.05966631797400579,-0.007878172666786143,0.13081600738946553,-0.1456074408697781,0.2563537589802,0.7246666666666667,205,Influenza A/H3,2017,40,2017-10-08,2017/18,281,Pre-pandemic,358,-77
0.057705896728432515,-0.012339692454958029,0.12734411967950543,-0.14424171828586074,0.2599159575794417,0.7106666666666667,206,Influenza A/H3,2017,41,2017-10-15,2017/18,288,Pre-pandemic,358,-70
0.06006759168259568,-0.018823680164498757,0.1383834146275711,-0.1631313563200338,0.2819302979240798,0.7063333333333334,207,Influenza A/H3,2017,42,2017-10-22,2017/18,295,Pre-pandemic,358,-63
0.07537064013084471,0.005755551613419674,0.14166997772969148,-0.11745307049905535,0.2697809940809418,0.7693333333333333,208,Influenza A/H3,2017,43,2017-10-29,2017/18,302,Pre-pandemic,358,-56
0.1019855961005578,0.03794495851528934,0.1693566535646006,-0.0854853993896204,0.2944001015008078,0.8546666666666667,209,Influenza A/H3,2017,44,2017-11-05,2017/18,309,Pre-pandemic,358,-49
0.1482257833684386,0.07576188404291595,0.22002650290171122,-0.06094026234062959,0.3538748886993487,0.9203333333333333,210,Influenza A/H3,2017,45,2017-11-12,2017/18,316,Pre-pandemic,358,-42
0.20863263570389612,0.14857062261183973,0.27308341148442794,0.037315137578785,0.3898236303522111,0.9903333333333333,211,Influenza A/H3,2017,46,2017-11-19,2017/18,323,Pre-pandemic,358,-35
0.28691518666641636,0.237150484803753,0.34015663680541086,0.13449859596167213,0.45202660352193297,1,212,Influenza A/H3,2017,47,2017-11-26,2017/18,330,Pre-pandemic,358,-28
0.3705759798092585,0.3109611992119008,0.4296048449061135,0.20196033614125275,0.5533171812877359,1,213,Influenza A/H3,2017,48,2017-12-03,2017/18,337,Pre-pandemic,358,-21
0.4525895283432875,0.4013507736145592,0.5033948220419386,0.3141957916863909,0.6076253778124426,1,214,Influenza A/H3,2017,49,2017-12-10,2017/18,344,Pre-pandemic,358,-14
0.5229051546818626,0.48152980031595094,0.5643091691146824,0.4119442456540919,0.6440085969444417,1,215,Influenza A/H3,2017,50,2017-12-17,2017/18,351,Pre-pandemic,358,-7
0.529714376961989,0.4861699012038301,0.5759667953156178,0.4055306823388207,0.6650454820576456,1,216,Influenza A/H3,2017,51,2017-12-24,2017/18,358,Pre-pandemic,358,0
0.4622334454637911,0.4282466062999768,0.4991750147479257,0.36127928844613183,0.5724702938637038,1,217,Influenza A/H3,2017,52,2017-12-31,2017/18,365,Pre-pandemic,358,7
0.333110284277748,0.30711626813077264,0.3620984581963662,0.2571546412072235,0.4130533931205703,1,218,Influenza A/H3,2018,1,2018-01-07,2017/18,372,Pre-pandemic,358,14
0.20536347080827833,0.17281658956826274,0.23730857472856237,0.11164792318544041,0.29854390365317557,1,219,Influenza A/H3,2018,2,2018-01-14,2017/18,379,Pre-pandemic,358,21
0.09103064609683154,0.06504522105183752,0.11784041546511848,0.0171295814802507,0.1655984160515318,0.9943333333333333,220,Influenza A/H3,2018,3,2018-01-21,2017/18,386,Pre-pandemic,358,28
-3.1394909051041253e-4,-0.022003396003545506,0.022265797862344394,-0.06555943298275113,0.06335161170201462,0.49566666666666664,221,Influenza A/H3,2018,4,2018-01-28,2017/18,393,Pre-pandemic,358,35
-0.03993848451415882,-0.06811617164200401,-0.012825288924441569,-0.12335305775699315,0.04090160180767602,0.164,222,Influenza A/H3,2018,5,2018-02-04,2017/18,400,Pre-pandemic,358,42
-0.02214981180799125,-0.043450309612736326,1.2269445212531593e-4,-0.08724091314782864,0.04321699746353417,0.25233333333333335,223,Influenza A/H3,2018,6,2018-02-11,2017/18,407,Pre-pandemic,358,49
0.03879579793305821,0.016793877631675613,0.05938845050565833,-0.025680653014016053,0.0984360176936183,0.8866666666666667,224,Influenza A/H3,2018,7,2018-02-18,2017/18,414,Pre-pandemic,358,56
0.07015952151930671,0.04220106250840039,0.0967278587108269,-0.008460272096776666,0.14838528432056383,0.9556666666666667,225,Influenza A/H3,2018,8,2018-02-25,2017/18,421,Pre-pandemic,358,63
0.05459241611299559,0.03400236526115896,0.07661368025631554,-0.004449949026015499,0.11613796585417759,0.961,226,Influenza A/H3,2018,9,2018-03-04,2017/18,428,Pre-pandemic,358,70
0.0032482364896280203,-0.019021885511524506,0.025025033436159916,-0.06271880519234885,0.06815644812405536,0.5416666666666666,227,Influenza A/H3,2018,10,2018-03-11,2017/18,435,Pre-pandemic,358,77
-0.05516476057711861,-0.08296422791130009,-0.02599962402761191,-0.13729341080067567,0.031391052215399576,0.10033333333333333,228,Influenza A/H3,2018,11,2018-03-18,2017/18,442,Pre-pandemic,358,84
-0.10929831639473253,-0.13263549766509897,-0.08612867908208255,-0.17399873959440054,-0.04458903921426715,3.333333333333333e-4,229,Influenza A/H3,2018,12,2018-03-25,2017/18,449,Pre-pandemic,358,91
-0.16948641134669362,-0.19710488316031105,-0.14144511897104883,-0.25256682505555544,-0.08725330746848033,0,230,Influenza A/H3,2018,13,2018-04-01,2017/18,456,Pre-pandemic,358,98
-0.2628063211600109,-0.29961836328337266,-0.22937417483651124,-0.36754968563860146,-0.16401121891677872,0,231,Influenza A/H3,2018,14,2018-04-08,2017/18,463,Pre-pandemic,358,105
-0.40202274983840613,-0.4320723189436604,-0.37030527139446745,-0.49408715653991997,-0.3145057409374039,0,232,Influenza A/H3,2018,15,2018-04-15,2017/18,470,Pre-pandemic,358,112
-0.5622506607880129,-0.6067269514641127,-0.5161134841114794,-0.7029108004495384,-0.42796822798964307,0,233,Influenza A/H3,2018,16,2018-04-22,2017/18,477,Pre-pandemic,358,119
-0.6652256948678175,-0.7220397329422956,-0.6083323899999871,-0.8473189175530159,-0.4991357973237916,0,234,Influenza A/H3,2018,17,2018-04-29,2017/18,484,Pre-pandemic,358,126
-0.691723778433978,-0.7442325992846288,-0.6383939840860855,-0.8472865895386236,-0.5470919968777745,0,235,Influenza A/H3,2018,18,2018-05-06,2017/18,491,Pre-pandemic,358,133
-0.6444200805603024,-0.7007778528955723,-0.5884920504010352,-0.8140828585764587,-0.48282428428684876,0,236,Influenza A/H3,2018,19,2018-05-13,2017/18,498,Pre-pandemic,358,140
-0.5300270053525153,-0.5970931613089436,-0.46546430788370896,-0.735051121656187,-0.3410454918066767,0,237,Influenza A/H3,2018,20,2018-05-20,2017/18,505,Pre-pandemic,358,147
-0.35457614175185204,-0.41546505430927305,-0.2950963303899624,-0.5327688722497045,-0.18241703554334107,0,238,Influenza A/H3,2018,22,2018-06-03,2017/18,519,Pre-pandemic,358,161
-0.13330737025080097,-0.19934411495350707,-0.06784518714074894,-0.3308116871982997,0.05136818819448954,0.07766666666666666,239,Influenza A/H3,2018,25,2018-06-24,2017/18,540,Pre-pandemic,358,182
0.06401310369555602,-0.01275828368242482,0.13554924497736065,-0.16059369238997492,0.2758455741788251,0.715,240,Influenza A/H3,2018,40,2018-10-07,2018/19,280,Pre-pandemic,364,-84
0.2166699829291736,0.15039441709794743,0.2824555580248572,0.022950219930747983,0.4123762866122994,0.9843333333333333,241,Influenza A/H3,2018,41,2018-10-14,2018/19,287,Pre-pandemic,364,-77
0.32568820879545657,0.2573996683406644,0.3919842934652402,0.12718470774003468,0.5183884839977663,0.9993333333333333,242,Influenza A/H3,2018,42,2018-10-21,2018/19,294,Pre-pandemic,364,-70
0.3834950979292804,0.3084513619340594,0.45018799974336166,0.16370681465257622,0.600298867867463,0.9996666666666667,243,Influenza A/H3,2018,43,2018-10-28,2018/19,301,Pre-pandemic,364,-63
0.3826855479942777,0.32016021536727546,0.4422947889888147,0.1933790651779146,0.5747146274254765,1,244,Influenza A/H3,2018,44,2018-11-04,2018/19,308,Pre-pandemic,364,-56
0.3397087789685316,0.28066314125656056,0.39819753526792223,0.17513962213596124,0.5128756662249093,1,245,Influenza A/H3,2018,45,2018-11-11,2018/19,315,Pre-pandemic,364,-49
0.30516234453462965,0.2366095534628243,0.37442384110018745,0.11548392478943828,0.5049176038623205,0.9996666666666667,246,Influenza A/H3,2018,46,2018-11-18,2018/19,322,Pre-pandemic,364,-42
0.2877700200611808,0.2352621322216808,0.3458828661057669,0.13706224919249935,0.45993314356495413,1,247,Influenza A/H3,2018,47,2018-11-25,2018/19,329,Pre-pandemic,364,-35
0.29684714674078005,0.25282672989786237,0.34300652755382877,0.1715435409651749,0.43332556664819877,1,248,Influenza A/H3,2018,48,2018-12-02,2018/19,336,Pre-pandemic,364,-28
0.33512622871590914,0.28504059818950345,0.3873031629883228,0.19230495611950102,0.484445223236433,1,249,Influenza A/H3,2018,49,2018-12-09,2018/19,343,Pre-pandemic,364,-21
0.40189823946738024,0.3619373370588348,0.44431355852606713,0.2909397416445718,0.5244399930491078,1,250,Influenza A/H3,2018,50,2018-12-16,2018/19,350,Pre-pandemic,364,-14
0.4826860662379091,0.452994286614931,0.5116943563495255,0.40043001621538304,0.5688726378325037,1,251,Influenza A/H3,2018,51,2018-12-23,2018/19,357,Pre-pandemic,364,-7
0.49072485224203266,0.456605560470694,0.5250403744612617,0.3938276871389294,0.5958514817659415,1,252,Influenza A/H3,2018,52,2018-12-30,2018/19,364,Pre-pandemic,364,0
0.40824118085617256,0.3800087891978259,0.4373628294880567,0.3285689014710232,0.4947586631582034,1,253,Influenza A/H3,2018,1,2019-01-06,2018/19,371,Pre-pandemic,364,7
0.2639948481219281,0.24286001651707867,0.28334349707617656,0.20577740971767722,0.3200749311182367,1,254,Influenza A/H3,2019,2,2019-01-13,2018/19,378,Pre-pandemic,364,14
0.1617633447375706,0.1374319792781873,0.1872939412207093,0.09207910257117265,0.23302282387234477,1,255,Influenza A/H3,2019,3,2019-01-20,2018/19,385,Pre-pandemic,364,21
0.13139537617707875,0.11256711618014803,0.151431604135418,0.0800101918884163,0.1866149235782549,1,256,Influenza A/H3,2019,4,2019-01-27,2018/19,392,Pre-pandemic,364,28
0.14574537657790776,0.1284295708917238,0.16209528737014467,0.0949599532448581,0.19408456840650617,1,257,Influenza A/H3,2019,5,2019-02-03,2018/19,399,Pre-pandemic,364,35
0.09225388605441553,0.07019718136471331,0.11327760546716403,0.026831265756601042,0.1566447517343379,0.9956666666666667,258,Influenza A/H3,2019,6,2019-02-10,2018/19,406,Pre-pandemic,364,42
-0.0555805012223356,-0.07239861157211513,-0.03841939552979112,-0.10606907682990008,-0.006205231263321775,0.01633333333333333,259,Influenza A/H3,2019,7,2019-02-17,2018/19,413,Pre-pandemic,364,49
-0.26139529057753386,-0.28078227522628496,-0.24170887928901807,-0.31736123687846957,-0.2036464289394292,0,260,Influenza A/H3,2019,8,2019-02-24,2018/19,420,Pre-pandemic,364,56
-0.3812633313647775,-0.40632691648275365,-0.3561997549204201,-0.4546885229767701,-0.30837942803122953,0,261,Influenza A/H3,2019,9,2019-03-03,2018/19,427,Pre-pandemic,364,63
-0.3794523547177424,-0.39810729745562945,-0.36043005788501237,-0.43511291692821025,-0.32417255390229793,0,262,Influenza A/H3,2019,10,2019-03-10,2018/19,434,Pre-pandemic,364,70
-0.2815970667764409,-0.30755840749438357,-0.25745077708554165,-0.35485348206525186,-0.20814552832888425,0,263,Influenza A/H3,2019,11,2019-03-17,2018/19,441,Pre-pandemic,364,77
-0.1926555957269902,-0.22579207285147218,-0.161052056076888,-0.28342766456512963,-0.09931600776925456,6.666666666666666e-4,264,Influenza A/H3,2019,12,2019-03-24,2018/19,448,Pre-pandemic,364,84
-0.13804206580006584,-0.1618998571965926,-0.11324228296095096,-0.21047422115488065,-0.06709830896866019,6.666666666666666e-4,265,Influenza A/H3,2019,13,2019-03-31,2018/19,455,Pre-pandemic,364,91
-0.11744683311216209,-0.14848485953166235,-0.08770813845191694,-0.2123292279961116,-0.025597440254746213,0.005333333333333333,266,Influenza A/H3,2019,14,2019-04-07,2018/19,462,Pre-pandemic,364,98
-0.13971274181252502,-0.18019139741760326,-0.10035893634736137,-0.260071069162931,-0.02764115274166425,0.008333333333333333,267,Influenza A/H3,2019,15,2019-04-14,2018/19,469,Pre-pandemic,364,105
-0.20526494251895722,-0.23751189411294593,-0.1727934454417277,-0.30434464801132766,-0.10598065048191951,0,268,Influenza A/H3,2019,16,2019-04-21,2018/19,476,Pre-pandemic,364,112
-0.29214083282446124,-0.3338719698381236,-0.2552123052257895,-0.41288656824923003,-0.18544531220521177,0,269,Influenza A/H3,2019,17,2019-04-28,2018/19,483,Pre-pandemic,364,119
-0.3322129727211829,-0.3797602032932752,-0.2865204386580018,-0.4773234633134715,-0.19660255545049118,0,270,Influenza A/H3,2019,18,2019-05-05,2018/19,490,Pre-pandemic,364,126
-0.3044266821884203,-0.34382611010585684,-0.2652259087199158,-0.4202139806758253,-0.1934617065627244,0,271,Influenza A/H3,2019,19,2019-05-12,2018/19,497,Pre-pandemic,364,133
-0.21945320759991027,-0.26434095743796715,-0.17245685615915662,-0.35609660928392484,-0.08514458282841643,0,272,Influenza A/H3,2019,20,2019-05-19,2018/19,504,Pre-pandemic,364,140
-0.12843828570178184,-0.18560454969353857,-0.07217016271313637,-0.30102022602133705,0.03599514979936463,0.06466666666666666,273,Influenza A/H3,2019,40,2019-10-06,2019/20,279,Pre-pandemic,328,-49
-0.044235739815805974,-0.08958099350987814,9.079413325885355e-4,-0.17703635088326675,0.08766914283384618,0.25433333333333336,274,Influenza A/H3,2019,41,2019-10-13,2019/20,286,Pre-pandemic,328,-42
0.04024491147218079,-0.0020727765251720154,0.08102798177003856,-0.08398018980494992,0.16290297338726809,0.7383333333333333,275,Influenza A/H3,2019,42,2019-10-20,2019/20,293,Pre-pandemic,328,-35
0.15331801411422719,0.1008760917833662,0.20411517348565322,-0.0021871494571895586,0.3106867242916176,0.9733333333333334,276,Influenza A/H3,2019,43,2019-10-27,2019/20,300,Pre-pandemic,328,-28
0.3020895393687333,0.26002793405251,0.34371835240396864,0.17498989103856485,0.4348025012647496,1,277,Influenza A/H3,2019,44,2019-11-03,2019/20,307,Pre-pandemic,328,-21
0.46624894192300337,0.43237452307536817,0.5030920807759784,0.3645440871435621,0.5740940574976893,1,278,Influenza A/H3,2019,45,2019-11-10,2019/20,314,Pre-pandemic,328,-14
0.5671733008191424,0.5243007655964473,0.6114682681235615,0.44223555858180463,0.7006576901310606,1,279,Influenza A/H3,2019,46,2019-11-17,2019/20,321,Pre-pandemic,328,-7
0.5824143848251762,0.54675198761061,0.6184904066072141,0.4765599663117019,0.692092477002316,1,280,Influenza A/H3,2019,47,2019-11-24,2019/20,328,Pre-pandemic,328,0
0.506958504541386,0.47977241300298523,0.5327745053932587,0.43114019202689746,0.5804453208832628,1,281,Influenza A/H3,2019,48,2019-12-01,2019/20,335,Pre-pandemic,328,7
0.31572886969150726,0.28563053301554064,0.3426457203293576,0.23210273432944423,0.4021671394177261,1,282,Influenza A/H3,2019,1,2020-01-05,2019/20,370,Pre-pandemic,328,42
0.0015804833562871323,-0.020886621672681294,0.02430113436510495,-0.06353937575542036,0.06853111868553423,0.5156666666666667,283,Influenza A/H3,2020,2,2020-01-12,2019/20,377,Pre-pandemic,328,49
-0.3684035717888987,-0.3977068385499767,-0.3404599028429369,-0.45113960885136106,-0.2909740332884046,0,284,Influenza A/H3,2020,3,2020-01-19,2019/20,384,Pre-pandemic,328,56
-0.5427838975862693,-0.5808759277474973,-0.5095615996480769,-0.6484292255023224,-0.4444613202071885,0,285,Influenza A/H3,2020,4,2020-01-26,2019/20,391,Pre-pandemic,328,63
-0.45957425893327253,-0.48485165688329634,-0.43435549307433874,-0.5382672560881586,-0.3880952842067532,0,286,Influenza A/H3,2020,5,2020-02-02,2019/20,398,Pre-pandemic,328,70
-0.18391285318827366,-0.21277641241247047,-0.15676081993289226,-0.2684547205461191,-0.09942052183921254,0,287,Influenza A/H3,2020,6,2020-02-09,2019/20,405,Pre-pandemic,328,77
0.014873924800006044,-0.023308388241528144,0.05253477520153993,-0.09816868684172485,0.12716277411314006,0.6086666666666667,288,Influenza A/H3,2020,7,2020-02-16,2019/20,412,Pre-pandemic,328,84
0.06992174097968196,0.03931355786259294,0.10188032189332286,-0.02152890305227497,0.16023677649551035,0.9366666666666666,289,Influenza A/H3,2020,8,2020-02-23,2019/20,419,Pre-pandemic,328,91
0.0023626641442060503,-0.03481320940055865,0.03802904522546524,-0.10365120143469526,0.10583826082857016,0.5166666666666667,290,Influenza A/H3,2020,9,2020-03-01,2019/20,426,Pre-pandemic,328,98
-0.11801744052364693,-0.16100939729498775,-0.0751677358206877,-0.2514791802223435,0.01717835118259599,0.043,291,Influenza A/H3,2020,10,2020-03-08,2019/20,433,Pre-pandemic,328,105
-0.26801479361958114,-0.3061308707549426,-0.22736116427614705,-0.3823370279118076,-0.1558544050959411,0,292,Influenza A/H3,2020,11,2020-03-15,2019/20,440,Pre-pandemic,328,112
-0.4342404379268441,-0.48257916847553206,-0.38715413793280606,-0.5780312168174562,-0.30523996757570737,0,293,Influenza A/H3,2020,12,2020-03-22,2019/20,447,Pre-pandemic,328,119
-0.5663499713457836,-0.6239808822442721,-0.5123851787156286,-0.7444741166789107,-0.40485399807402617,0,294,Influenza A/H3,2020,13,2020-03-29,2019/20,454,Pre-pandemic,328,126
-0.6519565743347484,-0.7051353435196306,-0.6003789218728004,-0.8175016636731647,-0.5007523926673023,0,295,Influenza A/H3,2020,14,2020-04-05,2019/20,461,Pre-pandemic,328,133
-0.682643362305519,-0.7480224827610722,-0.6206319776975625,-0.886900092814078,-0.5080019466266793,0,296,Influenza A/H3,2020,15,2020-04-12,2019/20,468,Pre-pandemic,328,140
-0.642622523704856,-0.7207569442798462,-0.5663332434433697,-0.886051755612059,-0.4285823323553828,0,297,Influenza A/H3,2020,16,2020-04-19,2019/20,475,Pre-pandemic,328,147
-0.5256906959985813,-0.5975951497921983,-0.4549747301572816,-0.7391483059836038,-0.3182837936999379,0,298,Influenza A/H3,2020,17,2020-04-26,2019/20,482,Pre-pandemic,328,154
-0.34579822566632434,-0.4195007554562765,-0.272102550148521,-0.5729660941716016,-0.12402991171774522,0.0016666666666666668,299,Influenza A/H3,2020,18,2020-05-03,2019/20,489,Pre-pandemic,328,161
-0.16416563737725992,-0.2495071147695716,-0.0832497798491969,-0.4190484294268599,0.0834418113261308,0.09533333333333334,300,Influenza A/H3,2020,19,2020-05-10,2019/20,496,Pre-pandemic,328,168
-2.1226427657877744e-4,-0.07683131935513021,0.07692837999582963,-0.2340441529925804,0.22894970028068468,0.49933333333333335,301,Influenza A/H3,2020,20,2020-05-17,2019/20,503,Pre-pandemic,328,175
0.14275753251313672,0.06264676388418783,0.22508428132369096,-0.08313289174795159,0.37439024253104414,0.8896666666666667,302,Influenza A/H3,2020,40,2020-10-04,2020/21,278,During pandemic,508,-230
0.2326721864165378,0.14650890654865756,0.3220573785779708,-0.02074204563746506,0.48711907431762214,0.963,303,Influenza A/H3,2020,41,2020-10-11,2020/21,285,During pandemic,508,-223
0.26260541096659096,0.1829211797165829,0.3435636036718822,0.024011782196307313,0.4997580052642228,0.983,304,Influenza A/H3,2020,42,2020-10-18,2020/21,292,During pandemic,508,-216
0.23938174909663124,0.1574882110570443,0.31899378971550973,0.004435647073162797,0.4668642086895769,0.978,305,Influenza A/H3,2020,43,2020-10-25,2020/21,299,During pandemic,508,-209
0.19790825660651823,0.10811783145647036,0.2825985518350054,-0.052329000240569495,0.4473979729942628,0.935,306,Influenza A/H3,2020,44,2020-11-01,2020/21,306,During pandemic,508,-202
0.14837561680439615,0.06681725001485483,0.2257605174203734,-0.0832622552012835,0.38710413022972784,0.9043333333333333,307,Influenza A/H3,2020,45,2020-11-08,2020/21,313,During pandemic,508,-195
0.09338063004710295,0.018268533712596846,0.17107537316665844,-0.1343174705495451,0.318259101089151,0.802,308,Influenza A/H3,2020,46,2020-11-15,2020/21,320,During pandemic,508,-188
0.04517562163539601,-0.04134163960949311,0.12821740476165577,-0.2048605460511141,0.29553521434720975,0.6426666666666667,309,Influenza A/H3,2020,47,2020-11-22,2020/21,327,During pandemic,508,-181
4.52225187423938e-4,-0.07876512530669866,0.07498361828283806,-0.22027974246996038,0.22299184402596947,0.502,310,Influenza A/H3,2020,48,2020-11-29,2020/21,334,During pandemic,508,-174
-0.03579390440710206,-0.11193212141025555,0.035459538004047886,-0.25327132725577656,0.1745308230914385,0.36766666666666664,311,Influenza A/H3,2020,49,2020-12-06,2020/21,341,During pandemic,508,-167
-0.06293619745968337,-0.14242209069549716,0.019404364638913263,-0.2923929176142078,0.1699522960201443,0.308,312,Influenza A/H3,2020,50,2020-12-13,2020/21,348,During pandemic,508,-160
-0.07207494635893363,-0.14267136330744845,5.462662615364211e-4,-0.276770911180933,0.13842921658212157,0.25166666666666665,313,Influenza A/H3,2020,51,2020-12-20,2020/21,355,During pandemic,508,-153
-0.06521177971197378,-0.1432832777437104,0.007455275247593263,-0.2860688213819361,0.14697460035490176,0.27,314,Influenza A/H3,2020,52,2020-12-27,2020/21,362,During pandemic,508,-146
-0.0560586766950244,-0.14257536907141366,0.023681352157186142,-0.3081624794378315,0.17973879981057378,0.31833333333333336,315,Influenza A/H3,2020,53,2021-01-03,2020/21,368,During pandemic,508,-140
-0.045606612897165943,-0.12263162541438588,0.029961570962865336,-0.2699199083894535,0.1715696244385593,0.3413333333333333,316,Influenza A/H3,2021,1,2021-01-10,2020/21,375,During pandemic,508,-133
-0.03292273651355604,-0.10934072481479329,0.041370036590959836,-0.24936521266704736,0.18786116397191302,0.38533333333333336,317,Influenza A/H3,2021,2,2021-01-17,2020/21,382,During pandemic,508,-126
-0.028079380255487507,-0.10954412093233623,0.05849476111526286,-0.26898604672848214,0.21691459920140937,0.42333333333333334,318,Influenza A/H3,2021,3,2021-01-24,2020/21,389,During pandemic,508,-119
-0.028666692872293842,-0.10575530352644646,0.049846339726655864,-0.25765140189627095,0.20492568451709808,0.401,319,Influenza A/H3,2021,4,2021-01-31,2020/21,396,During pandemic,508,-112
-0.0387329835312642,-0.1183274650095012,0.0431486664054771,-0.27306492523756304,0.2015009627842675,0.371,320,Influenza A/H3,2021,5,2021-02-07,2020/21,403,During pandemic,508,-105
-0.05436743804171351,-0.14071712306346396,0.03068068091184284,-0.31484127588052674,0.19908079980511567,0.33266666666666667,321,Influenza A/H3,2021,6,2021-02-14,2020/21,410,During pandemic,508,-98
-0.07971546762060133,-0.1560530036146499,-0.0026387360526070047,-0.3129053026185987,0.14848167715640712,0.24366666666666667,322,Influenza A/H3,2021,7,2021-02-21,2020/21,417,During pandemic,508,-91
-0.10710879455228728,-0.18693455162643496,-0.02800344247633113,-0.3565860130705517,0.11763254770966126,0.181,323,Influenza A/H3,2021,8,2021-02-28,2020/21,424,During pandemic,508,-84
-0.12407713590811154,-0.21509492588625695,-0.03527747081973215,-0.39144963548351747,0.13665963876403267,0.17366666666666666,324,Influenza A/H3,2021,9,2021-03-07,2020/21,431,During pandemic,508,-77
-0.12593203489241422,-0.2084676524395333,-0.038880730005791786,-0.3673230307326018,0.12368879293385228,0.15933333333333333,325,Influenza A/H3,2021,10,2021-03-14,2020/21,438,During pandemic,508,-70
-0.11069563289945794,-0.19384469608210075,-0.02853504913175925,-0.3523569506106602,0.13160820996416744,0.18933333333333333,326,Influenza A/H3,2021,11,2021-03-21,2020/21,445,During pandemic,508,-63
-0.08629784928071016,-0.17391241233425253,0.007599017593095558,-0.34773469506518145,0.18060544946047205,0.27066666666666667,327,Influenza A/H3,2021,12,2021-03-28,2020/21,452,During pandemic,508,-56
-0.044973243942242114,-0.12564319557899556,0.03690427398444779,-0.2820435987568567,0.1932471546263815,0.356,328,Influenza A/H3,2021,13,2021-04-04,2020/21,459,During pandemic,508,-49
0.0071756613130068425,-0.07193496258863363,0.08623021096578931,-0.22892793573491566,0.23349889825591905,0.525,329,Influenza A/H3,2021,14,2021-04-11,2020/21,466,During pandemic,508,-42
0.07498890213801657,-0.008264196777500954,0.16058965727122188,-0.17451615220096264,0.3182406653114614,0.7233333333333334,330,Influenza A/H3,2021,15,2021-04-18,2020/21,473,During pandemic,508,-35
0.16023079742864976,0.07837761412669009,0.23217873464481137,-0.05617336389424677,0.3779431496070818,0.9216666666666666,331,Influenza A/H3,2021,16,2021-04-25,2020/21,480,During pandemic,508,-28
0.2548693758552898,0.1778717950650427,0.3277574519311987,0.03465705327658853,0.4665214486392954,0.9883333333333333,332,Influenza A/H3,2021,17,2021-05-02,2020/21,487,During pandemic,508,-21
0.3481132962176485,0.2627569078837422,0.42991586999207954,0.10798867204259031,0.5857603274379415,0.9973333333333333,333,Influenza A/H3,2021,18,2021-05-09,2020/21,494,During pandemic,508,-14
0.4396089092691877,0.3614787070521436,0.5137058422041837,0.22454290861441178,0.6627077895308446,1,334,Influenza A/H3,2021,19,2021-05-16,2020/21,501,During pandemic,508,-7
0.5081573266530084,0.4380345767628421,0.5794928852744389,0.3058977071479693,0.7184922379936097,1,335,Influenza A/H3,2021,20,2021-05-23,2020/21,508,During pandemic,508,0
0.4906678020244084,0.4183841743688008,0.5659869974388333,0.2684508369296156,0.7098596199280571,1,336,Influenza A/H3,2021,40,2021-10-10,2021/22,283,During pandemic,283,0
0.3676420328824892,0.3116084016317239,0.4302678704167471,0.19449134287605305,0.5509269309387079,1,337,Influenza A/H3,2021,41,2021-10-17,2021/22,290,During pandemic,283,7
0.17488386651471055,0.12019687541384383,0.23040178830587155,0.022711047086958917,0.33661323602881155,0.988,338,Influenza A/H3,2021,42,2021-10-24,2021/22,297,During pandemic,283,14
0.030772666459065512,-0.036168653227045544,0.09474606968095967,-0.15769879673925927,0.2172751155439531,0.617,339,Influenza A/H3,2021,43,2021-10-31,2021/22,304,During pandemic,283,21
-0.03545618335405676,-0.09095644552886051,0.02363178811000588,-0.20083605922655365,0.1336541405333551,0.3443333333333333,340,Influenza A/H3,2021,44,2021-11-07,2021/22,311,During pandemic,283,28
-0.027855653109147394,-0.07844427864022618,0.023192722797273024,-0.17584889180997115,0.12629694539211211,0.356,341,Influenza A/H3,2021,45,2021-11-14,2021/22,318,During pandemic,283,35
0.007646824220387316,-0.04689372194532759,0.06365034480509779,-0.15628960930360095,0.17623348864964036,0.5293333333333333,342,Influenza A/H3,2021,46,2021-11-21,2021/22,325,During pandemic,283,42
0.05972529054624376,0.01623219380610208,0.10573642910413583,-0.07372049710232123,0.1979403987684789,0.8193333333333334,343,Influenza A/H3,2021,47,2021-11-28,2021/22,332,During pandemic,283,49
0.11714704797834141,0.07064110318155259,0.16449758152864424,-0.015095151930360949,0.25058807537683214,0.9553333333333334,344,Influenza A/H3,2021,48,2021-12-05,2021/22,339,During pandemic,283,56
0.12600631626965875,0.06760336774182463,0.1830718613635809,-0.03344979947386664,0.290214479393928,0.9303333333333333,345,Influenza A/H3,2021,49,2021-12-12,2021/22,346,During pandemic,283,63
0.07048458354480314,0.023036961035245884,0.12003972260766527,-0.06523822760225984,0.2142544717833462,0.838,346,Influenza A/H3,2021,50,2021-12-19,2021/22,353,During pandemic,283,70
-0.02915046491091422,-0.07966167368635002,0.017904210026779,-0.17062107065265836,0.10973383739514189,0.335,347,Influenza A/H3,2021,51,2021-12-26,2021/22,360,During pandemic,283,77
-0.11538446891333054,-0.17268478024262368,-0.05950212153661494,-0.2803359152898667,0.053960602062830494,0.08666666666666667,348,Influenza A/H3,2021,52,2022-01-02,2021/22,367,During pandemic,283,84
-0.16810123942236688,-0.21673568188232784,-0.11844877114646146,-0.30849207423970637,-0.02586973358552701,0.011333333333333334,349,Influenza A/H3,2022,1,2022-01-09,2021/22,374,During pandemic,283,91
-0.18596622199781976,-0.23529753509470774,-0.13594540271645728,-0.3387987427395777,-0.03372418158716499,0.008666666666666666,350,Influenza A/H3,2022,2,2022-01-16,2021/22,381,During pandemic,283,98
-0.15736166871129154,-0.21713084641404112,-0.09952815485464839,-0.33550071829887956,0.014119801451785045,0.03966666666666667,351,Influenza A/H3,2022,3,2022-01-23,2021/22,388,During pandemic,283,105
-0.0807566909247639,-0.1304569719795583,-0.032448705065587946,-0.22658122878791254,0.06855415608917954,0.13133333333333333,352,Influenza A/H3,2022,4,2022-01-30,2021/22,395,During pandemic,283,112
0.03504829970464396,-0.017040939532617316,0.08155049992570684,-0.10550348194720584,0.17722361084659258,0.68,353,Influenza A/H3,2022,5,2022-02-06,2021/22,402,During pandemic,283,119
0.14671491197893838,0.0881181506235158,0.2049525921084021,-0.02112142919680522,0.3178182828334403,0.9543333333333334,354,Influenza A/H3,2022,6,2022-02-13,2021/22,409,During pandemic,283,126
0.24504340959317616,0.20029388548852234,0.294143446436959,0.11269830792853383,0.38586107870780406,1,355,Influenza A/H3,2022,7,2022-02-20,2021/22,416,During pandemic,283,133
0.331700500011312,0.2893326479041227,0.3733173075796641,0.2106917066936899,0.4520069982312151,1,356,Influenza A/H3,2022,8,2022-02-27,2021/22,423,During pandemic,283,140
0.3848548346312559,0.33371838619193506,0.43413849337803767,0.24129375352812227,0.5433044947963976,1,357,Influenza A/H3,2022,9,2022-03-06,2021/22,430,During pandemic,283,147
0.402049759758186,0.3629049708864731,0.4452144682552137,0.28618418692786757,0.5346025066807188,1,358,Influenza A/H3,2022,10,2022-03-13,2021/22,437,During pandemic,283,154
0.3863412072688486,0.3527090984019601,0.4187591452258228,0.2884864783235183,0.4843407317893371,1,359,Influenza A/H3,2022,11,2022-03-20,2021/22,444,During pandemic,283,161
0.3232772675763149,0.28559600282604025,0.3608331621751286,0.21253778686925526,0.4409331991328888,1,360,Influenza A/H3,2022,12,2022-03-27,2021/22,451,During pandemic,283,168
0.21400210523642382,0.18319651742882836,0.24413516110684985,0.12345712991103595,0.3065514241334785,1,361,Influenza A/H3,2022,13,2022-04-03,2021/22,458,During pandemic,283,175
0.0717505433668566,0.04438533651571319,0.09953253245862359,-0.006410234905652645,0.15336276387599462,0.963,362,Influenza A/H3,2022,14,2022-04-10,2021/22,465,During pandemic,283,182
-0.05118143138761644,-0.08558360538469789,-0.017926210162343192,-0.15042035876348236,0.05023205434681202,0.147,363,Influenza A/H3,2022,15,2022-04-17,2021/22,472,During pandemic,283,189
-0.1429925474512066,-0.1698247692658852,-0.11601013374722524,-0.22001499418533554,-0.06539717905043181,0,364,Influenza A/H3,2022,16,2022-04-24,2021/22,479,During pandemic,283,196
-0.20516451092748555,-0.23533636974994376,-0.1736391888299167,-0.2931596731154752,-0.11689619422588803,0,365,Influenza A/H3,2022,17,2022-05-01,2021/22,486,During pandemic,283,203
-0.24835123796339698,-0.28702712787190054,-0.20838595106264135,-0.36184762192618186,-0.13275934554536745,0,366,Influenza A/H3,2022,18,2022-05-08,2021/22,493,During pandemic,283,210
-0.2756685387113027,-0.3086168801986682,-0.24289876247671982,-0.3703069186151037,-0.18437309356737067,0,367,Influenza A/H3,2022,19,2022-05-15,2021/22,500,During pandemic,283,217
-0.2846493497286531,-0.32388018348401815,-0.2468991395055793,-0.3960922903937621,-0.18065955968471148,0,368,Influenza A/H3,2022,20,2022-05-22,2021/22,507,During pandemic,283,224
-0.27561199064480757,-0.32276600788270904,-0.22680503688279918,-0.4125422702707857,-0.13836910883602038,0,369,Influenza A/H3,2022,21,2022-05-29,2021/22,514,During pandemic,283,231
-0.24526325158328843,-0.28460455734626167,-0.20406046915174159,-0.3661581519371217,-0.12745519864879673,0,370,Influenza A/H3,2022,22,2022-06-05,2021/22,521,During pandemic,283,238
-0.1965882091771527,-0.24059852772311108,-0.15326077071778044,-0.32887211001446587,-0.06198784182771491,0.0016666666666666668,371,Influenza A/H3,2022,23,2022-06-12,2021/22,528,During pandemic,283,245
-0.14419645039620432,-0.19820960220113237,-0.09403101739205177,-0.30742971095412275,0.011802702644716728,0.035,372,Influenza A/H3,2022,24,2022-06-19,2021/22,535,During pandemic,283,252
-0.09529656325789349,-0.141110037482169,-0.05072525312916265,-0.2259821526817425,0.03289639041203371,0.07866666666666666,373,Influenza A/H3,2022,25,2022-06-26,2021/22,542,During pandemic,283,259
-0.04883702491666053,-0.09947867660415555,0.0031995888467419853,-0.19692306550486105,0.08991341547625291,0.2643333333333333,374,Influenza A/H3,2022,26,2022-07-03,2022/23,184,Post-pandemic,345,-161
-0.014664965056122803,-0.07340467803993356,0.04601457795462016,-0.1923834595098591,0.15470064379124854,0.433,375,Influenza A/H3,2022,27,2022-07-10,2022/23,191,Post-pandemic,345,-154
0.003948582431808401,-0.04544117509943635,0.05617397647764255,-0.1428500958129657,0.14759616693017574,0.5203333333333333,376,Influenza A/H3,2022,28,2022-07-17,2022/23,198,Post-pandemic,345,-147
0.014484362133797113,-0.035155903967981184,0.06126345075256556,-0.1333704704548439,0.15863581796487436,0.572,377,Influenza A/H3,2022,29,2022-07-24,2022/23,205,Post-pandemic,345,-140
0.023614477104882958,-0.03405599561811101,0.08009645620461314,-0.14679381469980396,0.19180460244567366,0.604,378,Influenza A/H3,2022,30,2022-07-31,2022/23,212,Post-pandemic,345,-133
0.036124516993848665,-0.01017240690760457,0.08757660052977623,-0.1073084629578144,0.18783925388448705,0.7076666666666667,379,Influenza A/H3,2022,31,2022-08-07,2022/23,219,Post-pandemic,345,-126
0.0526399204026875,0.004198228853382835,0.10356635676553827,-0.0923890236222405,0.20381090526429343,0.7706666666666667,380,Influenza A/H3,2022,32,2022-08-14,2022/23,226,Post-pandemic,345,-119
0.04918031129418221,-0.008009188722229332,0.10839093067125782,-0.11558707078374947,0.22232863768634903,0.7193333333333334,381,Influenza A/H3,2022,33,2022-08-21,2022/23,233,Post-pandemic,345,-112
0.023455990522772918,-0.024801529156413427,0.07175371747167802,-0.11648853314175636,0.16621864685851384,0.629,382,Influenza A/H3,2022,34,2022-08-28,2022/23,240,Post-pandemic,345,-105
-0.005735976050253999,-0.05286216366700236,0.035306082695732766,-0.13942402617639857,0.1238632544160299,0.46366666666666667,383,Influenza A/H3,2022,35,2022-09-04,2022/23,247,Post-pandemic,345,-98
0.028638664104185363,-0.02470278599125142,0.08221038799697644,-0.1271231531906259,0.18531583530997953,0.6413333333333333,384,Influenza A/H3,2022,36,2022-09-11,2022/23,254,Post-pandemic,345,-91
0.15156531883388746,0.1089145551749513,0.1949454696903501,0.029806119132025022,0.28469660462465946,0.9906666666666667,385,Influenza A/H3,2022,37,2022-09-18,2022/23,261,Post-pandemic,345,-84
0.3297973564033816,0.2922701560152996,0.3680629411896754,0.22122776233039165,0.4468851181878779,1,386,Influenza A/H3,2022,38,2022-09-25,2022/23,268,Post-pandemic,345,-77
0.4421383727389281,0.3946366350732744,0.4904959637138433,0.3065373768609109,0.5817629429328558,1,387,Influenza A/H3,2022,39,2022-10-02,2022/23,275,Post-pandemic,345,-70
0.4550619101713895,0.4178971605130264,0.49391981723980716,0.34318464752237376,0.5698781792475104,1,388,Influenza A/H3,2022,40,2022-10-09,2022/23,282,Post-pandemic,345,-63
0.38535517482970905,0.35731354974335683,0.4133396010484145,0.3076019027107099,0.4675523573966222,1,389,Influenza A/H3,2022,41,2022-10-16,2022/23,289,Post-pandemic,345,-56
0.29156793227629274,0.25941965682897616,0.32446958072739873,0.1937233349713149,0.39409755006199826,1,390,Influenza A/H3,2022,42,2022-10-23,2022/23,296,Post-pandemic,345,-49
0.18935212127093815,0.16364815191842608,0.21679993713179413,0.11069683542750741,0.2737152013205651,1,391,Influenza A/H3,2022,43,2022-10-30,2022/23,303,Post-pandemic,345,-42
0.09904048130376708,0.07974913951126195,0.11924227714115831,0.04283206016083008,0.15682592387702,1,392,Influenza A/H3,2022,44,2022-11-06,2022/23,310,Post-pandemic,345,-35
0.09458299911756596,0.06976445425462363,0.11938572288584659,0.022462846950753956,0.16909540687995284,0.9953333333333333,393,Influenza A/H3,2022,45,2022-11-13,2022/23,317,Post-pandemic,345,-28
0.19471876482109218,0.17453695646271994,0.21411912134673372,0.13597534502937972,0.25256907262892064,1,394,Influenza A/H3,2022,46,2022-11-20,2022/23,324,Post-pandemic,345,-21
0.36917482166659266,0.35593090438227293,0.38260880189761814,0.330334760758399,0.40766649556170825,1,395,Influenza A/H3,2022,47,2022-11-27,2022/23,331,Post-pandemic,345,-14
0.49730391396118057,0.47875883873031433,0.5159151762945322,0.4436673596044981,0.5499387306340978,1,396,Influenza A/H3,2022,48,2022-12-04,2022/23,338,Post-pandemic,345,-7
0.5487030215128987,0.5334263196464457,0.5639208779374347,0.5063393448674425,0.591492886713821,1,397,Influenza A/H3,2022,49,2022-12-11,2022/23,345,Post-pandemic,345,0
0.5021926096239442,0.49129043333607125,0.5128157064780217,0.4714028098118658,0.5327923064557343,1,398,Influenza A/H3,2022,50,2022-12-18,2022/23,352,Post-pandemic,345,7
0.2750962216265833,0.26175737677274524,0.28813177147964986,0.23514993234295614,0.3119427618398133,1,399,Influenza A/H3,2022,51,2022-12-25,2022/23,359,Post-pandemic,345,14
-0.15386714938529522,-0.16470682461697983,-0.14379276546847342,-0.18413504537662537,-0.12405230121616104,0,400,Influenza A/H3,2022,52,2023-01-01,2022/23,366,Post-pandemic,345,21
-0.6925824414353414,-0.7084455040513644,-0.6763349465580077,-0.7403844953363314,-0.646633333748032,0,401,Influenza A/H3,2023,1,2023-01-08,2022/23,373,Post-pandemic,345,28
-0.9705857810726517,-0.991312832861537,-0.9515604152759782,-1.0317105821959898,-0.912250069417452,0,402,Influenza A/H3,2023,2,2023-01-15,2022/23,380,Post-pandemic,345,35
-0.8981863407780271,-0.914155033274199,-0.8815142027157679,-0.9458297037295158,-0.8522227249322135,0,403,Influenza A/H3,2023,3,2023-01-22,2022/23,387,Post-pandemic,345,42
-0.5507669334479615,-0.5776698834824336,-0.525782841201631,-0.6269485668177212,-0.4777344252863731,0,404,Influenza A/H3,2023,4,2023-01-29,2022/23,394,Post-pandemic,345,49
-0.2487931536666541,-0.2801748021902781,-0.21739967039902353,-0.3427590406502001,-0.158595671593299,0,405,Influenza A/H3,2023,5,2023-02-05,2022/23,401,Post-pandemic,345,56
-0.06957983020365788,-0.0957400237565833,-0.044808118182156464,-0.14386309274016343,-6.863743758540224e-4,0.023666666666666666,406,Influenza A/H3,2023,6,2023-02-12,2022/23,408,Post-pandemic,345,63
-0.006029834140038215,-0.03891651974757715,0.025191919258972684,-0.10250627685320857,0.08452437563414765,0.44466666666666665,407,Influenza A/H3,2023,7,2023-02-19,2022/23,415,Post-pandemic,345,70
-0.02833974358122271,-0.07013800193135977,0.01004951414560451,-0.14191901527409487,0.08215504650809433,0.30866666666666664,408,Influenza A/H3,2023,8,2023-02-26,2022/23,422,Post-pandemic,345,77
-0.12993261573543435,-0.16425303573984773,-0.09701682384270982,-0.22422208967947543,-0.035936312506865964,0.003,409,Influenza A/H3,2023,9,2023-03-05,2022/23,429,Post-pandemic,345,84
-0.2814042663354739,-0.322447748327354,-0.24049536402161364,-0.40951651113675686,-0.16011561156482151,0,410,Influenza A/H3,2023,10,2023-03-12,2022/23,436,Post-pandemic,345,91
-0.37358657003802165,-0.4235514414133672,-0.3219522874040781,-0.5299628336909257,-0.22097351781430813,0,411,Influenza A/H3,2023,11,2023-03-19,2022/23,443,Post-pandemic,345,98
-0.37625760780556927,-0.4206256304584599,-0.33489584062415845,-0.5092552022781849,-0.2518702355130133,0,412,Influenza A/H3,2023,12,2023-03-26,2022/23,450,Post-pandemic,345,105
-0.3093286071785806,-0.35785827876017606,-0.26111675520013167,-0.46161750757376263,-0.17010924459428026,0,413,Influenza A/H3,2023,13,2023-04-02,2022/23,457,Post-pandemic,345,112
-0.23636411128361168,-0.30008248789330216,-0.17785842782462513,-0.41161415647794797,-0.06698733076057224,0.002,414,Influenza A/H3,2023,14,2023-04-09,2022/23,464,Post-pandemic,345,119
-0.1750896824431203,-0.23176142521169807,-0.12482493249114901,-0.3299886811354384,-0.03006855889232919,0.01,415,Influenza A/H3,2023,15,2023-04-16,2022/23,471,Post-pandemic,345,126
-0.12594329153903017,-0.18372913657534706,-0.07244941894220835,-0.2857923654665872,0.032866850421275295,0.06233333333333333,416,Influenza A/H3,2023,16,2023-04-23,2022/23,478,Post-pandemic,345,133
-0.09041687906409623,-0.15748040785178374,-0.0275024590424654,-0.27749396601577864,0.09911540755104811,0.176,417,Influenza A/H3,2023,17,2023-04-30,2022/23,485,Post-pandemic,345,140
-0.06647370163253674,-0.1271933067017159,-0.009036124487669439,-0.23393502274350253,0.10520229352939145,0.21466666666666667,418,Influenza A/H3,2023,18,2023-05-07,2022/23,492,Post-pandemic,345,147
-0.05338566361550634,-0.11068420707500459,0.004414274759088177,-0.22519887914088857,0.11524786522658242,0.266,419,Influenza A/H3,2023,19,2023-05-14,2022/23,499,Post-pandemic,345,154
-0.039405411328560236,-0.10529308468725451,0.030950384064002745,-0.23594780136201388,0.16239522506520904,0.34833333333333333,420,Influenza A/H3,2023,20,2023-05-21,2022/23,506,Post-pandemic,345,161
-0.01544490204178861,-0.07444090199126452,0.04002483854832939,-0.19713309997339876,0.167338466998895,0.42933333333333334,421,Influenza A/H3,2023,21,2023-05-28,2022/23,513,Post-pandemic,345,168
0.01044564439192075,-0.052910482046298224,0.07179923366908703,-0.17012324095364953,0.19679954931914584,0.5486666666666666,422,Influenza A/H3,2023,22,2023-06-04,2022/23,520,Post-pandemic,345,175
0.028249964552306883,-0.042107410834792636,0.09921694803043635,-0.17312019463793057,0.23714987758747647,0.6113333333333333,423,Influenza A/H3,2023,23,2023-06-11,2022/23,527,Post-pandemic,345,182
0.040286427400796576,-0.021118431992269704,0.09948596962112966,-0.13954607757911552,0.2267713858345939,0.6653333333333333,424,Influenza A/H3,2023,24,2023-06-18,2022/23,534,Post-pandemic,345,189
0.04300564254413741,-0.01847937437065994,0.102778756766996,-0.13945596899271528,0.22749794792705197,0.677,425,Influenza A/H3,2023,25,2023-06-25,2022/23,541,Post-pandemic,345,196
0.04265441146304694,-0.0312931507573454,0.11204068857205163,-0.15559153960242095,0.24917931395293924,0.654,426,Influenza A/H3,2023,26,2023-07-02,2023/24,183,Post-pandemic,344,-161
0.039217631384908636,-0.024785474552062148,0.09790296110234342,-0.14214920812247375,0.2192134738867971,0.6623333333333333,427,Influenza A/H3,2023,27,2023-07-09,2023/24,190,Post-pandemic,344,-154
0.03227730513925664,-0.029224484154871,0.09086590874182932,-0.14392530144519203,0.2005339029268334,0.635,428,Influenza A/H3,2023,28,2023-07-16,2023/24,197,Post-pandemic,344,-147
0.02257352132890289,-0.04785093905437321,0.08939808801453697,-0.17720768533145848,0.22476830540611253,0.5853333333333334,429,Influenza A/H3,2023,29,2023-07-23,2023/24,204,Post-pandemic,344,-140
0.01226996563138183,-0.04866772396888197,0.06974641945392868,-0.15667031649515303,0.18408878474483217,0.5473333333333333,430,Influenza A/H3,2023,30,2023-07-30,2023/24,211,Post-pandemic,344,-133
0.0018830386962951362,-0.05615077181002537,0.06104896131959092,-0.1584746525064271,0.16339648567161602,0.5113333333333333,431,Influenza A/H3,2023,31,2023-08-06,2023/24,218,Post-pandemic,344,-126
0.009929208341214357,-0.05731005468583228,0.07352789439616736,-0.17597235956788831,0.1967410684870499,0.542,432,Influenza A/H3,2023,32,2023-08-13,2023/24,225,Post-pandemic,344,-119
0.03269604282585825,-0.026211900315084025,0.08939182014589997,-0.13329755667364881,0.2008537717557865,0.6396666666666667,433,Influenza A/H3,2023,33,2023-08-20,2023/24,232,Post-pandemic,344,-112
0.0688588920163169,0.012152161463711564,0.12670965910672338,-0.09427550578739081,0.2400474816859224,0.7946666666666666,434,Influenza A/H3,2023,34,2023-08-27,2023/24,239,Post-pandemic,344,-105
0.09555052888461102,0.03119100278968523,0.16348903873542264,-0.084021094805877,0.2894331644326936,0.849,435,Influenza A/H3,2023,35,2023-09-03,2023/24,246,Post-pandemic,344,-98
0.11286934438590457,0.05661862255798322,0.16692627389509107,-0.03905474866452094,0.2722550029385558,0.9166666666666666,436,Influenza A/H3,2023,36,2023-09-10,2023/24,253,Post-pandemic,344,-91
0.11725114205350673,0.0643248878731375,0.16586907080285973,-0.03852466993272017,0.2661009667144437,0.9316666666666666,437,Influenza A/H3,2023,37,2023-09-17,2023/24,260,Post-pandemic,344,-84
0.11409669875772321,0.05443716181644431,0.16993051821532812,-0.05848636993921821,0.29610260247461184,0.9023333333333333,438,Influenza A/H3,2023,38,2023-09-24,2023/24,267,Post-pandemic,344,-77
0.10978462278866585,0.060844309770308413,0.15865183112583314,-0.037913468995712,0.26239500404386745,0.928,439,Influenza A/H3,2023,39,2023-10-01,2023/24,274,Post-pandemic,344,-70
0.10715635575290383,0.05992699043598715,0.1564999124185209,-0.03550989140922453,0.24514184347846255,0.932,440,Influenza A/H3,2023,40,2023-10-08,2023/24,281,Post-pandemic,344,-63
0.11041168202748075,0.05392743548074841,0.16270689933952864,-0.050303505672783154,0.27538307051012983,0.9106666666666666,441,Influenza A/H3,2023,41,2023-10-15,2023/24,288,Post-pandemic,344,-56
0.12118862081676873,0.07572642756614156,0.16441679796397524,-0.008359965938179462,0.2573454894910866,0.9643333333333334,442,Influenza A/H3,2023,42,2023-10-22,2023/24,295,Post-pandemic,344,-49
0.14168381143270592,0.10131104424993986,0.18226771167169797,0.022682371158162497,0.26393790850942744,0.987,443,Influenza A/H3,2023,43,2023-10-29,2023/24,302,Post-pandemic,344,-42
0.17519189007877545,0.12691274252924067,0.22519415890899364,0.03806475538833925,0.31747740831159904,0.994,444,Influenza A/H3,2023,44,2023-11-05,2023/24,309,Post-pandemic,344,-35
0.22206793821572335,0.1829019016128377,0.25882905683151747,0.10936193767469499,0.3377940392637569,1,445,Influenza A/H3,2023,45,2023-11-12,2023/24,316,Post-pandemic,344,-28
0.2836702181500321,0.25259035466802415,0.3150396006888898,0.189989126926456,0.3761022733470654,1,446,Influenza A/H3,2023,46,2023-11-19,2023/24,323,Post-pandemic,344,-21
0.3687813703240015,0.32945974841755854,0.40726491438777135,0.2504513781185122,0.4903411505093792,1,447,Influenza A/H3,2023,47,2023-11-26,2023/24,330,Post-pandemic,344,-14
0.4787930719624476,0.4490257746495965,0.5093854389643215,0.38741206897056896,0.5783931939490745,1,448,Influenza A/H3,2023,48,2023-12-03,2023/24,337,Post-pandemic,344,-7
0.5846863276040195,0.5634427656945518,0.6044502832714316,0.5267537478286404,0.6486700570755487,1,449,Influenza A/H3,2023,49,2023-12-10,2023/24,344,Post-pandemic,344,0
0.5627050293246993,0.5361220501250827,0.5882558343911202,0.48797904993251934,0.6442414002726873,1,450,Influenza A/H3,2023,50,2023-12-17,2023/24,351,Post-pandemic,344,7
0.38342796614346897,0.3624595724828308,0.40410677645039095,0.32162793647749943,0.4469058975146694,1,451,Influenza A/H3,2023,51,2023-12-24,2023/24,358,Post-pandemic,344,14
0.10350813198707343,0.0902148767554607,0.11826971780377749,0.063032461574669435,0.14569797472017376,1,452,Influenza A/H3,2023,52,2023-12-31,2023/24,365,Post-pandemic,344,21
-0.04515807028406282,-0.06267312977539596,-0.025911884976845823,-0.10079153301221004,0.009384015886235376,0.051,453,Influenza A/H3,2024,1,2024-01-07,2023/24,372,Post-pandemic,344,28
-0.005190892857906526,-0.019598332709092503,0.009617192766947724,-0.048500450303091955,0.036311913393883975,0.4073333333333333,454,Influenza A/H3,2024,2,2024-01-14,2023/24,379,Post-pandemic,344,35
0.1621961689262763,0.1502951937433341,0.17402074273339707,0.12537279055495537,0.19586866692548793,1,455,Influenza A/H3,2024,3,2024-01-21,2023/24,386,Post-pandemic,344,42
0.21071583105755565,0.19471803132920806,0.22654721404335998,0.16117689845271949,0.2585629881768632,1,456,Influenza A/H3,2024,4,2024-01-28,2023/24,393,Post-pandemic,344,49
0.0801441539814931,0.06750755069984749,0.0925880049955441,0.04388454270685584,0.1165451742044124,1,457,Influenza A/H3,2024,5,2024-02-04,2023/24,400,Post-pandemic,344,56
-0.17370315897928013,-0.18847370336591807,-0.1594854881799903,-0.21668218610004983,-0.1308605702732421,0,458,Influenza A/H3,2024,6,2024-02-11,2023/24,407,Post-pandemic,344,63
-0.32677077267032395,-0.3453470698111136,-0.30728685568171965,-0.3809380115355355,-0.27301891363042957,0,459,Influenza A/H3,2024,7,2024-02-18,2023/24,414,Post-pandemic,344,70
-0.3217561725640472,-0.3353457259536343,-0.3087672216057211,-0.35986129848131476,-0.28342225082797773,0,460,Influenza A/H3,2024,8,2024-02-25,2023/24,421,Post-pandemic,344,77
-0.20004689983302582,-0.2176922518000315,-0.18117809471272994,-0.2521785073461875,-0.14945803529582322,0,461,Influenza A/H3,2024,9,2024-03-03,2023/24,428,Post-pandemic,344,84
-0.12247631164741435,-0.14495508336401564,-0.09878817441872423,-0.18955447442915752,-0.054764503290934685,0,462,Influenza A/H3,2024,10,2024-03-10,2023/24,435,Post-pandemic,344,91
-0.128367940751847,-0.1454660981977709,-0.11059325176110879,-0.17899862125394495,-0.07839343062888542,0,463,Influenza A/H3,2024,11,2024-03-17,2023/24,442,Post-pandemic,344,98
-0.19839958219685805,-0.22319209351494318,-0.17533348430048812,-0.2658466233085816,-0.13267551055058188,0,464,Influenza A/H3,2024,12,2024-03-24,2023/24,449,Post-pandemic,344,105
-0.25583196091653626,-0.2864542714700955,-0.2278227352461102,-0.34072755881723593,-0.17298655815210123,0,465,Influenza A/H3,2024,13,2024-03-31,2023/24,456,Post-pandemic,344,112
-0.28081085418821017,-0.3022298514189521,-0.2582083912802231,-0.347350489427878,-0.21466015206582684,0,466,Influenza A/H3,2024,14,2024-04-07,2023/24,463,Post-pandemic,344,119
-0.27492756017572884,-0.305079486785236,-0.24443512725901306,-0.3600479841071253,-0.19138276779509097,0,467,Influenza A/H3,2024,15,2024-04-14,2023/24,470,Post-pandemic,344,126
-0.2550667866182663,-0.29436258676911087,-0.21747389263176164,-0.36329153509773865,-0.14914862040133978,0,468,Influenza A/H3,2024,16,2024-04-21,2023/24,477,Post-pandemic,344,133
-0.2275343701973478,-0.25928446937757466,-0.19622139824003804,-0.316133962506051,-0.14191061480170955,0,469,Influenza A/H3,2024,17,2024-04-28,2023/24,484,Post-pandemic,344,140
-0.19298151274224562,-0.23017034082907384,-0.1579057601676983,-0.30181440858989445,-0.09531637816745399,0,470,Influenza A/H3,2024,18,2024-05-05,2023/24,491,Post-pandemic,344,147
-0.1744358207725587,-0.2197572195568147,-0.1311916594490492,-0.30199685633552664,-0.05088979136244073,0.0023333333333333335,471,Influenza A/H3,2024,19,2024-05-12,2023/24,498,Post-pandemic,344,154
-0.1748890365238962,-0.21194918162328413,-0.14060500136233745,-0.27989613924150136,-0.07273826129302262,0,472,Influenza A/H3,2024,20,2024-05-19,2023/24,505,Post-pandemic,344,161
-0.18079586894987187,-0.22291735812589542,-0.13972833630217285,-0.30567552172577983,-0.06366834045356749,6.666666666666666e-4,473,Influenza A/H3,2024,21,2024-05-26,2023/24,512,Post-pandemic,344,168
-0.14661945916895336,-0.19601267346295792,-0.09867247010167901,-0.2918366127547047,-4.991316984154308e-4,0.025,474,Influenza A/H3,2024,22,2024-06-02,2023/24,519,Post-pandemic,344,175
-0.06281349192588825,-0.10176466410986817,-0.023324519152473577,-0.17919921773448735,0.05909574734164628,0.151,475,Influenza A/H3,2024,23,2024-06-09,2023/24,526,Post-pandemic,344,182
0.06049856253534047,0.019622328978073478,0.10069585675307513,-0.054200014290950005,0.17648647667304182,0.851,476,Influenza A/H3,2024,24,2024-06-16,2023/24,533,Post-pandemic,344,189
0.14971178625456272,0.10237079789062187,0.20100732528204035,0.008327397299825193,0.2988431781575243,0.9796666666666667,477,Influenza A/H3,2024,25,2024-06-23,2023/24,540,Post-pandemic,344,196
0.19351896043880057,0.15132639719704977,0.23468200184651655,0.07296049222415157,0.3136747631641107,1,478,Influenza A/H3,2024,26,2024-06-30,2023/24,547,Post-pandemic,344,203
0.18988451847650412,0.1506781927144114,0.22870768306221412,0.07624542728209116,0.3003726797184906,0.9996666666666667,479,Influenza A/H3,2024,27,2024-07-07,2024/25,189,Post-pandemic,343,-154
0.1540617497157677,0.1055135819748858,0.1980763451340195,0.020877247911070818,0.2837654131321375,0.9883333333333333,480,Influenza A/H3,2024,28,2024-07-14,2024/25,196,Post-pandemic,343,-147
0.0837139428121092,0.048205755875358136,0.12002982894751457,-0.02108049895376156,0.19344150115028014,0.935,481,Influenza A/H3,2024,29,2024-07-21,2024/25,203,Post-pandemic,343,-140
-0.00465721091592064,-0.040373674101817025,0.031845516098683024,-0.10446401423467504,0.09966010812103494,0.4726666666666667,482,Influenza A/H3,2024,30,2024-07-28,2024/25,210,Post-pandemic,343,-133
-0.06448843448812358,-0.10948908136404456,-0.017853694220702154,-0.18742805322236883,0.06516036121925686,0.17366666666666666,483,Influenza A/H3,2024,31,2024-08-04,2024/25,217,Post-pandemic,343,-126
-0.08503272774670645,-0.1199777717029118,-0.04768786287087101,-0.18521060699149683,0.01859957280458156,0.058,484,Influenza A/H3,2024,32,2024-08-11,2024/25,224,Post-pandemic,343,-119
-0.06859497027290873,-0.10585240070828528,-0.031647639267750494,-0.17368081050875278,0.035881950535341336,0.10666666666666667,485,Influenza A/H3,2024,33,2024-08-18,2024/25,231,Post-pandemic,343,-112
-0.03912453225297163,-0.08286535498459235,0.008162247708460635,-0.1631233492484673,0.089620706707761,0.28533333333333333,486,Influenza A/H3,2024,34,2024-08-25,2024/25,238,Post-pandemic,343,-105
0.0023789117727974762,-0.03239646032630006,0.03931426619435818,-0.09763619906778842,0.10550022126390078,0.5196666666666667,487,Influenza A/H3,2024,35,2024-09-01,2024/25,245,Post-pandemic,343,-98
0.05337347597750863,0.016939490257333656,0.08769248194354229,-0.05258061284629571,0.15014678032237727,0.8473333333333334,488,Influenza A/H3,2024,36,2024-09-08,2024/25,252,Post-pandemic,343,-91
0.0983181169532723,0.054070772878751505,0.1441046348254038,-0.032864661002085314,0.22557550796185397,0.929,489,Influenza A/H3,2024,37,2024-09-15,2024/25,259,Post-pandemic,343,-84
0.1373686053572576,0.09972938469556647,0.17331055486329627,0.03746336167744444,0.2400293046771414,0.996,490,Influenza A/H3,2024,38,2024-09-22,2024/25,266,Post-pandemic,343,-77
0.1677586746113917,0.1376866265826331,0.19922575374253104,0.07575903378127187,0.25795380380498517,1,491,Influenza A/H3,2024,39,2024-09-29,2024/25,273,Post-pandemic,343,-70
0.18048468225912728,0.1409751496887517,0.21891146938865713,0.06897072194053032,0.2953603670430115,0.9993333333333333,492,Influenza A/H3,2024,40,2024-10-06,2024/25,280,Post-pandemic,343,-63
0.1724780485649675,0.14101862131396503,0.20423635419731112,0.08696166435820532,0.26689159356347086,1,493,Influenza A/H3,2024,41,2024-10-13,2024/25,287,Post-pandemic,343,-56
0.15262556766375868,0.12459529441488204,0.17788948886925215,0.07374485414495541,0.22558873659168563,1,494,Influenza A/H3,2024,42,2024-10-20,2024/25,294,Post-pandemic,343,-49
0.1389570110111471,0.10492308892933222,0.17342662789532848,0.04159243418608729,0.2299760817569271,0.999,495,Influenza A/H3,2024,43,2024-10-27,2024/25,301,Post-pandemic,343,-42
0.13955973935472743,0.1142497987408444,0.1658251470169254,0.06866475800737096,0.21461860416835143,1,496,Influenza A/H3,2024,44,2024-11-03,2024/25,308,Post-pandemic,343,-35
0.16296188869629047,0.1434153151857771,0.18185565571785145,0.10712462237993958,0.217170896287854,1,497,Influenza A/H3,2024,45,2024-11-10,2024/25,315,Post-pandemic,343,-28
0.22792527147327224,0.20250657818432338,0.25573820863500174,0.15369275631201573,0.3050147756001319,1,498,Influenza A/H3,2024,46,2024-11-17,2024/25,322,Post-pandemic,343,-21
0.3436812450635425,0.32315718055492204,0.3660768613622778,0.28448011403780066,0.40931929771744,1,499,Influenza A/H3,2024,47,2024-11-24,2024/25,329,Post-pandemic,343,-14
0.48196149975860925,0.4684116585367777,0.4948814154595378,0.442893470763813,0.5198418492059256,1,500,Influenza A/H3,2024,48,2024-12-01,2024/25,336,Post-pandemic,343,-7
0.527612432841865,0.5099158901067655,0.545008838803194,0.4738205512877502,0.5789553814581352,1,501,Influenza A/H3,2024,49,2024-12-08,2024/25,343,Post-pandemic,343,0
0.45373899273938534,0.43958914757110756,0.4683689380014222,0.41137750205825113,0.4957264902407215,1,502,Influenza A/H3,2024,50,2024-12-15,2024/25,350,Post-pandemic,343,7
0.28280849969313504,0.2729370779630118,0.29197998133289627,0.2552131883386322,0.31029514818470605,1,503,Influenza A/H3,2024,51,2024-12-22,2024/25,357,Post-pandemic,343,14
0.10318596299441474,0.08993528080604829,0.11609784718569616,0.0672336946154211,0.1400540082165477,1,504,Influenza A/H3,2024,52,2024-12-29,2024/25,364,Post-pandemic,343,21
-0.06285260762272316,-0.07285883513005764,-0.05277133864415173,-0.0901706025236924,-0.03471170832746213,0,505,Influenza A/H3,2024,1,2025-01-05,2024/25,370,Post-pandemic,343,27
-0.2060753185283808,-0.21694099171269698,-0.19525317868613623,-0.23607185008884796,-0.17622011814894947,0,506,Influenza A/H3,2025,2,2025-01-12,2024/25,377,Post-pandemic,343,34
-0.29274825960163486,-0.3066724644877352,-0.2780884794626379,-0.33151713942695854,-0.2531920616060868,0,507,Influenza A/H3,2025,3,2025-01-19,2024/25,384,Post-pandemic,343,41
-0.3133400523844099,-0.32379343827059826,-0.3031407237660404,-0.3424264427812396,-0.28465572494196184,0,508,Influenza A/H3,2025,4,2025-01-26,2024/25,391,Post-pandemic,343,48
-0.2796580994664648,-0.29430961499253794,-0.26609085691912027,-0.32012687469253925,-0.23948863720317878,0,509,Influenza A/H3,2025,5,2025-02-02,2024/25,398,Post-pandemic,343,55
-0.23807925358284265,-0.25552753378331294,-0.2209307016208315,-0.28857687443891994,-0.187004044351117,0,510,Influenza A/H3,2025,6,2025-02-09,2024/25,405,Post-pandemic,343,62
-0.19906963657464427,-0.2123442895569534,-0.18592441072313903,-0.23671703736823077,-0.16183343661917715,0,511,Influenza A/H3,2025,7,2025-02-16,2024/25,412,Post-pandemic,343,69
-0.16406149228403688,-0.18222112447087957,-0.1451353817262666,-0.2183569875897515,-0.11139282255940053,0,512,Influenza A/H3,2025,8,2025-02-23,2024/25,419,Post-pandemic,343,76
-0.1344720282138998,-0.15700642108562723,-0.11064032623920883,-0.2018157109740883,-0.06802355016977177,0,513,Influenza A/H3,2025,9,2025-03-02,2024/25,426,Post-pandemic,343,83
-0.11092409133066017,-0.126774931932512,-0.09353110387756502,-0.15850436795740286,-0.06305161098937812,0,514,Influenza A/H3,2025,10,2025-03-09,2024/25,433,Post-pandemic,343,90
-0.09403996889948907,-0.11611946133050366,-0.07208211263488051,-0.15800018667458796,-0.03378463874080231,0.001,515,Influenza A/H3,2025,11,2025-03-16,2024/25,440,Post-pandemic,343,97
-0.09104962830599606,-0.12036466329932782,-0.06502347785523277,-0.1771081087594858,-0.011572577349566425,0.015666666666666666,516,Influenza A/H3,2025,12,2025-03-23,2024/25,447,Post-pandemic,343,104
-0.10495829648006483,-0.12583264365444613,-0.08490446736827484,-0.16723626698992136,-0.04670245595376178,6.666666666666666e-4,517,Influenza A/H3,2025,13,2025-03-30,2024/25,454,Post-pandemic,343,111
-0.13101770563026705,-0.15539192478645902,-0.10665187431743806,-0.20080699383546818,-0.06394086783989754,0,518,Influenza A/H3,2025,14,2025-04-06,2024/25,461,Post-pandemic,343,118
-0.15772776285684786,-0.1883858915960388,-0.12479900309363834,-0.2464291462158512,-0.06506697079810969,0,519,Influenza A/H3,2025,15,2025-04-13,2024/25,468,Post-pandemic,343,125
-0.18034931290968625,-0.20448828338246017,-0.15582254992806766,-0.2550233305169031,-0.1072849969516722,0,520,Influenza A/H3,2025,16,2025-04-20,2024/25,475,Post-pandemic,343,132
-0.19863053117368956,-0.22720703020389377,-0.17045457590664714,-0.2824304884306943,-0.11706838741035488,0,521,Influenza A/H3,2025,17,2025-04-27,2024/25,482,Post-pandemic,343,139
-0.20890474810097137,-0.2456335469100479,-0.17280957465381097,-0.30967121092776384,-0.10607239625167995,0,522,Influenza A/H3,2025,18,2025-05-04,2024/25,489,Post-pandemic,343,146
-0.20779567418301292,-0.2378900412043501,-0.1802803276267353,-0.29243589527670183,-0.126530311313889,0,523,Influenza A/H3,2025,19,2025-05-11,2024/25,496,Post-pandemic,343,153
-0.19622146875809676,-0.23283390311673569,-0.16236436556819167,-0.3045291967244234,-0.09316031259052934,3.333333333333333e-4,524,Influenza A/H3,2025,20,2025-05-18,2024/25,503,Post-pandemic,343,160
-0.17057948404665169,-0.21703575384037443,-0.12741723802325988,-0.2996802987598892,-0.0422087289010023,0.0033333333333333335,525,Influenza A/H3,2025,21,2025-05-25,2024/25,510,Post-pandemic,343,167
-0.13076164906647225,-0.16553632103206373,-0.09515147420851022,-0.23255550280228804,-0.031122934710644465,0.006,526,Influenza A/H3,2025,22,2025-06-01,2024/25,517,Post-pandemic,343,174
-0.08054749447997489,-0.12195477713859937,-0.043604495382622455,-0.19892191296750578,0.0282326879845868,0.076,527,Influenza A/H3,2025,23,2025-06-08,2024/25,524,Post-pandemic,343,181
-0.05378922858029345,-0.10582833464063501,-0.005245081771879434,-0.2004524910450736,0.08556601882016213,0.22933333333333333,528,Influenza A/H3,2025,24,2025-06-15,2024/25,531,Post-pandemic,343,188
-0.057805791366595916,-0.10008239056896251,-0.017837206033721298,-0.1743374888400804,0.05868245030638793,0.17,529,Influenza A/H3,2025,25,2025-06-22,2024/25,538,Post-pandemic,343,195
-0.08082176705261723,-0.12391952041252119,-0.03962643528420351,-0.20890455494808746,0.03840127905281141,0.09666666666666666,530,Influenza A/H3,2025,26,2025-06-29,2024/25,545,Post-pandemic,343,202
-0.0963155965496707,-0.14948441377522204,-0.04366235168411814,-0.24564781177966885,0.05044003875087669,0.10433333333333333,531,Influenza A/H3,2025,27,2025-07-06,2025/26,187,Current season,278,-91
-0.0948164630703463,-0.13798055224395123,-0.05046395566853734,-0.2158995584178429,0.02999705122702954,0.07,532,Influenza A/H3,2025,28,2025-07-13,2025/26,194,Current season,278,-84
-0.07756833367751925,-0.12127925627182323,-0.0316018335372219,-0.20677585842800056,0.055238654906419986,0.12,533,Influenza A/H3,2025,29,2025-07-20,2025/26,201,Current season,278,-77
-0.058411286138732255,-0.11244259968598813,-0.002426939128245653,-0.2159257181877795,0.10031714330280088,0.23933333333333334,534,Influenza A/H3,2025,30,2025-07-27,2025/26,208,Current season,278,-70
-0.03874067100124057,-0.08579880725251665,0.00895454195912615,-0.1684041546881102,0.09982806091146755,0.29033333333333333,535,Influenza A/H3,2025,31,2025-08-03,2025/26,215,Current season,278,-63
-0.01669316195249504,-0.06254931958033372,0.028269189027074093,-0.15259108459068405,0.11418712391883477,0.394,536,Influenza A/H3,2025,32,2025-08-10,2025/26,222,Current season,278,-56
0.0019404456207232634,-0.05181445527885464,0.05710304589721549,-0.1548084767010576,0.16277523921992101,0.5133333333333333,537,Influenza A/H3,2025,33,2025-08-17,2025/26,229,Current season,278,-49
0.024266509220730814,-0.021266445528738354,0.06776312376965832,-0.1038101524397943,0.15567417955311363,0.6306666666666667,538,Influenza A/H3,2025,34,2025-08-24,2025/26,236,Current season,278,-42
0.05281114781825247,0.011530857978474307,0.09317131153375846,-0.06425170578388677,0.17137714273199514,0.8076666666666666,539,Influenza A/H3,2025,35,2025-08-31,2025/26,243,Current season,278,-35
0.12274888974582732,0.07195934609584298,0.17342755138170407,-0.017932591551197107,0.26839568004645786,0.9473333333333334,540,Influenza A/H3,2025,36,2025-09-07,2025/26,250,Current season,278,-28
0.23844695682739525,0.1985446995615454,0.27819502105529126,0.12563951377518193,0.3573136647378886,1,541,Influenza A/H3,2025,37,2025-09-14,2025/26,257,Current season,278,-21
0.3826552664663412,0.3507904303761815,0.41584642518028225,0.2829924116208864,0.47993802587978607,1,542,Influenza A/H3,2025,38,2025-09-21,2025/26,264,Current season,278,-14
0.47100962533170776,0.43196209262305185,0.5116308317060583,0.3545712361039429,0.5949502937373844,1,543,Influenza A/H3,2025,39,2025-09-28,2025/26,271,Current season,278,-7
0.4838710814066922,0.4523085644182996,0.5167369367849426,0.3884531972903313,0.5807384584899575,1,544,Influenza A/H3,2025,40,2025-10-05,2025/26,278,Current season,278,0
0.4349055369328325,0.40847244996469567,0.4624328036648724,0.3527573717096429,0.5118072611638292,1,545,Influenza A/H3,2025,41,2025-10-12,2025/26,285,Current season,278,7
0.37457666199287054,0.3448912783412883,0.40585635001723985,0.28319215315155766,0.4678233480089023,1,546,Influenza A/H3,2025,42,2025-10-19,2025/26,292,Current season,278,14
0.3184034200517809,0.2929028522907642,0.3428093641662009,0.2439583704748574,0.3902624889742917,1,547,Influenza A/H3,2025,43,2025-10-26,2025/26,299,Current season,278,21
0.26683655348405644,0.2149166604937076,0.31550345344385167,0.11856407184672946,0.40926951373479675,0.9996666666666667,548,Influenza A/H3,2025,44,2025-11-02,2025/26,306,Current season,278,28
