i,name,Age,value,Date
89,fluB,5,0,08/09/2025
89,H1,5,0,08/09/2025
89,H3,5,0,08/09/2025
89,A,5,0,08/09/2025
90,fluB,5,0,15/09/2025
90,H1,5,0,15/09/2025
90,H3,5,0,15/09/2025
90,A,5,0,15/09/2025
91,fluB,5,0,22/09/2025
91,H1,5,0,22/09/2025
91,H3,5,0,22/09/2025
91,A,5,0,22/09/2025
92,fluB,5,0,29/09/2025
92,H1,5,0.01,29/09/2025
92,H3,5,0.02,29/09/2025
92,A,5,0,29/09/2025
93,fluB,5,0,06/10/2025
93,H1,5,0.01,06/10/2025
93,H3,5,0.05,06/10/2025
93,A,5,0,06/10/2025
94,fluB,5,0,13/10/2025
94,H1,5,0.01,13/10/2025
94,H3,5,0.15,13/10/2025
94,A,5,0.01,13/10/2025
95,fluB,5,0,20/10/2025
95,H1,5,0.04,20/10/2025
95,H3,5,0.28,20/10/2025
95,A,5,0.02,20/10/2025
96,fluB,5,0,27/10/2025
96,H1,5,0.01,27/10/2025
96,H3,5,0.3,27/10/2025
96,A,5,0,27/10/2025
97,fluB,5,0,03/11/2025
97,H1,5,0,03/11/2025
97,H3,5,0.13,03/11/2025
97,A,5,0,03/11/2025
98,fluB,5,0,10/11/2025
98,H1,5,0.01,10/11/2025
98,H3,5,0.26,10/11/2025
98,A,5,0.01,10/11/2025
99,fluB,5,0,17/11/2025
99,H1,5,0,17/11/2025
99,H3,5,0.31,17/11/2025
99,A,5,0.01,17/11/2025
100,fluB,5,0.02,24/11/2025
100,H1,5,0,24/11/2025
100,H3,5,0.52,24/11/2025
100,A,5,0.01,24/11/2025
101,fluB,5,0,01/12/2025
101,H1,5,0,01/12/2025
101,H3,5,0.54,01/12/2025
101,A,5,0,01/12/2025
102,fluB,5,0,08/12/2025
102,H1,5,0.01,08/12/2025
102,H3,5,0.65,08/12/2025
102,A,5,0,08/12/2025
103,fluB,5,0.02,15/12/2025
103,H1,5,0.01,15/12/2025
103,H3,5,0.44,15/12/2025
103,A,5,0,15/12/2025
104,fluB,5,0,22/12/2025
104,H1,5,0,22/12/2025
104,H3,5,0.14,22/12/2025
104,A,5,0.01,22/12/2025
105,fluB,5,0,29/12/2025
105,H1,5,0,29/12/2025
105,H3,5,0.08,29/12/2025
105,A,5,0.01,29/12/2025
106,fluB,5,0,05/01/2026
106,H1,5,0.01,05/01/2026
106,H3,5,0.08,05/01/2026
106,A,5,0,05/01/2026
107,fluB,5,0,12/01/2026
107,H1,5,0.03,12/01/2026
107,H3,5,0.07,12/01/2026
107,A,5,0.01,12/01/2026
108,fluB,5,0,19/01/2026
108,H1,5,0.01,19/01/2026
108,H3,5,0.1,19/01/2026
108,A,5,0,19/01/2026
109,fluB,5,0.01,26/01/2026
109,H1,5,0.01,26/01/2026
109,H3,5,0.1,26/01/2026
109,A,5,0.01,26/01/2026
110,fluB,5,0.02,02/02/2026
110,H1,5,0,02/02/2026
110,H3,5,0.05,02/02/2026
110,A,5,0,02/02/2026
111,fluB,5,0,09/02/2026
111,H1,5,0,09/02/2026
111,H3,5,0.02,09/02/2026
111,A,5,0,09/02/2026
112,fluB,5,0.01,16/02/2026
112,H1,5,0,16/02/2026
112,H3,5,0,16/02/2026
112,A,5,0,16/02/2026
113,fluB,5,0.01,23/02/2026
113,H1,5,0,23/02/2026
113,H3,5,0.02,23/02/2026
113,A,5,0,23/02/2026
114,fluB,5,0,02/03/2026
114,H1,5,0,02/03/2026
114,H3,5,0.01,02/03/2026
114,A,5,0,02/03/2026
115,fluB,5,0,09/03/2026
115,H1,5,0.02,09/03/2026
115,H3,5,0,09/03/2026
115,A,5,0,09/03/2026
116,fluB,5,0,16/03/2026
116,H1,5,0.01,16/03/2026
116,H3,5,0.01,16/03/2026
116,A,5,0,16/03/2026
117,fluB,5,0,23/03/2026
117,H1,5,0,23/03/2026
117,H3,5,0,23/03/2026
117,A,5,0,23/03/2026
118,fluB,5,0.01,30/03/2026
118,H1,5,0,30/03/2026
118,H3,5,0,30/03/2026
118,A,5,0,30/03/2026
89,fluB,<5,0,08/09/2025
89,H1,<5,0,08/09/2025
89,H3,<5,0,08/09/2025
89,A,<5,0,08/09/2025
90,fluB,<5,0,15/09/2025
90,H1,<5,0.01,15/09/2025
90,H3,<5,0.01,15/09/2025
90,A,<5,0,15/09/2025
91,fluB,<5,0,22/09/2025
91,H1,<5,0,22/09/2025
91,H3,<5,0,22/09/2025
91,A,<5,0,22/09/2025
92,fluB,<5,0,29/09/2025
92,H1,<5,0,29/09/2025
92,H3,<5,0,29/09/2025
92,A,<5,0,29/09/2025
93,fluB,<5,0,06/10/2025
93,H1,<5,0.01,06/10/2025
93,H3,<5,0.05,06/10/2025
93,A,<5,0,06/10/2025
94,fluB,<5,0,13/10/2025
94,H1,<5,0.02,13/10/2025
94,H3,<5,0.02,13/10/2025
94,A,<5,0.01,13/10/2025
95,fluB,<5,0,20/10/2025
95,H1,<5,0,20/10/2025
95,H3,<5,0.03,20/10/2025
95,A,<5,0,20/10/2025
96,fluB,<5,0,27/10/2025
96,H1,<5,0.02,27/10/2025
96,H3,<5,0.11,27/10/2025
96,A,<5,0,27/10/2025
97,fluB,<5,0,03/11/2025
97,H1,<5,0,03/11/2025
97,H3,<5,0.13,03/11/2025
97,A,<5,0,03/11/2025
98,fluB,<5,0,10/11/2025
98,H1,<5,0.01,10/11/2025
98,H3,<5,0.14,10/11/2025
98,A,<5,0,10/11/2025
99,fluB,<5,0.01,17/11/2025
99,H1,<5,0,17/11/2025
99,H3,<5,0.13,17/11/2025
99,A,<5,0,17/11/2025
100,fluB,<5,0,24/11/2025
100,H1,<5,0.01,24/11/2025
100,H3,<5,0.26,24/11/2025
100,A,<5,0,24/11/2025
101,fluB,<5,0,01/12/2025
101,H1,<5,0,01/12/2025
101,H3,<5,0.15,01/12/2025
101,A,<5,0.01,01/12/2025
102,fluB,<5,0,08/12/2025
102,H1,<5,0,08/12/2025
102,H3,<5,0.26,08/12/2025
102,A,<5,0,08/12/2025
103,fluB,<5,0,15/12/2025
103,H1,<5,0.02,15/12/2025
103,H3,<5,0.34,15/12/2025
103,A,<5,0,15/12/2025
104,fluB,<5,0,22/12/2025
104,H1,<5,0,22/12/2025
104,H3,<5,0.1,22/12/2025
104,A,<5,0,22/12/2025
105,fluB,<5,0,29/12/2025
105,H1,<5,0.01,29/12/2025
105,H3,<5,0.08,29/12/2025
105,A,<5,0,29/12/2025
106,fluB,<5,0,05/01/2026
106,H1,<5,0,05/01/2026
106,H3,<5,0.07,05/01/2026
106,A,<5,0.02,05/01/2026
107,fluB,<5,0,12/01/2026
107,H1,<5,0,12/01/2026
107,H3,<5,0.05,12/01/2026
107,A,<5,0,12/01/2026
108,fluB,<5,0,19/01/2026
108,H1,<5,0.01,19/01/2026
108,H3,<5,0.04,19/01/2026
108,A,<5,0,19/01/2026
109,fluB,<5,0,26/01/2026
109,H1,<5,0.02,26/01/2026
109,H3,<5,0.04,26/01/2026
109,A,<5,0,26/01/2026
110,fluB,<5,0,02/02/2026
110,H1,<5,0,02/02/2026
110,H3,<5,0.03,02/02/2026
110,A,<5,0,02/02/2026
111,fluB,<5,0,09/02/2026
111,H1,<5,0.01,09/02/2026
111,H3,<5,0.01,09/02/2026
111,A,<5,0,09/02/2026
112,fluB,<5,0,16/02/2026
112,H1,<5,0,16/02/2026
112,H3,<5,0.03,16/02/2026
112,A,<5,0,16/02/2026
113,fluB,<5,0,23/02/2026
113,H1,<5,0.01,23/02/2026
113,H3,<5,0,23/02/2026
113,A,<5,0,23/02/2026
114,fluB,<5,0,02/03/2026
114,H1,<5,0.02,02/03/2026
114,H3,<5,0,02/03/2026
114,A,<5,0,02/03/2026
115,fluB,<5,0,09/03/2026
115,H1,<5,0,09/03/2026
115,H3,<5,0,09/03/2026
115,A,<5,0,09/03/2026
116,fluB,<5,0,16/03/2026
116,H1,<5,0,16/03/2026
116,H3,<5,0,16/03/2026
116,A,<5,0,16/03/2026
117,fluB,<5,0,23/03/2026
117,H1,<5,0,23/03/2026
117,H3,<5,0,23/03/2026
117,A,<5,0,23/03/2026
118,fluB,<5,0,30/03/2026
118,H1,<5,0,30/03/2026
118,H3,<5,0,30/03/2026
118,A,<5,0,30/03/2026
89,fluB,18,0,08/09/2025
89,H1,18,0,08/09/2025
89,H3,18,0.03,08/09/2025
89,A,18,0,08/09/2025
90,fluB,18,0,15/09/2025
90,H1,18,0,15/09/2025
90,H3,18,0,15/09/2025
90,A,18,0,15/09/2025
91,fluB,18,0,22/09/2025
91,H1,18,0.01,22/09/2025
91,H3,18,0.02,22/09/2025
91,A,18,0,22/09/2025
92,fluB,18,0.02,29/09/2025
92,H1,18,0.04,29/09/2025
92,H3,18,0.05,29/09/2025
92,A,18,0,29/09/2025
93,fluB,18,0,06/10/2025
93,H1,18,0.04,06/10/2025
93,H3,18,0.08,06/10/2025
93,A,18,0,06/10/2025
94,fluB,18,0,13/10/2025
94,H1,18,0.07,13/10/2025
94,H3,18,0.11,13/10/2025
94,A,18,0,13/10/2025
95,fluB,18,0,20/10/2025
95,H1,18,0.04,20/10/2025
95,H3,18,0.24,20/10/2025
95,A,18,0.01,20/10/2025
96,fluB,18,0,27/10/2025
96,H1,18,0.06,27/10/2025
96,H3,18,0.3,27/10/2025
96,A,18,0,27/10/2025
97,fluB,18,0,03/11/2025
97,H1,18,0.03,03/11/2025
97,H3,18,0.35,03/11/2025
97,A,18,0,03/11/2025
98,fluB,18,0,10/11/2025
98,H1,18,0.04,10/11/2025
98,H3,18,0.3,10/11/2025
98,A,18,0,10/11/2025
99,fluB,18,0,17/11/2025
99,H1,18,0.05,17/11/2025
99,H3,18,0.47,17/11/2025
99,A,18,0,17/11/2025
100,fluB,18,0,24/11/2025
100,H1,18,0.08,24/11/2025
100,H3,18,0.61,24/11/2025
100,A,18,0.02,24/11/2025
101,fluB,18,0,01/12/2025
101,H1,18,0.07,01/12/2025
101,H3,18,1.16,01/12/2025
101,A,18,0.02,01/12/2025
102,fluB,18,0,08/12/2025
102,H1,18,0.07,08/12/2025
102,H3,18,1.12,08/12/2025
102,A,18,0.01,08/12/2025
103,fluB,18,0,15/12/2025
103,H1,18,0.1,15/12/2025
103,H3,18,1.14,15/12/2025
103,A,18,0.03,15/12/2025
104,fluB,18,0,22/12/2025
104,H1,18,0.03,22/12/2025
104,H3,18,0.67,22/12/2025
104,A,18,0.03,22/12/2025
105,fluB,18,0,29/12/2025
105,H1,18,0.08,29/12/2025
105,H3,18,0.51,29/12/2025
105,A,18,0.02,29/12/2025
106,fluB,18,0.02,05/01/2026
106,H1,18,0.11,05/01/2026
106,H3,18,0.68,05/01/2026
106,A,18,0,05/01/2026
107,fluB,18,0.01,12/01/2026
107,H1,18,0.12,12/01/2026
107,H3,18,0.28,12/01/2026
107,A,18,0.03,12/01/2026
108,fluB,18,0.02,19/01/2026
108,H1,18,0.16,19/01/2026
108,H3,18,0.34,19/01/2026
108,A,18,0.02,19/01/2026
109,fluB,18,0,26/01/2026
109,H1,18,0.06,26/01/2026
109,H3,18,0.13,26/01/2026
109,A,18,0.01,26/01/2026
110,fluB,18,0.01,02/02/2026
110,H1,18,0.07,02/02/2026
110,H3,18,0.11,02/02/2026
110,A,18,0.01,02/02/2026
111,fluB,18,0.01,09/02/2026
111,H1,18,0.04,09/02/2026
111,H3,18,0.12,09/02/2026
111,A,18,0.01,09/02/2026
112,fluB,18,0,16/02/2026
112,H1,18,0.03,16/02/2026
112,H3,18,0.04,16/02/2026
112,A,18,0,16/02/2026
113,fluB,18,0.01,23/02/2026
113,H1,18,0.06,23/02/2026
113,H3,18,0.01,23/02/2026
113,A,18,0,23/02/2026
114,fluB,18,0,02/03/2026
114,H1,18,0.01,02/03/2026
114,H3,18,0.04,02/03/2026
114,A,18,0,02/03/2026
115,fluB,18,0,09/03/2026
115,H1,18,0.02,09/03/2026
115,H3,18,0.01,09/03/2026
115,A,18,0,09/03/2026
116,fluB,18,0.01,16/03/2026
116,H1,18,0.01,16/03/2026
116,H3,18,0,16/03/2026
116,A,18,0,16/03/2026
117,fluB,18,0.01,23/03/2026
117,H1,18,0.05,23/03/2026
117,H3,18,0.02,23/03/2026
117,A,18,0,23/03/2026
118,fluB,18,0,30/03/2026
118,H1,18,0,30/03/2026
118,H3,18,0,30/03/2026
118,A,18,0.01,30/03/2026
89,fluB,65+,0,08/09/2025
89,H1,65+,0,08/09/2025
89,H3,65+,0.02,08/09/2025
89,A,65+,0,08/09/2025
90,fluB,65+,0,15/09/2025
90,H1,65+,0,15/09/2025
90,H3,65+,0,15/09/2025
90,A,65+,0,15/09/2025
91,fluB,65+,0,22/09/2025
91,H1,65+,0.01,22/09/2025
91,H3,65+,0,22/09/2025
91,A,65+,0,22/09/2025
92,fluB,65+,0,29/09/2025
92,H1,65+,0.03,29/09/2025
92,H3,65+,0,29/09/2025
92,A,65+,0,29/09/2025
93,fluB,65+,0,06/10/2025
93,H1,65+,0.02,06/10/2025
93,H3,65+,0.01,06/10/2025
93,A,65+,0,06/10/2025
94,fluB,65+,0,13/10/2025
94,H1,65+,0.04,13/10/2025
94,H3,65+,0,13/10/2025
94,A,65+,0,13/10/2025
95,fluB,65+,0,20/10/2025
95,H1,65+,0.06,20/10/2025
95,H3,65+,0.06,20/10/2025
95,A,65+,0,20/10/2025
96,fluB,65+,0,27/10/2025
96,H1,65+,0,27/10/2025
96,H3,65+,0.03,27/10/2025
96,A,65+,0,27/10/2025
97,fluB,65+,0,03/11/2025
97,H1,65+,0.04,03/11/2025
97,H3,65+,0.08,03/11/2025
97,A,65+,0,03/11/2025
98,fluB,65+,0,10/11/2025
98,H1,65+,0,10/11/2025
98,H3,65+,0.1,10/11/2025
98,A,65+,0,10/11/2025
99,fluB,65+,0,17/11/2025
99,H1,65+,0.01,17/11/2025
99,H3,65+,0.12,17/11/2025
99,A,65+,0.01,17/11/2025
100,fluB,65+,0,24/11/2025
100,H1,65+,0.01,24/11/2025
100,H3,65+,0.11,24/11/2025
100,A,65+,0,24/11/2025
101,fluB,65+,0,01/12/2025
101,H1,65+,0.01,01/12/2025
101,H3,65+,0.29,01/12/2025
101,A,65+,0,01/12/2025
102,fluB,65+,0,08/12/2025
102,H1,65+,0,08/12/2025
102,H3,65+,0.36,08/12/2025
102,A,65+,0.03,08/12/2025
103,fluB,65+,0,15/12/2025
103,H1,65+,0.04,15/12/2025
103,H3,65+,0.27,15/12/2025
103,A,65+,0,15/12/2025
104,fluB,65+,0,22/12/2025
104,H1,65+,0.01,22/12/2025
104,H3,65+,0.25,22/12/2025
104,A,65+,0,22/12/2025
105,fluB,65+,0,29/12/2025
105,H1,65+,0.01,29/12/2025
105,H3,65+,0.21,29/12/2025
105,A,65+,0,29/12/2025
106,fluB,65+,0,05/01/2026
106,H1,65+,0.01,05/01/2026
106,H3,65+,0.15,05/01/2026
106,A,65+,0,05/01/2026
107,fluB,65+,0,12/01/2026
107,H1,65+,0.03,12/01/2026
107,H3,65+,0.15,12/01/2026
107,A,65+,0.01,12/01/2026
108,fluB,65+,0,19/01/2026
108,H1,65+,0.02,19/01/2026
108,H3,65+,0.1,19/01/2026
108,A,65+,0.02,19/01/2026
109,fluB,65+,0,26/01/2026
109,H1,65+,0.04,26/01/2026
109,H3,65+,0.06,26/01/2026
109,A,65+,0.01,26/01/2026
110,fluB,65+,0,02/02/2026
110,H1,65+,0.01,02/02/2026
110,H3,65+,0.08,02/02/2026
110,A,65+,0,02/02/2026
111,fluB,65+,0,09/02/2026
111,H1,65+,0.01,09/02/2026
111,H3,65+,0.04,09/02/2026
111,A,65+,0,09/02/2026
112,fluB,65+,0,16/02/2026
112,H1,65+,0,16/02/2026
112,H3,65+,0,16/02/2026
112,A,65+,0,16/02/2026
113,fluB,65+,0,23/02/2026
113,H1,65+,0,23/02/2026
113,H3,65+,0.01,23/02/2026
113,A,65+,0,23/02/2026
114,fluB,65+,0,02/03/2026
114,H1,65+,0,02/03/2026
114,H3,65+,0.02,02/03/2026
114,A,65+,0,02/03/2026
115,fluB,65+,0,09/03/2026
115,H1,65+,0.03,09/03/2026
115,H3,65+,0.01,09/03/2026
115,A,65+,0,09/03/2026
116,fluB,65+,0,16/03/2026
116,H1,65+,0.03,16/03/2026
116,H3,65+,0.01,16/03/2026
116,A,65+,0,16/03/2026
117,fluB,65+,0,23/03/2026
117,H1,65+,0,23/03/2026
117,H3,65+,0,23/03/2026
117,A,65+,0,23/03/2026
118,fluB,65+,0,30/03/2026
118,H1,65+,0,30/03/2026
118,H3,65+,0,30/03/2026
118,A,65+,0.01,30/03/2026
